# Global statistics file
######################################################
# The quantities are all given in internal units!
#
# (0)  Simulation step
#      Unit = dimensionless
# (1)  Time since Big Bang (cosmological run), Time since start of the simulation (non-cosmological run).
#      Unit = 1.000000e+00 s
#      Unit = 3.168877e-08 yr 
#      Unit = 3.168877e-14 Myr 
# (2)  Scale factor
#      Unit = dimensionless
# (3)  Redshift
#      Unit = dimensionless
# (4)  Total mass in the simulation. 
#      Unit = 1.000000e+03 gram
#      Unit = 5.029144e-31 Msun
# (5)  Total gas mass in the simulation (Particle type 0). 
#      Unit = 1.000000e+03 gram
#      Unit = 5.029144e-31 Msun
# (6)  Total dark matter mass in the simulation (Particle type 1 & 2). 
#      Unit = 1.000000e+03 gram
#      Unit = 5.029144e-31 Msun
# (7)  Total sink mass in the simulation (Particle type 3). 
#      Unit = 1.000000e+03 gram
#      Unit = 5.029144e-31 Msun
# (8)  Total stellar mass in the simulation (Particle type 4). 
#      Unit = 1.000000e+03 gram
#      Unit = 5.029144e-31 Msun
# (9)  Total black hole mass in the simulation (Particle type 5). 
#      Unit = 1.000000e+03 gram
#      Unit = 5.029144e-31 Msun
# (10) Total metal mass in the gas phase. 
#      Unit = 1.000000e+03 gram
#      Unit = 5.029144e-31 Msun
# (11) Total metal mass locked in stars. 
#      Unit = 1.000000e+03 gram
#      Unit = 5.029144e-31 Msun
# (12) Total metal mass locked in black holes. 
#      Unit = 1.000000e+03 gram
#      Unit = 5.029144e-31 Msun
# (13) Total kinetic energy (physical). 
#      Unit = 1.000000e+07 erg
# (14) Total internal (thermal) energy of the gas (physical). 
#      Unit = 1.000000e+07 erg
# (15) Total potential energy (physical). 
#      Unit = 1.000000e+07 erg
# (16) Total radiated energy of the gas (physical). 
#      Unit = 1.000000e+07 erg
# (17) Total gas entropy (physical). 
#      Unit = 1.000000e+09 gram**(0.333) * cm**(4.000) * s**(-2.000)
# (18) Comoving centre of mass of the simulation (x coordinate). 
#      Unit = 1.000000e+02 cm
#      Unit = 3.240779e-17 pc
#      Unit = 3.240779e-23 Mpc
# (19) Comoving centre of mass of the simulation (y coordinate). 
#      Unit = 1.000000e+02 cm
#      Unit = 3.240779e-17 pc
#      Unit = 3.240779e-23 Mpc
# (20) Comoving centre of mass of the simulation (z coordinate). 
#      Unit = 1.000000e+02 cm
#      Unit = 3.240779e-17 pc
#      Unit = 3.240779e-23 Mpc
# (21) Comoving momentum of the simulation (x coordinate). 
#      Unit = 1.000000e+05 gram * cm * s**-1
# (22) Comoving momentum of the simulation (y coordinate). 
#      Unit = 1.000000e+05 gram * cm * s**-1
# (23) Comoving momentum of the simulation (z coordinate). 
#      Unit = 1.000000e+05 gram * cm * s**-1
# (24) Comoving angular momentum of the simulation (x coordinate). 
#      Unit = 1.000000e+07 gram * cm**2 * s**-1
# (25) Comoving angular momentum of the simulation (y coordinate). 
#      Unit = 1.000000e+07 gram * cm**2 * s**-1
# (26) Comoving angular momentum of the simulation (z coordinate). 
#      Unit = 1.000000e+07 gram * cm**2 * s**-1
# (27) Sum of instantaneous accretion rate of all black holes in the simulation. 
#      Unit = 1.000000e+03 gram * s**-1
#      Unit = 1.587043e-23 Msun/yr
# (28)  Total mass accreted by black holes in the simulation (not including mass accreted by progenitors that have merged in the current BHs). 
#      Unit = 1.000000e+03 gram
#      Unit = 5.029144e-31 Msun
# (29)  Total black hole subgrid mass in the simulation. 
#      Unit = 1.000000e+03 gram
#      Unit = 5.029144e-31 Msun
# (30) Total Hydrogen (all species) mass in the gas phase of the simulation. 
#      Unit = 1.000000e+03 gram
#      Unit = 5.029144e-31 Msun
# (31) Total Molecular Hydrogen mass in the gas phase of the simulation. 
#      Unit = 1.000000e+03 gram
#      Unit = 5.029144e-31 Msun
# (32) Total Atomic Hydrogen mass in the gas phase of the simulation. 
#      Unit = 1.000000e+03 gram
#      Unit = 5.029144e-31 Msun
# (33) Total Helium (all species) mass in the gas phase of the simulation. 
#      Unit = 1.000000e+03 gram
#      Unit = 5.029144e-31 Msun
# (34) Total Magnetic Energy B2/(2*mu0) in thesimulation. 
#      Unit = 1.000000e+07 erg
# (35) Total DivB error in thesimulation. 
#      Unit = dimensionless
# (36) Total Cross Helicity :: sum(V.B) in thesimulation. 
#      Unit = 1.000000e+06 gram * cm * s**-3 * A**-1 
# (37) Total Magnetic Helicity :: sum(A.B) in thesimulation. 
#      Unit = 1.000000e-08 gram**2 * cm * s**-4 * A**-2
# (38) Total bolometric luminosity of the BHs. 
#      Unit = 1.000000e+07 erg * s**-1
# (39) Total jet power of the BHs. 
#      Unit = 1.000000e+07 erg * s**-1
#
#           (0)            (1)            (2)            (3)            (4)            (5)            (6)            (7)            (8)            (9)           (10)           (11)           (12)           (13)           (14)           (15)           (16)           (17)           (18)           (19)           (20)           (21)           (22)           (23)           (24)           (25)           (26)           (27)           (28)           (29)           (30)           (31)           (32)           (33)           (34)            (35)            (36)            (37)           (38)            (39) 
#          Step           Time              a              z     Total mass       Gas mass        DM mass      Sink mass      Star mass        BH mass     Gas Z mass    Star Z mass      BH Z mass    Kin. Energy    Int. Energy    Pot. energy    Rad. energy    Gas Entropy          CoM x          CoM y          CoM z         Mom. x         Mom. y         Mom. z    Ang. mom. x    Ang. mom. y    Ang. mom. z   BH acc. rate   BH acc. mass   BH sub. mass     Gas H mass    Gas H2 mass    Gas HI mass    Gas He mass    Mag. Energy        DivB err    Cr. Helicity   Mag. Helicity   BH bol. lum.   BH jet power 
              0   0.000000e+00      1.0000000      0.0000000   5.683000e+26   0.000000e+00   5.683000e+26   0.000000e+00   0.000000e+00   0.000000e+00   0.000000e+00   0.000000e+00   0.000000e+00   4.620270e+23   0.000000e+00  -9.246496e+23   0.000000e+00   0.000000e+00   7.479894e+12   7.479894e+12   7.479894e+12  -1.603806e+18   1.315476e+19   0.000000e+00  -9.839633e+31  -1.199629e+31   1.346656e+33   0.000000e+00   0.000000e+00   0.000000e+00   0.000000e+00   0.000000e+00   0.000000e+00   0.000000e+00   0.000000e+00   0.000000e+00   0.000000e+00   0.000000e+00   0.000000e+00   0.000000e+00
              0   8.640000e+04      1.0000000      0.0000000   5.683000e+26   0.000000e+00   5.683000e+26   0.000000e+00   0.000000e+00   0.000000e+00   0.000000e+00   0.000000e+00   0.000000e+00   4.620270e+23   0.000000e+00  -9.246496e+23   0.000000e+00   0.000000e+00   7.479894e+12   7.479894e+12   7.479894e+12  -1.603807e+18   1.315479e+19   0.000000e+00  -9.839639e+31  -1.199629e+31   1.346657e+33   0.000000e+00   0.000000e+00   0.000000e+00   0.000000e+00   0.000000e+00   0.000000e+00   0.000000e+00   0.000000e+00   0.000000e+00   0.000000e+00   0.000000e+00   0.000000e+00   0.000000e+00
              0   1.728000e+05      1.0000000      0.0000000   5.683000e+26   0.000000e+00   5.683000e+26   0.000000e+00   0.000000e+00   0.000000e+00   0.000000e+00   0.000000e+00   0.000000e+00   4.620270e+23   0.000000e+00  -9.246496e+23   0.000000e+00   0.000000e+00   7.479894e+12   7.479894e+12   7.479894e+12  -1.603799e+18   1.315477e+19   0.000000e+00  -9.839631e+31  -1.199630e+31   1.346656e+33   0.000000e+00   0.000000e+00   0.000000e+00   0.000000e+00   0.000000e+00   0.000000e+00   0.000000e+00   0.000000e+00   0.000000e+00   0.000000e+00   0.000000e+00   0.000000e+00   0.000000e+00
              0   2.592000e+05      1.0000000      0.0000000   5.683000e+26   0.000000e+00   5.683000e+26   0.000000e+00   0.000000e+00   0.000000e+00   0.000000e+00   0.000000e+00   0.000000e+00   4.620270e+23   0.000000e+00  -9.246496e+23   0.000000e+00   0.000000e+00   7.479894e+12   7.479894e+12   7.479894e+12  -1.603802e+18   1.315478e+19   0.000000e+00  -9.839636e+31  -1.199629e+31   1.346657e+33   0.000000e+00   0.000000e+00   0.000000e+00   0.000000e+00   0.000000e+00   0.000000e+00   0.000000e+00   0.000000e+00   0.000000e+00   0.000000e+00   0.000000e+00   0.000000e+00   0.000000e+00
              0   3.456000e+05      1.0000000      0.0000000   5.683000e+26   0.000000e+00   5.683000e+26   0.000000e+00   0.000000e+00   0.000000e+00   0.000000e+00   0.000000e+00   0.000000e+00   4.620270e+23   0.000000e+00  -9.246496e+23   0.000000e+00   0.000000e+00   7.479894e+12   7.479894e+12   7.479894e+12  -1.603798e+18   1.315477e+19   0.000000e+00  -9.839633e+31  -1.199627e+31   1.346656e+33   0.000000e+00   0.000000e+00   0.000000e+00   0.000000e+00   0.000000e+00   0.000000e+00   0.000000e+00   0.000000e+00   0.000000e+00   0.000000e+00   0.000000e+00   0.000000e+00   0.000000e+00
              0   4.320000e+05      1.0000000      0.0000000   5.683000e+26   0.000000e+00   5.683000e+26   0.000000e+00   0.000000e+00   0.000000e+00   0.000000e+00   0.000000e+00   0.000000e+00   4.620271e+23   0.000000e+00  -9.246496e+23   0.000000e+00   0.000000e+00   7.479894e+12   7.479894e+12   7.479894e+12  -1.603798e+18   1.315477e+19   0.000000e+00  -9.839631e+31  -1.199628e+31   1.346657e+33   0.000000e+00   0.000000e+00   0.000000e+00   0.000000e+00   0.000000e+00   0.000000e+00   0.000000e+00   0.000000e+00   0.000000e+00   0.000000e+00   0.000000e+00   0.000000e+00   0.000000e+00
              1   5.184000e+05      1.0000000      0.0000000   5.683000e+26   0.000000e+00   5.683000e+26   0.000000e+00   0.000000e+00   0.000000e+00   0.000000e+00   0.000000e+00   0.000000e+00   4.620270e+23   0.000000e+00  -9.246496e+23   0.000000e+00   0.000000e+00   7.479894e+12   7.479894e+12   7.479894e+12  -1.603792e+18   1.315476e+19   0.000000e+00  -9.839612e+31  -1.199625e+31   1.346656e+33   0.000000e+00   0.000000e+00   0.000000e+00   0.000000e+00   0.000000e+00   0.000000e+00   0.000000e+00   0.000000e+00   0.000000e+00   0.000000e+00   0.000000e+00   0.000000e+00   0.000000e+00
              1   6.048000e+05      1.0000000      0.0000000   5.683000e+26   0.000000e+00   5.683000e+26   0.000000e+00   0.000000e+00   0.000000e+00   0.000000e+00   0.000000e+00   0.000000e+00   4.620270e+23   0.000000e+00  -9.246496e+23   0.000000e+00   0.000000e+00   7.479894e+12   7.479894e+12   7.479894e+12  -1.603808e+18   1.315475e+19   0.000000e+00  -9.839614e+31  -1.199630e+31   1.346656e+33   0.000000e+00   0.000000e+00   0.000000e+00   0.000000e+00   0.000000e+00   0.000000e+00   0.000000e+00   0.000000e+00   0.000000e+00   0.000000e+00   0.000000e+00   0.000000e+00   0.000000e+00
              1   6.912000e+05      1.0000000      0.0000000   5.683000e+26   0.000000e+00   5.683000e+26   0.000000e+00   0.000000e+00   0.000000e+00   0.000000e+00   0.000000e+00   0.000000e+00   4.620270e+23   0.000000e+00  -9.246496e+23   0.000000e+00   0.000000e+00   7.479894e+12   7.479894e+12   7.479894e+12  -1.603804e+18   1.315474e+19   0.000000e+00  -9.839609e+31  -1.199630e+31   1.346656e+33   0.000000e+00   0.000000e+00   0.000000e+00   0.000000e+00   0.000000e+00   0.000000e+00   0.000000e+00   0.000000e+00   0.000000e+00   0.000000e+00   0.000000e+00   0.000000e+00   0.000000e+00
              1   7.776000e+05      1.0000000      0.0000000   5.683000e+26   0.000000e+00   5.683000e+26   0.000000e+00   0.000000e+00   0.000000e+00   0.000000e+00   0.000000e+00   0.000000e+00   4.620270e+23   0.000000e+00  -9.246496e+23   0.000000e+00   0.000000e+00   7.479894e+12   7.479894e+12   7.479894e+12  -1.603815e+18   1.315475e+19   0.000000e+00  -9.839610e+31  -1.199635e+31   1.346656e+33   0.000000e+00   0.000000e+00   0.000000e+00   0.000000e+00   0.000000e+00   0.000000e+00   0.000000e+00   0.000000e+00   0.000000e+00   0.000000e+00   0.000000e+00   0.000000e+00   0.000000e+00
              1   8.640000e+05      1.0000000      0.0000000   5.683000e+26   0.000000e+00   5.683000e+26   0.000000e+00   0.000000e+00   0.000000e+00   0.000000e+00   0.000000e+00   0.000000e+00   4.620271e+23   0.000000e+00  -9.246496e+23   0.000000e+00   0.000000e+00   7.479894e+12   7.479894e+12   7.479894e+12  -1.603800e+18   1.315475e+19   0.000000e+00  -9.839612e+31  -1.199623e+31   1.346656e+33   0.000000e+00   0.000000e+00   0.000000e+00   0.000000e+00   0.000000e+00   0.000000e+00   0.000000e+00   0.000000e+00   0.000000e+00   0.000000e+00   0.000000e+00   0.000000e+00   0.000000e+00
              1   9.504000e+05      1.0000000      0.0000000   5.683000e+26   0.000000e+00   5.683000e+26   0.000000e+00   0.000000e+00   0.000000e+00   0.000000e+00   0.000000e+00   0.000000e+00   4.620271e+23   0.000000e+00  -9.246496e+23   0.000000e+00   0.000000e+00   7.479894e+12   7.479894e+12   7.479894e+12  -1.603804e+18   1.315475e+19   0.000000e+00  -9.839607e+31  -1.199630e+31   1.346656e+33   0.000000e+00   0.000000e+00   0.000000e+00   0.000000e+00   0.000000e+00   0.000000e+00   0.000000e+00   0.000000e+00   0.000000e+00   0.000000e+00   0.000000e+00   0.000000e+00   0.000000e+00
              2   1.036800e+06      1.0000000      0.0000000   5.683000e+26   0.000000e+00   5.683000e+26   0.000000e+00   0.000000e+00   0.000000e+00   0.000000e+00   0.000000e+00   0.000000e+00   4.620270e+23   0.000000e+00  -9.246497e+23   0.000000e+00   0.000000e+00   7.479894e+12   7.479894e+12   7.479894e+12  -1.603794e+18   1.315476e+19   0.000000e+00  -9.839616e+31  -1.199620e+31   1.346656e+33   0.000000e+00   0.000000e+00   0.000000e+00   0.000000e+00   0.000000e+00   0.000000e+00   0.000000e+00   0.000000e+00   0.000000e+00   0.000000e+00   0.000000e+00   0.000000e+00   0.000000e+00
              2   1.123200e+06      1.0000000      0.0000000   5.683000e+26   0.000000e+00   5.683000e+26   0.000000e+00   0.000000e+00   0.000000e+00   0.000000e+00   0.000000e+00   0.000000e+00   4.620270e+23   0.000000e+00  -9.246497e+23   0.000000e+00   0.000000e+00   7.479894e+12   7.479894e+12   7.479894e+12  -1.603792e+18   1.315474e+19   0.000000e+00  -9.839604e+31  -1.199615e+31   1.346656e+33   0.000000e+00   0.000000e+00   0.000000e+00   0.000000e+00   0.000000e+00   0.000000e+00   0.000000e+00   0.000000e+00   0.000000e+00   0.000000e+00   0.000000e+00   0.000000e+00   0.000000e+00
              2   1.209600e+06      1.0000000      0.0000000   5.683000e+26   0.000000e+00   5.683000e+26   0.000000e+00   0.000000e+00   0.000000e+00   0.000000e+00   0.000000e+00   0.000000e+00   4.620270e+23   0.000000e+00  -9.246497e+23   0.000000e+00   0.000000e+00   7.479894e+12   7.479894e+12   7.479894e+12  -1.603799e+18   1.315475e+19   0.000000e+00  -9.839610e+31  -1.199620e+31   1.346656e+33   0.000000e+00   0.000000e+00   0.000000e+00   0.000000e+00   0.000000e+00   0.000000e+00   0.000000e+00   0.000000e+00   0.000000e+00   0.000000e+00   0.000000e+00   0.000000e+00   0.000000e+00
              2   1.296000e+06      1.0000000      0.0000000   5.683000e+26   0.000000e+00   5.683000e+26   0.000000e+00   0.000000e+00   0.000000e+00   0.000000e+00   0.000000e+00   0.000000e+00   4.620271e+23   0.000000e+00  -9.246497e+23   0.000000e+00   0.000000e+00   7.479894e+12   7.479894e+12   7.479894e+12  -1.603800e+18   1.315475e+19   0.000000e+00  -9.839615e+31  -1.199625e+31   1.346656e+33   0.000000e+00   0.000000e+00   0.000000e+00   0.000000e+00   0.000000e+00   0.000000e+00   0.000000e+00   0.000000e+00   0.000000e+00   0.000000e+00   0.000000e+00   0.000000e+00   0.000000e+00
              2   1.382400e+06      1.0000000      0.0000000   5.683000e+26   0.000000e+00   5.683000e+26   0.000000e+00   0.000000e+00   0.000000e+00   0.000000e+00   0.000000e+00   0.000000e+00   4.620271e+23   0.000000e+00  -9.246497e+23   0.000000e+00   0.000000e+00   7.479894e+12   7.479894e+12   7.479894e+12  -1.603787e+18   1.315475e+19   0.000000e+00  -9.839607e+31  -1.199620e+31   1.346656e+33   0.000000e+00   0.000000e+00   0.000000e+00   0.000000e+00   0.000000e+00   0.000000e+00   0.000000e+00   0.000000e+00   0.000000e+00   0.000000e+00   0.000000e+00   0.000000e+00   0.000000e+00
              3   1.468800e+06      1.0000000      0.0000000   5.683000e+26   0.000000e+00   5.683000e+26   0.000000e+00   0.000000e+00   0.000000e+00   0.000000e+00   0.000000e+00   0.000000e+00   4.620270e+23   0.000000e+00  -9.246496e+23   0.000000e+00   0.000000e+00   7.479894e+12   7.479894e+12   7.479894e+12  -1.603804e+18   1.315477e+19   0.000000e+00  -9.839624e+31  -1.199633e+31   1.346656e+33   0.000000e+00   0.000000e+00   0.000000e+00   0.000000e+00   0.000000e+00   0.000000e+00   0.000000e+00   0.000000e+00   0.000000e+00   0.000000e+00   0.000000e+00   0.000000e+00   0.000000e+00
              3   1.555200e+06      1.0000000      0.0000000   5.683000e+26   0.000000e+00   5.683000e+26   0.000000e+00   0.000000e+00   0.000000e+00   0.000000e+00   0.000000e+00   0.000000e+00   4.620270e+23   0.000000e+00  -9.246496e+23   0.000000e+00   0.000000e+00   7.479894e+12   7.479894e+12   7.479894e+12  -1.603811e+18   1.315475e+19   0.000000e+00  -9.839613e+31  -1.199632e+31   1.346656e+33   0.000000e+00   0.000000e+00   0.000000e+00   0.000000e+00   0.000000e+00   0.000000e+00   0.000000e+00   0.000000e+00   0.000000e+00   0.000000e+00   0.000000e+00   0.000000e+00   0.000000e+00
              3   1.641600e+06      1.0000000      0.0000000   5.683000e+26   0.000000e+00   5.683000e+26   0.000000e+00   0.000000e+00   0.000000e+00   0.000000e+00   0.000000e+00   0.000000e+00   4.620270e+23   0.000000e+00  -9.246496e+23   0.000000e+00   0.000000e+00   7.479894e+12   7.479894e+12   7.479894e+12  -1.603796e+18   1.315475e+19   0.000000e+00  -9.839618e+31  -1.199623e+31   1.346656e+33   0.000000e+00   0.000000e+00   0.000000e+00   0.000000e+00   0.000000e+00   0.000000e+00   0.000000e+00   0.000000e+00   0.000000e+00   0.000000e+00   0.000000e+00   0.000000e+00   0.000000e+00
              3   1.728000e+06      1.0000000      0.0000000   5.683000e+26   0.000000e+00   5.683000e+26   0.000000e+00   0.000000e+00   0.000000e+00   0.000000e+00   0.000000e+00   0.000000e+00   4.620270e+23   0.000000e+00  -9.246496e+23   0.000000e+00   0.000000e+00   7.479894e+12   7.479894e+12   7.479894e+12  -1.603809e+18   1.315476e+19   0.000000e+00  -9.839616e+31  -1.199631e+31   1.346656e+33   0.000000e+00   0.000000e+00   0.000000e+00   0.000000e+00   0.000000e+00   0.000000e+00   0.000000e+00   0.000000e+00   0.000000e+00   0.000000e+00   0.000000e+00   0.000000e+00   0.000000e+00
              3   1.814400e+06      1.0000000      0.0000000   5.683000e+26   0.000000e+00   5.683000e+26   0.000000e+00   0.000000e+00   0.000000e+00   0.000000e+00   0.000000e+00   0.000000e+00   4.620271e+23   0.000000e+00  -9.246496e+23   0.000000e+00   0.000000e+00   7.479894e+12   7.479894e+12   7.479894e+12  -1.603790e+18   1.315476e+19   0.000000e+00  -9.839611e+31  -1.199618e+31   1.346656e+33   0.000000e+00   0.000000e+00   0.000000e+00   0.000000e+00   0.000000e+00   0.000000e+00   0.000000e+00   0.000000e+00   0.000000e+00   0.000000e+00   0.000000e+00   0.000000e+00   0.000000e+00
              3   1.900800e+06      1.0000000      0.0000000   5.683000e+26   0.000000e+00   5.683000e+26   0.000000e+00   0.000000e+00   0.000000e+00   0.000000e+00   0.000000e+00   0.000000e+00   4.620271e+23   0.000000e+00  -9.246496e+23   0.000000e+00   0.000000e+00   7.479894e+12   7.479894e+12   7.479894e+12  -1.603804e+18   1.315476e+19   0.000000e+00  -9.839625e+31  -1.199626e+31   1.346656e+33   0.000000e+00   0.000000e+00   0.000000e+00   0.000000e+00   0.000000e+00   0.000000e+00   0.000000e+00   0.000000e+00   0.000000e+00   0.000000e+00   0.000000e+00   0.000000e+00   0.000000e+00
              4   1.987200e+06      1.0000000      0.0000000   5.683000e+26   0.000000e+00   5.683000e+26   0.000000e+00   0.000000e+00   0.000000e+00   0.000000e+00   0.000000e+00   0.000000e+00   4.620270e+23   0.000000e+00  -9.246497e+23   0.000000e+00   0.000000e+00   7.479894e+12   7.479894e+12   7.479894e+12  -1.603822e+18   1.315476e+19   0.000000e+00  -9.839620e+31  -1.199643e+31   1.346656e+33   0.000000e+00   0.000000e+00   0.000000e+00   0.000000e+00   0.000000e+00   0.000000e+00   0.000000e+00   0.000000e+00   0.000000e+00   0.000000e+00   0.000000e+00   0.000000e+00   0.000000e+00
              4   2.073600e+06      1.0000000      0.0000000   5.683000e+26   0.000000e+00   5.683000e+26   0.000000e+00   0.000000e+00   0.000000e+00   0.000000e+00   0.000000e+00   0.000000e+00   4.620270e+23   0.000000e+00  -9.246497e+23   0.000000e+00   0.000000e+00   7.479894e+12   7.479894e+12   7.479894e+12  -1.603816e+18   1.315474e+19   0.000000e+00  -9.839609e+31  -1.199642e+31   1.346656e+33   0.000000e+00   0.000000e+00   0.000000e+00   0.000000e+00   0.000000e+00   0.000000e+00   0.000000e+00   0.000000e+00   0.000000e+00   0.000000e+00   0.000000e+00   0.000000e+00   0.000000e+00
              4   2.160000e+06      1.0000000      0.0000000   5.683000e+26   0.000000e+00   5.683000e+26   0.000000e+00   0.000000e+00   0.000000e+00   0.000000e+00   0.000000e+00   0.000000e+00   4.620270e+23   0.000000e+00  -9.246497e+23   0.000000e+00   0.000000e+00   7.479894e+12   7.479894e+12   7.479894e+12  -1.603821e+18   1.315476e+19   0.000000e+00  -9.839619e+31  -1.199642e+31   1.346656e+33   0.000000e+00   0.000000e+00   0.000000e+00   0.000000e+00   0.000000e+00   0.000000e+00   0.000000e+00   0.000000e+00   0.000000e+00   0.000000e+00   0.000000e+00   0.000000e+00   0.000000e+00
              4   2.246400e+06      1.0000000      0.0000000   5.683000e+26   0.000000e+00   5.683000e+26   0.000000e+00   0.000000e+00   0.000000e+00   0.000000e+00   0.000000e+00   0.000000e+00   4.620271e+23   0.000000e+00  -9.246497e+23   0.000000e+00   0.000000e+00   7.479894e+12   7.479894e+12   7.479894e+12  -1.603818e+18   1.315474e+19   0.000000e+00  -9.839604e+31  -1.199643e+31   1.346656e+33   0.000000e+00   0.000000e+00   0.000000e+00   0.000000e+00   0.000000e+00   0.000000e+00   0.000000e+00   0.000000e+00   0.000000e+00   0.000000e+00   0.000000e+00   0.000000e+00   0.000000e+00
              4   2.332800e+06      1.0000000      0.0000000   5.683000e+26   0.000000e+00   5.683000e+26   0.000000e+00   0.000000e+00   0.000000e+00   0.000000e+00   0.000000e+00   0.000000e+00   4.620271e+23   0.000000e+00  -9.246497e+23   0.000000e+00   0.000000e+00   7.479894e+12   7.479894e+12   7.479894e+12  -1.603818e+18   1.315475e+19   0.000000e+00  -9.839608e+31  -1.199644e+31   1.346656e+33   0.000000e+00   0.000000e+00   0.000000e+00   0.000000e+00   0.000000e+00   0.000000e+00   0.000000e+00   0.000000e+00   0.000000e+00   0.000000e+00   0.000000e+00   0.000000e+00   0.000000e+00
              5   2.419200e+06      1.0000000      0.0000000   5.683000e+26   0.000000e+00   5.683000e+26   0.000000e+00   0.000000e+00   0.000000e+00   0.000000e+00   0.000000e+00   0.000000e+00   4.620270e+23   0.000000e+00  -9.246496e+23   0.000000e+00   0.000000e+00   7.479894e+12   7.479894e+12   7.479894e+12  -1.603826e+18   1.315476e+19   0.000000e+00  -9.839615e+31  -1.199640e+31   1.346656e+33   0.000000e+00   0.000000e+00   0.000000e+00   0.000000e+00   0.000000e+00   0.000000e+00   0.000000e+00   0.000000e+00   0.000000e+00   0.000000e+00   0.000000e+00   0.000000e+00   0.000000e+00
              5   2.505600e+06      1.0000000      0.0000000   5.683000e+26   0.000000e+00   5.683000e+26   0.000000e+00   0.000000e+00   0.000000e+00   0.000000e+00   0.000000e+00   0.000000e+00   4.620270e+23   0.000000e+00  -9.246496e+23   0.000000e+00   0.000000e+00   7.479894e+12   7.479894e+12   7.479894e+12  -1.603816e+18   1.315474e+19   0.000000e+00  -9.839608e+31  -1.199637e+31   1.346656e+33   0.000000e+00   0.000000e+00   0.000000e+00   0.000000e+00   0.000000e+00   0.000000e+00   0.000000e+00   0.000000e+00   0.000000e+00   0.000000e+00   0.000000e+00   0.000000e+00   0.000000e+00
              5   2.592000e+06      1.0000000      0.0000000   5.683000e+26   0.000000e+00   5.683000e+26   0.000000e+00   0.000000e+00   0.000000e+00   0.000000e+00   0.000000e+00   0.000000e+00   4.620270e+23   0.000000e+00  -9.246496e+23   0.000000e+00   0.000000e+00   7.479894e+12   7.479894e+12   7.479894e+12  -1.603820e+18   1.315475e+19   0.000000e+00  -9.839616e+31  -1.199643e+31   1.346656e+33   0.000000e+00   0.000000e+00   0.000000e+00   0.000000e+00   0.000000e+00   0.000000e+00   0.000000e+00   0.000000e+00   0.000000e+00   0.000000e+00   0.000000e+00   0.000000e+00   0.000000e+00
              5   2.678400e+06      1.0000000      0.0000000   5.683000e+26   0.000000e+00   5.683000e+26   0.000000e+00   0.000000e+00   0.000000e+00   0.000000e+00   0.000000e+00   0.000000e+00   4.620270e+23   0.000000e+00  -9.246496e+23   0.000000e+00   0.000000e+00   7.479894e+12   7.479894e+12   7.479894e+12  -1.603822e+18   1.315476e+19   0.000000e+00  -9.839620e+31  -1.199647e+31   1.346657e+33   0.000000e+00   0.000000e+00   0.000000e+00   0.000000e+00   0.000000e+00   0.000000e+00   0.000000e+00   0.000000e+00   0.000000e+00   0.000000e+00   0.000000e+00   0.000000e+00   0.000000e+00
              5   2.764800e+06      1.0000000      0.0000000   5.683000e+26   0.000000e+00   5.683000e+26   0.000000e+00   0.000000e+00   0.000000e+00   0.000000e+00   0.000000e+00   0.000000e+00   4.620271e+23   0.000000e+00  -9.246496e+23   0.000000e+00   0.000000e+00   7.479894e+12   7.479894e+12   7.479894e+12  -1.603814e+18   1.315476e+19   0.000000e+00  -9.839610e+31  -1.199639e+31   1.346656e+33   0.000000e+00   0.000000e+00   0.000000e+00   0.000000e+00   0.000000e+00   0.000000e+00   0.000000e+00   0.000000e+00   0.000000e+00   0.000000e+00   0.000000e+00   0.000000e+00   0.000000e+00
              5   2.851200e+06      1.0000000      0.0000000   5.683000e+26   0.000000e+00   5.683000e+26   0.000000e+00   0.000000e+00   0.000000e+00   0.000000e+00   0.000000e+00   0.000000e+00   4.620271e+23   0.000000e+00  -9.246496e+23   0.000000e+00   0.000000e+00   7.479894e+12   7.479894e+12   7.479894e+12  -1.603832e+18   1.315475e+19   0.000000e+00  -9.839608e+31  -1.199646e+31   1.346656e+33   0.000000e+00   0.000000e+00   0.000000e+00   0.000000e+00   0.000000e+00   0.000000e+00   0.000000e+00   0.000000e+00   0.000000e+00   0.000000e+00   0.000000e+00   0.000000e+00   0.000000e+00
              6   2.937600e+06      1.0000000      0.0000000   5.683000e+26   0.000000e+00   5.683000e+26   0.000000e+00   0.000000e+00   0.000000e+00   0.000000e+00   0.000000e+00   0.000000e+00   4.620270e+23   0.000000e+00  -9.246497e+23   0.000000e+00   0.000000e+00   7.479894e+12   7.479894e+12   7.479894e+12  -1.603814e+18   1.315475e+19   0.000000e+00  -9.839612e+31  -1.199634e+31   1.346656e+33   0.000000e+00   0.000000e+00   0.000000e+00   0.000000e+00   0.000000e+00   0.000000e+00   0.000000e+00   0.000000e+00   0.000000e+00   0.000000e+00   0.000000e+00   0.000000e+00   0.000000e+00
              6   3.024000e+06      1.0000000      0.0000000   5.683000e+26   0.000000e+00   5.683000e+26   0.000000e+00   0.000000e+00   0.000000e+00   0.000000e+00   0.000000e+00   0.000000e+00   4.620270e+23   0.000000e+00  -9.246497e+23   0.000000e+00   0.000000e+00   7.479894e+12   7.479894e+12   7.479894e+12  -1.603819e+18   1.315474e+19   0.000000e+00  -9.839600e+31  -1.199639e+31   1.346656e+33   0.000000e+00   0.000000e+00   0.000000e+00   0.000000e+00   0.000000e+00   0.000000e+00   0.000000e+00   0.000000e+00   0.000000e+00   0.000000e+00   0.000000e+00   0.000000e+00   0.000000e+00
              6   3.110400e+06      1.0000000      0.0000000   5.683000e+26   0.000000e+00   5.683000e+26   0.000000e+00   0.000000e+00   0.000000e+00   0.000000e+00   0.000000e+00   0.000000e+00   4.620270e+23   0.000000e+00  -9.246497e+23   0.000000e+00   0.000000e+00   7.479894e+12   7.479894e+12   7.479894e+12  -1.603828e+18   1.315474e+19   0.000000e+00  -9.839606e+31  -1.199646e+31   1.346656e+33   0.000000e+00   0.000000e+00   0.000000e+00   0.000000e+00   0.000000e+00   0.000000e+00   0.000000e+00   0.000000e+00   0.000000e+00   0.000000e+00   0.000000e+00   0.000000e+00   0.000000e+00
              6   3.196800e+06      1.0000000      0.0000000   5.683000e+26   0.000000e+00   5.683000e+26   0.000000e+00   0.000000e+00   0.000000e+00   0.000000e+00   0.000000e+00   0.000000e+00   4.620270e+23   0.000000e+00  -9.246497e+23   0.000000e+00   0.000000e+00   7.479894e+12   7.479894e+12   7.479894e+12  -1.603817e+18   1.315473e+19   0.000000e+00  -9.839596e+31  -1.199635e+31   1.346656e+33   0.000000e+00   0.000000e+00   0.000000e+00   0.000000e+00   0.000000e+00   0.000000e+00   0.000000e+00   0.000000e+00   0.000000e+00   0.000000e+00   0.000000e+00   0.000000e+00   0.000000e+00
              6   3.283200e+06      1.0000000      0.0000000   5.683000e+26   0.000000e+00   5.683000e+26   0.000000e+00   0.000000e+00   0.000000e+00   0.000000e+00   0.000000e+00   0.000000e+00   4.620271e+23   0.000000e+00  -9.246497e+23   0.000000e+00   0.000000e+00   7.479894e+12   7.479894e+12   7.479894e+12  -1.603825e+18   1.315474e+19   0.000000e+00  -9.839611e+31  -1.199642e+31   1.346656e+33   0.000000e+00   0.000000e+00   0.000000e+00   0.000000e+00   0.000000e+00   0.000000e+00   0.000000e+00   0.000000e+00   0.000000e+00   0.000000e+00   0.000000e+00   0.000000e+00   0.000000e+00
              7   3.369600e+06      1.0000000      0.0000000   5.683000e+26   0.000000e+00   5.683000e+26   0.000000e+00   0.000000e+00   0.000000e+00   0.000000e+00   0.000000e+00   0.000000e+00   4.620270e+23   0.000000e+00  -9.246496e+23   0.000000e+00   0.000000e+00   7.479894e+12   7.479894e+12   7.479894e+12  -1.603829e+18   1.315472e+19   0.000000e+00  -9.839598e+31  -1.199646e+31   1.346656e+33   0.000000e+00   0.000000e+00   0.000000e+00   0.000000e+00   0.000000e+00   0.000000e+00   0.000000e+00   0.000000e+00   0.000000e+00   0.000000e+00   0.000000e+00   0.000000e+00   0.000000e+00
              7   3.456000e+06      1.0000000      0.0000000   5.683000e+26   0.000000e+00   5.683000e+26   0.000000e+00   0.000000e+00   0.000000e+00   0.000000e+00   0.000000e+00   0.000000e+00   4.620270e+23   0.000000e+00  -9.246496e+23   0.000000e+00   0.000000e+00   7.479894e+12   7.479894e+12   7.479894e+12  -1.603810e+18   1.315473e+19   0.000000e+00  -9.839591e+31  -1.199637e+31   1.346656e+33   0.000000e+00   0.000000e+00   0.000000e+00   0.000000e+00   0.000000e+00   0.000000e+00   0.000000e+00   0.000000e+00   0.000000e+00   0.000000e+00   0.000000e+00   0.000000e+00   0.000000e+00
              7   3.542400e+06      1.0000000      0.0000000   5.683000e+26   0.000000e+00   5.683000e+26   0.000000e+00   0.000000e+00   0.000000e+00   0.000000e+00   0.000000e+00   0.000000e+00   4.620270e+23   0.000000e+00  -9.246496e+23   0.000000e+00   0.000000e+00   7.479894e+12   7.479894e+12   7.479894e+12  -1.603815e+18   1.315474e+19   0.000000e+00  -9.839600e+31  -1.199636e+31   1.346656e+33   0.000000e+00   0.000000e+00   0.000000e+00   0.000000e+00   0.000000e+00   0.000000e+00   0.000000e+00   0.000000e+00   0.000000e+00   0.000000e+00   0.000000e+00   0.000000e+00   0.000000e+00
              7   3.628800e+06      1.0000000      0.0000000   5.683000e+26   0.000000e+00   5.683000e+26   0.000000e+00   0.000000e+00   0.000000e+00   0.000000e+00   0.000000e+00   0.000000e+00   4.620270e+23   0.000000e+00  -9.246496e+23   0.000000e+00   0.000000e+00   7.479894e+12   7.479894e+12   7.479894e+12  -1.603814e+18   1.315473e+19   0.000000e+00  -9.839595e+31  -1.199639e+31   1.346656e+33   0.000000e+00   0.000000e+00   0.000000e+00   0.000000e+00   0.000000e+00   0.000000e+00   0.000000e+00   0.000000e+00   0.000000e+00   0.000000e+00   0.000000e+00   0.000000e+00   0.000000e+00
              7   3.715200e+06      1.0000000      0.0000000   5.683000e+26   0.000000e+00   5.683000e+26   0.000000e+00   0.000000e+00   0.000000e+00   0.000000e+00   0.000000e+00   0.000000e+00   4.620271e+23   0.000000e+00  -9.246496e+23   0.000000e+00   0.000000e+00   7.479894e+12   7.479894e+12   7.479894e+12  -1.603807e+18   1.315473e+19   0.000000e+00  -9.839597e+31  -1.199633e+31   1.346656e+33   0.000000e+00   0.000000e+00   0.000000e+00   0.000000e+00   0.000000e+00   0.000000e+00   0.000000e+00   0.000000e+00   0.000000e+00   0.000000e+00   0.000000e+00   0.000000e+00   0.000000e+00
              7   3.801600e+06      1.0000000      0.0000000   5.683000e+26   0.000000e+00   5.683000e+26   0.000000e+00   0.000000e+00   0.000000e+00   0.000000e+00   0.000000e+00   0.000000e+00   4.620271e+23   0.000000e+00  -9.246496e+23   0.000000e+00   0.000000e+00   7.479894e+12   7.479894e+12   7.479894e+12  -1.603810e+18   1.315472e+19   0.000000e+00  -9.839589e+31  -1.199633e+31   1.346656e+33   0.000000e+00   0.000000e+00   0.000000e+00   0.000000e+00   0.000000e+00   0.000000e+00   0.000000e+00   0.000000e+00   0.000000e+00   0.000000e+00   0.000000e+00   0.000000e+00   0.000000e+00
              8   3.888000e+06      1.0000000      0.0000000   5.683000e+26   0.000000e+00   5.683000e+26   0.000000e+00   0.000000e+00   0.000000e+00   0.000000e+00   0.000000e+00   0.000000e+00   4.620270e+23   0.000000e+00  -9.246497e+23   0.000000e+00   0.000000e+00   7.479894e+12   7.479894e+12   7.479894e+12  -1.603831e+18   1.315471e+19   0.000000e+00  -9.839584e+31  -1.199649e+31   1.346656e+33   0.000000e+00   0.000000e+00   0.000000e+00   0.000000e+00   0.000000e+00   0.000000e+00   0.000000e+00   0.000000e+00   0.000000e+00   0.000000e+00   0.000000e+00   0.000000e+00   0.000000e+00
              8   3.974400e+06      1.0000000      0.0000000   5.683000e+26   0.000000e+00   5.683000e+26   0.000000e+00   0.000000e+00   0.000000e+00   0.000000e+00   0.000000e+00   0.000000e+00   4.620270e+23   0.000000e+00  -9.246497e+23   0.000000e+00   0.000000e+00   7.479894e+12   7.479894e+12   7.479894e+12  -1.603815e+18   1.315474e+19   0.000000e+00  -9.839606e+31  -1.199642e+31   1.346656e+33   0.000000e+00   0.000000e+00   0.000000e+00   0.000000e+00   0.000000e+00   0.000000e+00   0.000000e+00   0.000000e+00   0.000000e+00   0.000000e+00   0.000000e+00   0.000000e+00   0.000000e+00
              8   4.060800e+06      1.0000000      0.0000000   5.683000e+26   0.000000e+00   5.683000e+26   0.000000e+00   0.000000e+00   0.000000e+00   0.000000e+00   0.000000e+00   0.000000e+00   4.620270e+23   0.000000e+00  -9.246497e+23   0.000000e+00   0.000000e+00   7.479894e+12   7.479894e+12   7.479894e+12  -1.603837e+18   1.315471e+19   0.000000e+00  -9.839586e+31  -1.199649e+31   1.346656e+33   0.000000e+00   0.000000e+00   0.000000e+00   0.000000e+00   0.000000e+00   0.000000e+00   0.000000e+00   0.000000e+00   0.000000e+00   0.000000e+00   0.000000e+00   0.000000e+00   0.000000e+00
              8   4.147200e+06      1.0000000      0.0000000   5.683000e+26   0.000000e+00   5.683000e+26   0.000000e+00   0.000000e+00   0.000000e+00   0.000000e+00   0.000000e+00   0.000000e+00   4.620271e+23   0.000000e+00  -9.246497e+23   0.000000e+00   0.000000e+00   7.479894e+12   7.479894e+12   7.479894e+12  -1.603817e+18   1.315472e+19   0.000000e+00  -9.839587e+31  -1.199643e+31   1.346656e+33   0.000000e+00   0.000000e+00   0.000000e+00   0.000000e+00   0.000000e+00   0.000000e+00   0.000000e+00   0.000000e+00   0.000000e+00   0.000000e+00   0.000000e+00   0.000000e+00   0.000000e+00
              8   4.233600e+06      1.0000000      0.0000000   5.683000e+26   0.000000e+00   5.683000e+26   0.000000e+00   0.000000e+00   0.000000e+00   0.000000e+00   0.000000e+00   0.000000e+00   4.620271e+23   0.000000e+00  -9.246497e+23   0.000000e+00   0.000000e+00   7.479894e+12   7.479894e+12   7.479894e+12  -1.603826e+18   1.315472e+19   0.000000e+00  -9.839590e+31  -1.199647e+31   1.346656e+33   0.000000e+00   0.000000e+00   0.000000e+00   0.000000e+00   0.000000e+00   0.000000e+00   0.000000e+00   0.000000e+00   0.000000e+00   0.000000e+00   0.000000e+00   0.000000e+00   0.000000e+00
              8   4.320000e+06      1.0000000      0.0000000   5.683000e+26   0.000000e+00   5.683000e+26   0.000000e+00   0.000000e+00   0.000000e+00   0.000000e+00   0.000000e+00   0.000000e+00   4.620271e+23   0.000000e+00  -9.246497e+23   0.000000e+00   0.000000e+00   7.479894e+12   7.479894e+12   7.479894e+12  -1.603830e+18   1.315472e+19   0.000000e+00  -9.839590e+31  -1.199642e+31   1.346656e+33   0.000000e+00   0.000000e+00   0.000000e+00   0.000000e+00   0.000000e+00   0.000000e+00   0.000000e+00   0.000000e+00   0.000000e+00   0.000000e+00   0.000000e+00   0.000000e+00   0.000000e+00
              9   4.406400e+06      1.0000000      0.0000000   5.683000e+26   0.000000e+00   5.683000e+26   0.000000e+00   0.000000e+00   0.000000e+00   0.000000e+00   0.000000e+00   0.000000e+00   4.620270e+23   0.000000e+00  -9.246496e+23   0.000000e+00   0.000000e+00   7.479894e+12   7.479894e+12   7.479894e+12  -1.603836e+18   1.315472e+19   0.000000e+00  -9.839588e+31  -1.199649e+31   1.346656e+33   0.000000e+00   0.000000e+00   0.000000e+00   0.000000e+00   0.000000e+00   0.000000e+00   0.000000e+00   0.000000e+00   0.000000e+00   0.000000e+00   0.000000e+00   0.000000e+00   0.000000e+00
              9   4.492800e+06      1.0000000      0.0000000   5.683000e+26   0.000000e+00   5.683000e+26   0.000000e+00   0.000000e+00   0.000000e+00   0.000000e+00   0.000000e+00   0.000000e+00   4.620270e+23   0.000000e+00  -9.246496e+23   0.000000e+00   0.000000e+00   7.479894e+12   7.479894e+12   7.479894e+12  -1.603839e+18   1.315471e+19   0.000000e+00  -9.839591e+31  -1.199651e+31   1.346656e+33   0.000000e+00   0.000000e+00   0.000000e+00   0.000000e+00   0.000000e+00   0.000000e+00   0.000000e+00   0.000000e+00   0.000000e+00   0.000000e+00   0.000000e+00   0.000000e+00   0.000000e+00
              9   4.579200e+06      1.0000000      0.0000000   5.683000e+26   0.000000e+00   5.683000e+26   0.000000e+00   0.000000e+00   0.000000e+00   0.000000e+00   0.000000e+00   0.000000e+00   4.620270e+23   0.000000e+00  -9.246496e+23   0.000000e+00   0.000000e+00   7.479894e+12   7.479894e+12   7.479894e+12  -1.603839e+18   1.315472e+19   0.000000e+00  -9.839594e+31  -1.199653e+31   1.346656e+33   0.000000e+00   0.000000e+00   0.000000e+00   0.000000e+00   0.000000e+00   0.000000e+00   0.000000e+00   0.000000e+00   0.000000e+00   0.000000e+00   0.000000e+00   0.000000e+00   0.000000e+00
              9   4.665600e+06      1.0000000      0.0000000   5.683000e+26   0.000000e+00   5.683000e+26   0.000000e+00   0.000000e+00   0.000000e+00   0.000000e+00   0.000000e+00   0.000000e+00   4.620271e+23   0.000000e+00  -9.246496e+23   0.000000e+00   0.000000e+00   7.479894e+12   7.479894e+12   7.479894e+12  -1.603852e+18   1.315472e+19   0.000000e+00  -9.839579e+31  -1.199664e+31   1.346656e+33   0.000000e+00   0.000000e+00   0.000000e+00   0.000000e+00   0.000000e+00   0.000000e+00   0.000000e+00   0.000000e+00   0.000000e+00   0.000000e+00   0.000000e+00   0.000000e+00   0.000000e+00
              9   4.752000e+06      1.0000000      0.0000000   5.683000e+26   0.000000e+00   5.683000e+26   0.000000e+00   0.000000e+00   0.000000e+00   0.000000e+00   0.000000e+00   0.000000e+00   4.620271e+23   0.000000e+00  -9.246496e+23   0.000000e+00   0.000000e+00   7.479894e+12   7.479894e+12   7.479894e+12  -1.603835e+18   1.315472e+19   0.000000e+00  -9.839586e+31  -1.199654e+31   1.346656e+33   0.000000e+00   0.000000e+00   0.000000e+00   0.000000e+00   0.000000e+00   0.000000e+00   0.000000e+00   0.000000e+00   0.000000e+00   0.000000e+00   0.000000e+00   0.000000e+00   0.000000e+00
             10   4.838400e+06      1.0000000      0.0000000   5.683000e+26   0.000000e+00   5.683000e+26   0.000000e+00   0.000000e+00   0.000000e+00   0.000000e+00   0.000000e+00   0.000000e+00   4.620270e+23   0.000000e+00  -9.246497e+23   0.000000e+00   0.000000e+00   7.479894e+12   7.479894e+12   7.479894e+12  -1.603813e+18   1.315472e+19   0.000000e+00  -9.839589e+31  -1.199638e+31   1.346656e+33   0.000000e+00   0.000000e+00   0.000000e+00   0.000000e+00   0.000000e+00   0.000000e+00   0.000000e+00   0.000000e+00   0.000000e+00   0.000000e+00   0.000000e+00   0.000000e+00   0.000000e+00
             10   4.924800e+06      1.0000000      0.0000000   5.683000e+26   0.000000e+00   5.683000e+26   0.000000e+00   0.000000e+00   0.000000e+00   0.000000e+00   0.000000e+00   0.000000e+00   4.620270e+23   0.000000e+00  -9.246497e+23   0.000000e+00   0.000000e+00   7.479894e+12   7.479894e+12   7.479894e+12  -1.603824e+18   1.315470e+19   0.000000e+00  -9.839582e+31  -1.199648e+31   1.346656e+33   0.000000e+00   0.000000e+00   0.000000e+00   0.000000e+00   0.000000e+00   0.000000e+00   0.000000e+00   0.000000e+00   0.000000e+00   0.000000e+00   0.000000e+00   0.000000e+00   0.000000e+00
             10   5.011200e+06      1.0000000      0.0000000   5.683000e+26   0.000000e+00   5.683000e+26   0.000000e+00   0.000000e+00   0.000000e+00   0.000000e+00   0.000000e+00   0.000000e+00   4.620270e+23   0.000000e+00  -9.246497e+23   0.000000e+00   0.000000e+00   7.479894e+12   7.479894e+12   7.479894e+12  -1.603842e+18   1.315472e+19   0.000000e+00  -9.839582e+31  -1.199653e+31   1.346656e+33   0.000000e+00   0.000000e+00   0.000000e+00   0.000000e+00   0.000000e+00   0.000000e+00   0.000000e+00   0.000000e+00   0.000000e+00   0.000000e+00   0.000000e+00   0.000000e+00   0.000000e+00
             10   5.097600e+06      1.0000000      0.0000000   5.683000e+26   0.000000e+00   5.683000e+26   0.000000e+00   0.000000e+00   0.000000e+00   0.000000e+00   0.000000e+00   0.000000e+00   4.620271e+23   0.000000e+00  -9.246497e+23   0.000000e+00   0.000000e+00   7.479894e+12   7.479894e+12   7.479894e+12  -1.603831e+18   1.315472e+19   0.000000e+00  -9.839587e+31  -1.199652e+31   1.346656e+33   0.000000e+00   0.000000e+00   0.000000e+00   0.000000e+00   0.000000e+00   0.000000e+00   0.000000e+00   0.000000e+00   0.000000e+00   0.000000e+00   0.000000e+00   0.000000e+00   0.000000e+00
             10   5.184000e+06      1.0000000      0.0000000   5.683000e+26   0.000000e+00   5.683000e+26   0.000000e+00   0.000000e+00   0.000000e+00   0.000000e+00   0.000000e+00   0.000000e+00   4.620271e+23   0.000000e+00  -9.246497e+23   0.000000e+00   0.000000e+00   7.479894e+12   7.479894e+12   7.479894e+12  -1.603822e+18   1.315471e+19   0.000000e+00  -9.839586e+31  -1.199643e+31   1.346656e+33   0.000000e+00   0.000000e+00   0.000000e+00   0.000000e+00   0.000000e+00   0.000000e+00   0.000000e+00   0.000000e+00   0.000000e+00   0.000000e+00   0.000000e+00   0.000000e+00   0.000000e+00
             10   5.270400e+06      1.0000000      0.0000000   5.683000e+26   0.000000e+00   5.683000e+26   0.000000e+00   0.000000e+00   0.000000e+00   0.000000e+00   0.000000e+00   0.000000e+00   4.620271e+23   0.000000e+00  -9.246497e+23   0.000000e+00   0.000000e+00   7.479894e+12   7.479894e+12   7.479894e+12  -1.603830e+18   1.315472e+19   0.000000e+00  -9.839585e+31  -1.199651e+31   1.346656e+33   0.000000e+00   0.000000e+00   0.000000e+00   0.000000e+00   0.000000e+00   0.000000e+00   0.000000e+00   0.000000e+00   0.000000e+00   0.000000e+00   0.000000e+00   0.000000e+00   0.000000e+00
             11   5.356800e+06      1.0000000      0.0000000   5.683000e+26   0.000000e+00   5.683000e+26   0.000000e+00   0.000000e+00   0.000000e+00   0.000000e+00   0.000000e+00   0.000000e+00   4.620270e+23   0.000000e+00  -9.246496e+23   0.000000e+00   0.000000e+00   7.479894e+12   7.479894e+12   7.479894e+12  -1.603842e+18   1.315473e+19   0.000000e+00  -9.839599e+31  -1.199655e+31   1.346656e+33   0.000000e+00   0.000000e+00   0.000000e+00   0.000000e+00   0.000000e+00   0.000000e+00   0.000000e+00   0.000000e+00   0.000000e+00   0.000000e+00   0.000000e+00   0.000000e+00   0.000000e+00
             11   5.443200e+06      1.0000000      0.0000000   5.683000e+26   0.000000e+00   5.683000e+26   0.000000e+00   0.000000e+00   0.000000e+00   0.000000e+00   0.000000e+00   0.000000e+00   4.620270e+23   0.000000e+00  -9.246496e+23   0.000000e+00   0.000000e+00   7.479894e+12   7.479894e+12   7.479894e+12  -1.603851e+18   1.315474e+19   0.000000e+00  -9.839601e+31  -1.199657e+31   1.346656e+33   0.000000e+00   0.000000e+00   0.000000e+00   0.000000e+00   0.000000e+00   0.000000e+00   0.000000e+00   0.000000e+00   0.000000e+00   0.000000e+00   0.000000e+00   0.000000e+00   0.000000e+00
             11   5.529600e+06      1.0000000      0.0000000   5.683000e+26   0.000000e+00   5.683000e+26   0.000000e+00   0.000000e+00   0.000000e+00   0.000000e+00   0.000000e+00   0.000000e+00   4.620271e+23   0.000000e+00  -9.246496e+23   0.000000e+00   0.000000e+00   7.479894e+12   7.479894e+12   7.479894e+12  -1.603824e+18   1.315475e+19   0.000000e+00  -9.839607e+31  -1.199647e+31   1.346656e+33   0.000000e+00   0.000000e+00   0.000000e+00   0.000000e+00   0.000000e+00   0.000000e+00   0.000000e+00   0.000000e+00   0.000000e+00   0.000000e+00   0.000000e+00   0.000000e+00   0.000000e+00
             11   5.616000e+06      1.0000000      0.0000000   5.683000e+26   0.000000e+00   5.683000e+26   0.000000e+00   0.000000e+00   0.000000e+00   0.000000e+00   0.000000e+00   0.000000e+00   4.620271e+23   0.000000e+00  -9.246496e+23   0.000000e+00   0.000000e+00   7.479894e+12   7.479894e+12   7.479894e+12  -1.603857e+18   1.315474e+19   0.000000e+00  -9.839605e+31  -1.199663e+31   1.346657e+33   0.000000e+00   0.000000e+00   0.000000e+00   0.000000e+00   0.000000e+00   0.000000e+00   0.000000e+00   0.000000e+00   0.000000e+00   0.000000e+00   0.000000e+00   0.000000e+00   0.000000e+00
             11   5.702400e+06      1.0000000      0.0000000   5.683000e+26   0.000000e+00   5.683000e+26   0.000000e+00   0.000000e+00   0.000000e+00   0.000000e+00   0.000000e+00   0.000000e+00   4.620271e+23   0.000000e+00  -9.246496e+23   0.000000e+00   0.000000e+00   7.479894e+12   7.479894e+12   7.479894e+12  -1.603826e+18   1.315474e+19   0.000000e+00  -9.839600e+31  -1.199647e+31   1.346656e+33   0.000000e+00   0.000000e+00   0.000000e+00   0.000000e+00   0.000000e+00   0.000000e+00   0.000000e+00   0.000000e+00   0.000000e+00   0.000000e+00   0.000000e+00   0.000000e+00   0.000000e+00
             12   5.788800e+06      1.0000000      0.0000000   5.683000e+26   0.000000e+00   5.683000e+26   0.000000e+00   0.000000e+00   0.000000e+00   0.000000e+00   0.000000e+00   0.000000e+00   4.620270e+23   0.000000e+00  -9.246497e+23   0.000000e+00   0.000000e+00   7.479894e+12   7.479894e+12   7.479894e+12  -1.603835e+18   1.315472e+19   0.000000e+00  -9.839590e+31  -1.199653e+31   1.346656e+33   0.000000e+00   0.000000e+00   0.000000e+00   0.000000e+00   0.000000e+00   0.000000e+00   0.000000e+00   0.000000e+00   0.000000e+00   0.000000e+00   0.000000e+00   0.000000e+00   0.000000e+00
             12   5.875200e+06      1.0000000      0.0000000   5.683000e+26   0.000000e+00   5.683000e+26   0.000000e+00   0.000000e+00   0.000000e+00   0.000000e+00   0.000000e+00   0.000000e+00   4.620270e+23   0.000000e+00  -9.246497e+23   0.000000e+00   0.000000e+00   7.479894e+12   7.479894e+12   7.479894e+12  -1.603837e+18   1.315472e+19   0.000000e+00  -9.839590e+31  -1.199650e+31   1.346656e+33   0.000000e+00   0.000000e+00   0.000000e+00   0.000000e+00   0.000000e+00   0.000000e+00   0.000000e+00   0.000000e+00   0.000000e+00   0.000000e+00   0.000000e+00   0.000000e+00   0.000000e+00
             12   5.961600e+06      1.0000000      0.0000000   5.683000e+26   0.000000e+00   5.683000e+26   0.000000e+00   0.000000e+00   0.000000e+00   0.000000e+00   0.000000e+00   0.000000e+00   4.620270e+23   0.000000e+00  -9.246497e+23   0.000000e+00   0.000000e+00   7.479894e+12   7.479894e+12   7.479894e+12  -1.603844e+18   1.315472e+19   0.000000e+00  -9.839586e+31  -1.199650e+31   1.346656e+33   0.000000e+00   0.000000e+00   0.000000e+00   0.000000e+00   0.000000e+00   0.000000e+00   0.000000e+00   0.000000e+00   0.000000e+00   0.000000e+00   0.000000e+00   0.000000e+00   0.000000e+00
             12   6.048000e+06      1.0000000      0.0000000   5.683000e+26   0.000000e+00   5.683000e+26   0.000000e+00   0.000000e+00   0.000000e+00   0.000000e+00   0.000000e+00   0.000000e+00   4.620271e+23   0.000000e+00  -9.246497e+23   0.000000e+00   0.000000e+00   7.479894e+12   7.479894e+12   7.479894e+12  -1.603832e+18   1.315472e+19   0.000000e+00  -9.839589e+31  -1.199655e+31   1.346656e+33   0.000000e+00   0.000000e+00   0.000000e+00   0.000000e+00   0.000000e+00   0.000000e+00   0.000000e+00   0.000000e+00   0.000000e+00   0.000000e+00   0.000000e+00   0.000000e+00   0.000000e+00
             12   6.134400e+06      1.0000000      0.0000000   5.683000e+26   0.000000e+00   5.683000e+26   0.000000e+00   0.000000e+00   0.000000e+00   0.000000e+00   0.000000e+00   0.000000e+00   4.620271e+23   0.000000e+00  -9.246497e+23   0.000000e+00   0.000000e+00   7.479894e+12   7.479894e+12   7.479894e+12  -1.603837e+18   1.315472e+19   0.000000e+00  -9.839600e+31  -1.199655e+31   1.346656e+33   0.000000e+00   0.000000e+00   0.000000e+00   0.000000e+00   0.000000e+00   0.000000e+00   0.000000e+00   0.000000e+00   0.000000e+00   0.000000e+00   0.000000e+00   0.000000e+00   0.000000e+00
             12   6.220800e+06      1.0000000      0.0000000   5.683000e+26   0.000000e+00   5.683000e+26   0.000000e+00   0.000000e+00   0.000000e+00   0.000000e+00   0.000000e+00   0.000000e+00   4.620271e+23   0.000000e+00  -9.246497e+23   0.000000e+00   0.000000e+00   7.479894e+12   7.479894e+12   7.479894e+12  -1.603843e+18   1.315473e+19   0.000000e+00  -9.839596e+31  -1.199652e+31   1.346656e+33   0.000000e+00   0.000000e+00   0.000000e+00   0.000000e+00   0.000000e+00   0.000000e+00   0.000000e+00   0.000000e+00   0.000000e+00   0.000000e+00   0.000000e+00   0.000000e+00   0.000000e+00
             13   6.307200e+06      1.0000000      0.0000000   5.683000e+26   0.000000e+00   5.683000e+26   0.000000e+00   0.000000e+00   0.000000e+00   0.000000e+00   0.000000e+00   0.000000e+00   4.620270e+23   0.000000e+00  -9.246496e+23   0.000000e+00   0.000000e+00   7.479894e+12   7.479894e+12   7.479894e+12  -1.603825e+18   1.315474e+19   0.000000e+00  -9.839607e+31  -1.199646e+31   1.346656e+33   0.000000e+00   0.000000e+00   0.000000e+00   0.000000e+00   0.000000e+00   0.000000e+00   0.000000e+00   0.000000e+00   0.000000e+00   0.000000e+00   0.000000e+00   0.000000e+00   0.000000e+00
             13   6.393600e+06      1.0000000      0.0000000   5.683000e+26   0.000000e+00   5.683000e+26   0.000000e+00   0.000000e+00   0.000000e+00   0.000000e+00   0.000000e+00   0.000000e+00   4.620270e+23   0.000000e+00  -9.246496e+23   0.000000e+00   0.000000e+00   7.479894e+12   7.479894e+12   7.479894e+12  -1.603839e+18   1.315475e+19   0.000000e+00  -9.839606e+31  -1.199652e+31   1.346656e+33   0.000000e+00   0.000000e+00   0.000000e+00   0.000000e+00   0.000000e+00   0.000000e+00   0.000000e+00   0.000000e+00   0.000000e+00   0.000000e+00   0.000000e+00   0.000000e+00   0.000000e+00
             13   6.480000e+06      1.0000000      0.0000000   5.683000e+26   0.000000e+00   5.683000e+26   0.000000e+00   0.000000e+00   0.000000e+00   0.000000e+00   0.000000e+00   0.000000e+00   4.620270e+23   0.000000e+00  -9.246496e+23   0.000000e+00   0.000000e+00   7.479894e+12   7.479894e+12   7.479894e+12  -1.603837e+18   1.315475e+19   0.000000e+00  -9.839605e+31  -1.199656e+31   1.346656e+33   0.000000e+00   0.000000e+00   0.000000e+00   0.000000e+00   0.000000e+00   0.000000e+00   0.000000e+00   0.000000e+00   0.000000e+00   0.000000e+00   0.000000e+00   0.000000e+00   0.000000e+00
             13   6.566400e+06      1.0000000      0.0000000   5.683000e+26   0.000000e+00   5.683000e+26   0.000000e+00   0.000000e+00   0.000000e+00   0.000000e+00   0.000000e+00   0.000000e+00   4.620271e+23   0.000000e+00  -9.246496e+23   0.000000e+00   0.000000e+00   7.479894e+12   7.479894e+12   7.479894e+12  -1.603837e+18   1.315475e+19   0.000000e+00  -9.839615e+31  -1.199654e+31   1.346657e+33   0.000000e+00   0.000000e+00   0.000000e+00   0.000000e+00   0.000000e+00   0.000000e+00   0.000000e+00   0.000000e+00   0.000000e+00   0.000000e+00   0.000000e+00   0.000000e+00   0.000000e+00
             13   6.652800e+06      1.0000000      0.0000000   5.683000e+26   0.000000e+00   5.683000e+26   0.000000e+00   0.000000e+00   0.000000e+00   0.000000e+00   0.000000e+00   0.000000e+00   4.620271e+23   0.000000e+00  -9.246496e+23   0.000000e+00   0.000000e+00   7.479894e+12   7.479894e+12   7.479894e+12  -1.603827e+18   1.315473e+19   0.000000e+00  -9.839605e+31  -1.199645e+31   1.346656e+33   0.000000e+00   0.000000e+00   0.000000e+00   0.000000e+00   0.000000e+00   0.000000e+00   0.000000e+00   0.000000e+00   0.000000e+00   0.000000e+00   0.000000e+00   0.000000e+00   0.000000e+00
             14   6.739200e+06      1.0000000      0.0000000   5.683000e+26   0.000000e+00   5.683000e+26   0.000000e+00   0.000000e+00   0.000000e+00   0.000000e+00   0.000000e+00   0.000000e+00   4.620270e+23   0.000000e+00  -9.246496e+23   0.000000e+00   0.000000e+00   7.479894e+12   7.479894e+12   7.479894e+12  -1.603862e+18   1.315473e+19   0.000000e+00  -9.839595e+31  -1.199670e+31   1.346657e+33   0.000000e+00   0.000000e+00   0.000000e+00   0.000000e+00   0.000000e+00   0.000000e+00   0.000000e+00   0.000000e+00   0.000000e+00   0.000000e+00   0.000000e+00   0.000000e+00   0.000000e+00
             14   6.825600e+06      1.0000000      0.0000000   5.683000e+26   0.000000e+00   5.683000e+26   0.000000e+00   0.000000e+00   0.000000e+00   0.000000e+00   0.000000e+00   0.000000e+00   4.620270e+23   0.000000e+00  -9.246496e+23   0.000000e+00   0.000000e+00   7.479894e+12   7.479894e+12   7.479894e+12  -1.603861e+18   1.315472e+19   0.000000e+00  -9.839596e+31  -1.199675e+31   1.346657e+33   0.000000e+00   0.000000e+00   0.000000e+00   0.000000e+00   0.000000e+00   0.000000e+00   0.000000e+00   0.000000e+00   0.000000e+00   0.000000e+00   0.000000e+00   0.000000e+00   0.000000e+00
             14   6.912000e+06      1.0000000      0.0000000   5.683000e+26   0.000000e+00   5.683000e+26   0.000000e+00   0.000000e+00   0.000000e+00   0.000000e+00   0.000000e+00   0.000000e+00   4.620270e+23   0.000000e+00  -9.246496e+23   0.000000e+00   0.000000e+00   7.479894e+12   7.479894e+12   7.479894e+12  -1.603854e+18   1.315472e+19   0.000000e+00  -9.839593e+31  -1.199670e+31   1.346657e+33   0.000000e+00   0.000000e+00   0.000000e+00   0.000000e+00   0.000000e+00   0.000000e+00   0.000000e+00   0.000000e+00   0.000000e+00   0.000000e+00   0.000000e+00   0.000000e+00   0.000000e+00
             14   6.998400e+06      1.0000000      0.0000000   5.683000e+26   0.000000e+00   5.683000e+26   0.000000e+00   0.000000e+00   0.000000e+00   0.000000e+00   0.000000e+00   0.000000e+00   4.620271e+23   0.000000e+00  -9.246496e+23   0.000000e+00   0.000000e+00   7.479894e+12   7.479894e+12   7.479894e+12  -1.603858e+18   1.315472e+19   0.000000e+00  -9.839587e+31  -1.199664e+31   1.346656e+33   0.000000e+00   0.000000e+00   0.000000e+00   0.000000e+00   0.000000e+00   0.000000e+00   0.000000e+00   0.000000e+00   0.000000e+00   0.000000e+00   0.000000e+00   0.000000e+00   0.000000e+00
             14   7.084800e+06      1.0000000      0.0000000   5.683000e+26   0.000000e+00   5.683000e+26   0.000000e+00   0.000000e+00   0.000000e+00   0.000000e+00   0.000000e+00   0.000000e+00   4.620271e+23   0.000000e+00  -9.246496e+23   0.000000e+00   0.000000e+00   7.479894e+12   7.479894e+12   7.479894e+12  -1.603862e+18   1.315472e+19   0.000000e+00  -9.839594e+31  -1.199671e+31   1.346657e+33   0.000000e+00   0.000000e+00   0.000000e+00   0.000000e+00   0.000000e+00   0.000000e+00   0.000000e+00   0.000000e+00   0.000000e+00   0.000000e+00   0.000000e+00   0.000000e+00   0.000000e+00
             14   7.171200e+06      1.0000000      0.0000000   5.683000e+26   0.000000e+00   5.683000e+26   0.000000e+00   0.000000e+00   0.000000e+00   0.000000e+00   0.000000e+00   0.000000e+00   4.620271e+23   0.000000e+00  -9.246496e+23   0.000000e+00   0.000000e+00   7.479894e+12   7.479894e+12   7.479894e+12  -1.603858e+18   1.315472e+19   0.000000e+00  -9.839585e+31  -1.199666e+31   1.346656e+33   0.000000e+00   0.000000e+00   0.000000e+00   0.000000e+00   0.000000e+00   0.000000e+00   0.000000e+00   0.000000e+00   0.000000e+00   0.000000e+00   0.000000e+00   0.000000e+00   0.000000e+00
             15   7.257600e+06      1.0000000      0.0000000   5.683000e+26   0.000000e+00   5.683000e+26   0.000000e+00   0.000000e+00   0.000000e+00   0.000000e+00   0.000000e+00   0.000000e+00   4.620270e+23   0.000000e+00  -9.246496e+23   0.000000e+00   0.000000e+00   7.479894e+12   7.479894e+12   7.479894e+12  -1.603841e+18   1.315474e+19   0.000000e+00  -9.839608e+31  -1.199650e+31   1.346656e+33   0.000000e+00   0.000000e+00   0.000000e+00   0.000000e+00   0.000000e+00   0.000000e+00   0.000000e+00   0.000000e+00   0.000000e+00   0.000000e+00   0.000000e+00   0.000000e+00   0.000000e+00
             15   7.344000e+06      1.0000000      0.0000000   5.683000e+26   0.000000e+00   5.683000e+26   0.000000e+00   0.000000e+00   0.000000e+00   0.000000e+00   0.000000e+00   0.000000e+00   4.620270e+23   0.000000e+00  -9.246496e+23   0.000000e+00   0.000000e+00   7.479894e+12   7.479894e+12   7.479894e+12  -1.603839e+18   1.315472e+19   0.000000e+00  -9.839598e+31  -1.199653e+31   1.346656e+33   0.000000e+00   0.000000e+00   0.000000e+00   0.000000e+00   0.000000e+00   0.000000e+00   0.000000e+00   0.000000e+00   0.000000e+00   0.000000e+00   0.000000e+00   0.000000e+00   0.000000e+00
             15   7.430400e+06      1.0000000      0.0000000   5.683000e+26   0.000000e+00   5.683000e+26   0.000000e+00   0.000000e+00   0.000000e+00   0.000000e+00   0.000000e+00   0.000000e+00   4.620271e+23   0.000000e+00  -9.246496e+23   0.000000e+00   0.000000e+00   7.479894e+12   7.479894e+12   7.479894e+12  -1.603831e+18   1.315474e+19   0.000000e+00  -9.839609e+31  -1.199652e+31   1.346657e+33   0.000000e+00   0.000000e+00   0.000000e+00   0.000000e+00   0.000000e+00   0.000000e+00   0.000000e+00   0.000000e+00   0.000000e+00   0.000000e+00   0.000000e+00   0.000000e+00   0.000000e+00
             15   7.516800e+06      1.0000000      0.0000000   5.683000e+26   0.000000e+00   5.683000e+26   0.000000e+00   0.000000e+00   0.000000e+00   0.000000e+00   0.000000e+00   0.000000e+00   4.620271e+23   0.000000e+00  -9.246496e+23   0.000000e+00   0.000000e+00   7.479894e+12   7.479894e+12   7.479894e+12  -1.603837e+18   1.315473e+19   0.000000e+00  -9.839600e+31  -1.199661e+31   1.346657e+33   0.000000e+00   0.000000e+00   0.000000e+00   0.000000e+00   0.000000e+00   0.000000e+00   0.000000e+00   0.000000e+00   0.000000e+00   0.000000e+00   0.000000e+00   0.000000e+00   0.000000e+00
             15   7.603200e+06      1.0000000      0.0000000   5.683000e+26   0.000000e+00   5.683000e+26   0.000000e+00   0.000000e+00   0.000000e+00   0.000000e+00   0.000000e+00   0.000000e+00   4.620271e+23   0.000000e+00  -9.246496e+23   0.000000e+00   0.000000e+00   7.479894e+12   7.479894e+12   7.479894e+12  -1.603842e+18   1.315474e+19   0.000000e+00  -9.839616e+31  -1.199656e+31   1.346657e+33   0.000000e+00   0.000000e+00   0.000000e+00   0.000000e+00   0.000000e+00   0.000000e+00   0.000000e+00   0.000000e+00   0.000000e+00   0.000000e+00   0.000000e+00   0.000000e+00   0.000000e+00
             15   7.689600e+06      1.0000000      0.0000000   5.683000e+26   0.000000e+00   5.683000e+26   0.000000e+00   0.000000e+00   0.000000e+00   0.000000e+00   0.000000e+00   0.000000e+00   4.620271e+23   0.000000e+00  -9.246496e+23   0.000000e+00   0.000000e+00   7.479894e+12   7.479894e+12   7.479894e+12  -1.603841e+18   1.315473e+19   0.000000e+00  -9.839600e+31  -1.199652e+31   1.346657e+33   0.000000e+00   0.000000e+00   0.000000e+00   0.000000e+00   0.000000e+00   0.000000e+00   0.000000e+00   0.000000e+00   0.000000e+00   0.000000e+00   0.000000e+00   0.000000e+00   0.000000e+00
             16   7.776000e+06      1.0000000      0.0000000   5.683000e+26   0.000000e+00   5.683000e+26   0.000000e+00   0.000000e+00   0.000000e+00   0.000000e+00   0.000000e+00   0.000000e+00   4.620270e+23   0.000000e+00  -9.246496e+23   0.000000e+00   0.000000e+00   7.479894e+12   7.479894e+12   7.479894e+12  -1.603829e+18   1.315475e+19   0.000000e+00  -9.839609e+31  -1.199647e+31   1.346656e+33   0.000000e+00   0.000000e+00   0.000000e+00   0.000000e+00   0.000000e+00   0.000000e+00   0.000000e+00   0.000000e+00   0.000000e+00   0.000000e+00   0.000000e+00   0.000000e+00   0.000000e+00
             16   7.862400e+06      1.0000000      0.0000000   5.683000e+26   0.000000e+00   5.683000e+26   0.000000e+00   0.000000e+00   0.000000e+00   0.000000e+00   0.000000e+00   0.000000e+00   4.620271e+23   0.000000e+00  -9.246496e+23   0.000000e+00   0.000000e+00   7.479894e+12   7.479894e+12   7.479894e+12  -1.603818e+18   1.315473e+19   0.000000e+00  -9.839598e+31  -1.199640e+31   1.346656e+33   0.000000e+00   0.000000e+00   0.000000e+00   0.000000e+00   0.000000e+00   0.000000e+00   0.000000e+00   0.000000e+00   0.000000e+00   0.000000e+00   0.000000e+00   0.000000e+00   0.000000e+00
             16   7.948800e+06      1.0000000      0.0000000   5.683000e+26   0.000000e+00   5.683000e+26   0.000000e+00   0.000000e+00   0.000000e+00   0.000000e+00   0.000000e+00   0.000000e+00   4.620271e+23   0.000000e+00  -9.246496e+23   0.000000e+00   0.000000e+00   7.479894e+12   7.479894e+12   7.479894e+12  -1.603825e+18   1.315474e+19   0.000000e+00  -9.839605e+31  -1.199643e+31   1.346656e+33   0.000000e+00   0.000000e+00   0.000000e+00   0.000000e+00   0.000000e+00   0.000000e+00   0.000000e+00   0.000000e+00   0.000000e+00   0.000000e+00   0.000000e+00   0.000000e+00   0.000000e+00
             16   8.035200e+06      1.0000000      0.0000000   5.683000e+26   0.000000e+00   5.683000e+26   0.000000e+00   0.000000e+00   0.000000e+00   0.000000e+00   0.000000e+00   0.000000e+00   4.620271e+23   0.000000e+00  -9.246496e+23   0.000000e+00   0.000000e+00   7.479894e+12   7.479894e+12   7.479894e+12  -1.603818e+18   1.315474e+19   0.000000e+00  -9.839601e+31  -1.199642e+31   1.346656e+33   0.000000e+00   0.000000e+00   0.000000e+00   0.000000e+00   0.000000e+00   0.000000e+00   0.000000e+00   0.000000e+00   0.000000e+00   0.000000e+00   0.000000e+00   0.000000e+00   0.000000e+00
             16   8.121600e+06      1.0000000      0.0000000   5.683000e+26   0.000000e+00   5.683000e+26   0.000000e+00   0.000000e+00   0.000000e+00   0.000000e+00   0.000000e+00   0.000000e+00   4.620271e+23   0.000000e+00  -9.246496e+23   0.000000e+00   0.000000e+00   7.479894e+12   7.479894e+12   7.479894e+12  -1.603822e+18   1.315473e+19   0.000000e+00  -9.839598e+31  -1.199642e+31   1.346656e+33   0.000000e+00   0.000000e+00   0.000000e+00   0.000000e+00   0.000000e+00   0.000000e+00   0.000000e+00   0.000000e+00   0.000000e+00   0.000000e+00   0.000000e+00   0.000000e+00   0.000000e+00
             17   8.208000e+06      1.0000000      0.0000000   5.683000e+26   0.000000e+00   5.683000e+26   0.000000e+00   0.000000e+00   0.000000e+00   0.000000e+00   0.000000e+00   0.000000e+00   4.620270e+23   0.000000e+00  -9.246496e+23   0.000000e+00   0.000000e+00   7.479894e+12   7.479894e+12   7.479894e+12  -1.603824e+18   1.315473e+19   0.000000e+00  -9.839595e+31  -1.199645e+31   1.346656e+33   0.000000e+00   0.000000e+00   0.000000e+00   0.000000e+00   0.000000e+00   0.000000e+00   0.000000e+00   0.000000e+00   0.000000e+00   0.000000e+00   0.000000e+00   0.000000e+00   0.000000e+00
             17   8.294400e+06      1.0000000      0.0000000   5.683000e+26   0.000000e+00   5.683000e+26   0.000000e+00   0.000000e+00   0.000000e+00   0.000000e+00   0.000000e+00   0.000000e+00   4.620270e+23   0.000000e+00  -9.246496e+23   0.000000e+00   0.000000e+00   7.479894e+12   7.479894e+12   7.479894e+12  -1.603819e+18   1.315474e+19   0.000000e+00  -9.839599e+31  -1.199643e+31   1.346656e+33   0.000000e+00   0.000000e+00   0.000000e+00   0.000000e+00   0.000000e+00   0.000000e+00   0.000000e+00   0.000000e+00   0.000000e+00   0.000000e+00   0.000000e+00   0.000000e+00   0.000000e+00
             17   8.380800e+06      1.0000000      0.0000000   5.683000e+26   0.000000e+00   5.683000e+26   0.000000e+00   0.000000e+00   0.000000e+00   0.000000e+00   0.000000e+00   0.000000e+00   4.620271e+23   0.000000e+00  -9.246496e+23   0.000000e+00   0.000000e+00   7.479894e+12   7.479894e+12   7.479894e+12  -1.603828e+18   1.315473e+19   0.000000e+00  -9.839597e+31  -1.199649e+31   1.346656e+33   0.000000e+00   0.000000e+00   0.000000e+00   0.000000e+00   0.000000e+00   0.000000e+00   0.000000e+00   0.000000e+00   0.000000e+00   0.000000e+00   0.000000e+00   0.000000e+00   0.000000e+00
             17   8.467200e+06      1.0000000      0.0000000   5.683000e+26   0.000000e+00   5.683000e+26   0.000000e+00   0.000000e+00   0.000000e+00   0.000000e+00   0.000000e+00   0.000000e+00   4.620271e+23   0.000000e+00  -9.246496e+23   0.000000e+00   0.000000e+00   7.479894e+12   7.479894e+12   7.479894e+12  -1.603834e+18   1.315473e+19   0.000000e+00  -9.839594e+31  -1.199647e+31   1.346656e+33   0.000000e+00   0.000000e+00   0.000000e+00   0.000000e+00   0.000000e+00   0.000000e+00   0.000000e+00   0.000000e+00   0.000000e+00   0.000000e+00   0.000000e+00   0.000000e+00   0.000000e+00
             17   8.553600e+06      1.0000000      0.0000000   5.683000e+26   0.000000e+00   5.683000e+26   0.000000e+00   0.000000e+00   0.000000e+00   0.000000e+00   0.000000e+00   0.000000e+00   4.620271e+23   0.000000e+00  -9.246496e+23   0.000000e+00   0.000000e+00   7.479894e+12   7.479894e+12   7.479894e+12  -1.603824e+18   1.315474e+19   0.000000e+00  -9.839603e+31  -1.199642e+31   1.346656e+33   0.000000e+00   0.000000e+00   0.000000e+00   0.000000e+00   0.000000e+00   0.000000e+00   0.000000e+00   0.000000e+00   0.000000e+00   0.000000e+00   0.000000e+00   0.000000e+00   0.000000e+00
             17   8.640000e+06      1.0000000      0.0000000   5.683000e+26   0.000000e+00   5.683000e+26   0.000000e+00   0.000000e+00   0.000000e+00   0.000000e+00   0.000000e+00   0.000000e+00   4.620271e+23   0.000000e+00  -9.246496e+23   0.000000e+00   0.000000e+00   7.479894e+12   7.479894e+12   7.479894e+12  -1.603837e+18   1.315473e+19   0.000000e+00  -9.839600e+31  -1.199649e+31   1.346656e+33   0.000000e+00   0.000000e+00   0.000000e+00   0.000000e+00   0.000000e+00   0.000000e+00   0.000000e+00   0.000000e+00   0.000000e+00   0.000000e+00   0.000000e+00   0.000000e+00   0.000000e+00
             18   8.726400e+06      1.0000000      0.0000000   5.683000e+26   0.000000e+00   5.683000e+26   0.000000e+00   0.000000e+00   0.000000e+00   0.000000e+00   0.000000e+00   0.000000e+00   4.620270e+23   0.000000e+00  -9.246497e+23   0.000000e+00   0.000000e+00   7.479894e+12   7.479894e+12   7.479894e+12  -1.603847e+18   1.315471e+19   0.000000e+00  -9.839583e+31  -1.199655e+31   1.346656e+33   0.000000e+00   0.000000e+00   0.000000e+00   0.000000e+00   0.000000e+00   0.000000e+00   0.000000e+00   0.000000e+00   0.000000e+00   0.000000e+00   0.000000e+00   0.000000e+00   0.000000e+00
             18   8.812800e+06      1.0000000      0.0000000   5.683000e+26   0.000000e+00   5.683000e+26   0.000000e+00   0.000000e+00   0.000000e+00   0.000000e+00   0.000000e+00   0.000000e+00   4.620270e+23   0.000000e+00  -9.246497e+23   0.000000e+00   0.000000e+00   7.479894e+12   7.479894e+12   7.479894e+12  -1.603841e+18   1.315471e+19   0.000000e+00  -9.839582e+31  -1.199662e+31   1.346656e+33   0.000000e+00   0.000000e+00   0.000000e+00   0.000000e+00   0.000000e+00   0.000000e+00   0.000000e+00   0.000000e+00   0.000000e+00   0.000000e+00   0.000000e+00   0.000000e+00   0.000000e+00
             18   8.899200e+06      1.0000000      0.0000000   5.683000e+26   0.000000e+00   5.683000e+26   0.000000e+00   0.000000e+00   0.000000e+00   0.000000e+00   0.000000e+00   0.000000e+00   4.620271e+23   0.000000e+00  -9.246497e+23   0.000000e+00   0.000000e+00   7.479894e+12   7.479894e+12   7.479894e+12  -1.603835e+18   1.315471e+19   0.000000e+00  -9.839580e+31  -1.199655e+31   1.346656e+33   0.000000e+00   0.000000e+00   0.000000e+00   0.000000e+00   0.000000e+00   0.000000e+00   0.000000e+00   0.000000e+00   0.000000e+00   0.000000e+00   0.000000e+00   0.000000e+00   0.000000e+00
             18   8.985600e+06      1.0000000      0.0000000   5.683000e+26   0.000000e+00   5.683000e+26   0.000000e+00   0.000000e+00   0.000000e+00   0.000000e+00   0.000000e+00   0.000000e+00   4.620271e+23   0.000000e+00  -9.246497e+23   0.000000e+00   0.000000e+00   7.479894e+12   7.479894e+12   7.479894e+12  -1.603844e+18   1.315470e+19   0.000000e+00  -9.839580e+31  -1.199656e+31   1.346656e+33   0.000000e+00   0.000000e+00   0.000000e+00   0.000000e+00   0.000000e+00   0.000000e+00   0.000000e+00   0.000000e+00   0.000000e+00   0.000000e+00   0.000000e+00   0.000000e+00   0.000000e+00
             18   9.072000e+06      1.0000000      0.0000000   5.683000e+26   0.000000e+00   5.683000e+26   0.000000e+00   0.000000e+00   0.000000e+00   0.000000e+00   0.000000e+00   0.000000e+00   4.620271e+23   0.000000e+00  -9.246497e+23   0.000000e+00   0.000000e+00   7.479894e+12   7.479894e+12   7.479894e+12  -1.603843e+18   1.315471e+19   0.000000e+00  -9.839579e+31  -1.199661e+31   1.346656e+33   0.000000e+00   0.000000e+00   0.000000e+00   0.000000e+00   0.000000e+00   0.000000e+00   0.000000e+00   0.000000e+00   0.000000e+00   0.000000e+00   0.000000e+00   0.000000e+00   0.000000e+00
             19   9.158400e+06      1.0000000      0.0000000   5.683000e+26   0.000000e+00   5.683000e+26   0.000000e+00   0.000000e+00   0.000000e+00   0.000000e+00   0.000000e+00   0.000000e+00   4.620270e+23   0.000000e+00  -9.246497e+23   0.000000e+00   0.000000e+00   7.479894e+12   7.479894e+12   7.479894e+12  -1.603831e+18   1.315472e+19   0.000000e+00  -9.839592e+31  -1.199648e+31   1.346656e+33   0.000000e+00   0.000000e+00   0.000000e+00   0.000000e+00   0.000000e+00   0.000000e+00   0.000000e+00   0.000000e+00   0.000000e+00   0.000000e+00   0.000000e+00   0.000000e+00   0.000000e+00
             19   9.244800e+06      1.0000000      0.0000000   5.683000e+26   0.000000e+00   5.683000e+26   0.000000e+00   0.000000e+00   0.000000e+00   0.000000e+00   0.000000e+00   0.000000e+00   4.620270e+23   0.000000e+00  -9.246497e+23   0.000000e+00   0.000000e+00   7.479894e+12   7.479894e+12   7.479894e+12  -1.603842e+18   1.315472e+19   0.000000e+00  -9.839592e+31  -1.199654e+31   1.346656e+33   0.000000e+00   0.000000e+00   0.000000e+00   0.000000e+00   0.000000e+00   0.000000e+00   0.000000e+00   0.000000e+00   0.000000e+00   0.000000e+00   0.000000e+00   0.000000e+00   0.000000e+00
             19   9.331200e+06      1.0000000      0.0000000   5.683000e+26   0.000000e+00   5.683000e+26   0.000000e+00   0.000000e+00   0.000000e+00   0.000000e+00   0.000000e+00   0.000000e+00   4.620271e+23   0.000000e+00  -9.246497e+23   0.000000e+00   0.000000e+00   7.479894e+12   7.479894e+12   7.479894e+12  -1.603833e+18   1.315473e+19   0.000000e+00  -9.839595e+31  -1.199645e+31   1.346656e+33   0.000000e+00   0.000000e+00   0.000000e+00   0.000000e+00   0.000000e+00   0.000000e+00   0.000000e+00   0.000000e+00   0.000000e+00   0.000000e+00   0.000000e+00   0.000000e+00   0.000000e+00
             19   9.417600e+06      1.0000000      0.0000000   5.683000e+26   0.000000e+00   5.683000e+26   0.000000e+00   0.000000e+00   0.000000e+00   0.000000e+00   0.000000e+00   0.000000e+00   4.620271e+23   0.000000e+00  -9.246497e+23   0.000000e+00   0.000000e+00   7.479894e+12   7.479894e+12   7.479894e+12  -1.603835e+18   1.315472e+19   0.000000e+00  -9.839597e+31  -1.199647e+31   1.346656e+33   0.000000e+00   0.000000e+00   0.000000e+00   0.000000e+00   0.000000e+00   0.000000e+00   0.000000e+00   0.000000e+00   0.000000e+00   0.000000e+00   0.000000e+00   0.000000e+00   0.000000e+00
             19   9.504000e+06      1.0000000      0.0000000   5.683000e+26   0.000000e+00   5.683000e+26   0.000000e+00   0.000000e+00   0.000000e+00   0.000000e+00   0.000000e+00   0.000000e+00   4.620271e+23   0.000000e+00  -9.246497e+23   0.000000e+00   0.000000e+00   7.479894e+12   7.479894e+12   7.479894e+12  -1.603830e+18   1.315473e+19   0.000000e+00  -9.839595e+31  -1.199646e+31   1.346656e+33   0.000000e+00   0.000000e+00   0.000000e+00   0.000000e+00   0.000000e+00   0.000000e+00   0.000000e+00   0.000000e+00   0.000000e+00   0.000000e+00   0.000000e+00   0.000000e+00   0.000000e+00
             19   9.590400e+06      1.0000000      0.0000000   5.683000e+26   0.000000e+00   5.683000e+26   0.000000e+00   0.000000e+00   0.000000e+00   0.000000e+00   0.000000e+00   0.000000e+00   4.620271e+23   0.000000e+00  -9.246497e+23   0.000000e+00   0.000000e+00   7.479894e+12   7.479894e+12   7.479894e+12  -1.603838e+18   1.315472e+19   0.000000e+00  -9.839590e+31  -1.199653e+31   1.346656e+33   0.000000e+00   0.000000e+00   0.000000e+00   0.000000e+00   0.000000e+00   0.000000e+00   0.000000e+00   0.000000e+00   0.000000e+00   0.000000e+00   0.000000e+00   0.000000e+00   0.000000e+00
             20   9.676800e+06      1.0000000      0.0000000   5.683000e+26   0.000000e+00   5.683000e+26   0.000000e+00   0.000000e+00   0.000000e+00   0.000000e+00   0.000000e+00   0.000000e+00   4.620270e+23   0.000000e+00  -9.246497e+23   0.000000e+00   0.000000e+00   7.479894e+12   7.479894e+12   7.479894e+12  -1.603828e+18   1.315473e+19   0.000000e+00  -9.839598e+31  -1.199648e+31   1.346656e+33   0.000000e+00   0.000000e+00   0.000000e+00   0.000000e+00   0.000000e+00   0.000000e+00   0.000000e+00   0.000000e+00   0.000000e+00   0.000000e+00   0.000000e+00   0.000000e+00   0.000000e+00
             20   9.763200e+06      1.0000000      0.0000000   5.683000e+26   0.000000e+00   5.683000e+26   0.000000e+00   0.000000e+00   0.000000e+00   0.000000e+00   0.000000e+00   0.000000e+00   4.620271e+23   0.000000e+00  -9.246497e+23   0.000000e+00   0.000000e+00   7.479894e+12   7.479894e+12   7.479894e+12  -1.603829e+18   1.315474e+19   0.000000e+00  -9.839597e+31  -1.199646e+31   1.346656e+33   0.000000e+00   0.000000e+00   0.000000e+00   0.000000e+00   0.000000e+00   0.000000e+00   0.000000e+00   0.000000e+00   0.000000e+00   0.000000e+00   0.000000e+00   0.000000e+00   0.000000e+00
             20   9.849600e+06      1.0000000      0.0000000   5.683000e+26   0.000000e+00   5.683000e+26   0.000000e+00   0.000000e+00   0.000000e+00   0.000000e+00   0.000000e+00   0.000000e+00   4.620271e+23   0.000000e+00  -9.246497e+23   0.000000e+00   0.000000e+00   7.479894e+12   7.479894e+12   7.479894e+12  -1.603837e+18   1.315474e+19   0.000000e+00  -9.839596e+31  -1.199653e+31   1.346656e+33   0.000000e+00   0.000000e+00   0.000000e+00   0.000000e+00   0.000000e+00   0.000000e+00   0.000000e+00   0.000000e+00   0.000000e+00   0.000000e+00   0.000000e+00   0.000000e+00   0.000000e+00
             20   9.936000e+06      1.0000000      0.0000000   5.683000e+26   0.000000e+00   5.683000e+26   0.000000e+00   0.000000e+00   0.000000e+00   0.000000e+00   0.000000e+00   0.000000e+00   4.620271e+23   0.000000e+00  -9.246497e+23   0.000000e+00   0.000000e+00   7.479894e+12   7.479894e+12   7.479894e+12  -1.603825e+18   1.315474e+19   0.000000e+00  -9.839606e+31  -1.199648e+31   1.346656e+33   0.000000e+00   0.000000e+00   0.000000e+00   0.000000e+00   0.000000e+00   0.000000e+00   0.000000e+00   0.000000e+00   0.000000e+00   0.000000e+00   0.000000e+00   0.000000e+00   0.000000e+00
             20   1.002240e+07      1.0000000      0.0000000   5.683000e+26   0.000000e+00   5.683000e+26   0.000000e+00   0.000000e+00   0.000000e+00   0.000000e+00   0.000000e+00   0.000000e+00   4.620271e+23   0.000000e+00  -9.246497e+23   0.000000e+00   0.000000e+00   7.479894e+12   7.479894e+12   7.479894e+12  -1.603820e+18   1.315472e+19   0.000000e+00  -9.839589e+31  -1.199643e+31   1.346656e+33   0.000000e+00   0.000000e+00   0.000000e+00   0.000000e+00   0.000000e+00   0.000000e+00   0.000000e+00   0.000000e+00   0.000000e+00   0.000000e+00   0.000000e+00   0.000000e+00   0.000000e+00
             21   1.010880e+07      1.0000000      0.0000000   5.683000e+26   0.000000e+00   5.683000e+26   0.000000e+00   0.000000e+00   0.000000e+00   0.000000e+00   0.000000e+00   0.000000e+00   4.620270e+23   0.000000e+00  -9.246497e+23   0.000000e+00   0.000000e+00   7.479894e+12   7.479894e+12   7.479894e+12  -1.603830e+18   1.315471e+19   0.000000e+00  -9.839584e+31  -1.199645e+31   1.346656e+33   0.000000e+00   0.000000e+00   0.000000e+00   0.000000e+00   0.000000e+00   0.000000e+00   0.000000e+00   0.000000e+00   0.000000e+00   0.000000e+00   0.000000e+00   0.000000e+00   0.000000e+00
             21   1.019520e+07      1.0000000      0.0000000   5.683000e+26   0.000000e+00   5.683000e+26   0.000000e+00   0.000000e+00   0.000000e+00   0.000000e+00   0.000000e+00   0.000000e+00   4.620270e+23   0.000000e+00  -9.246497e+23   0.000000e+00   0.000000e+00   7.479894e+12   7.479894e+12   7.479894e+12  -1.603827e+18   1.315472e+19   0.000000e+00  -9.839590e+31  -1.199642e+31   1.346656e+33   0.000000e+00   0.000000e+00   0.000000e+00   0.000000e+00   0.000000e+00   0.000000e+00   0.000000e+00   0.000000e+00   0.000000e+00   0.000000e+00   0.000000e+00   0.000000e+00   0.000000e+00
             21   1.028160e+07      1.0000000      0.0000000   5.683000e+26   0.000000e+00   5.683000e+26   0.000000e+00   0.000000e+00   0.000000e+00   0.000000e+00   0.000000e+00   0.000000e+00   4.620270e+23   0.000000e+00  -9.246497e+23   0.000000e+00   0.000000e+00   7.479894e+12   7.479894e+12   7.479894e+12  -1.603815e+18   1.315473e+19   0.000000e+00  -9.839599e+31  -1.199639e+31   1.346656e+33   0.000000e+00   0.000000e+00   0.000000e+00   0.000000e+00   0.000000e+00   0.000000e+00   0.000000e+00   0.000000e+00   0.000000e+00   0.000000e+00   0.000000e+00   0.000000e+00   0.000000e+00
             21   1.036800e+07      1.0000000      0.0000000   5.683000e+26   0.000000e+00   5.683000e+26   0.000000e+00   0.000000e+00   0.000000e+00   0.000000e+00   0.000000e+00   0.000000e+00   4.620271e+23   0.000000e+00  -9.246497e+23   0.000000e+00   0.000000e+00   7.479894e+12   7.479894e+12   7.479894e+12  -1.603812e+18   1.315472e+19   0.000000e+00  -9.839596e+31  -1.199635e+31   1.346656e+33   0.000000e+00   0.000000e+00   0.000000e+00   0.000000e+00   0.000000e+00   0.000000e+00   0.000000e+00   0.000000e+00   0.000000e+00   0.000000e+00   0.000000e+00   0.000000e+00   0.000000e+00
             21   1.045440e+07      1.0000000      0.0000000   5.683000e+26   0.000000e+00   5.683000e+26   0.000000e+00   0.000000e+00   0.000000e+00   0.000000e+00   0.000000e+00   0.000000e+00   4.620271e+23   0.000000e+00  -9.246497e+23   0.000000e+00   0.000000e+00   7.479894e+12   7.479894e+12   7.479894e+12  -1.603816e+18   1.315472e+19   0.000000e+00  -9.839596e+31  -1.199641e+31   1.346656e+33   0.000000e+00   0.000000e+00   0.000000e+00   0.000000e+00   0.000000e+00   0.000000e+00   0.000000e+00   0.000000e+00   0.000000e+00   0.000000e+00   0.000000e+00   0.000000e+00   0.000000e+00
             21   1.054080e+07      1.0000000      0.0000000   5.683000e+26   0.000000e+00   5.683000e+26   0.000000e+00   0.000000e+00   0.000000e+00   0.000000e+00   0.000000e+00   0.000000e+00   4.620271e+23   0.000000e+00  -9.246497e+23   0.000000e+00   0.000000e+00   7.479894e+12   7.479894e+12   7.479894e+12  -1.603825e+18   1.315472e+19   0.000000e+00  -9.839590e+31  -1.199643e+31   1.346656e+33   0.000000e+00   0.000000e+00   0.000000e+00   0.000000e+00   0.000000e+00   0.000000e+00   0.000000e+00   0.000000e+00   0.000000e+00   0.000000e+00   0.000000e+00   0.000000e+00   0.000000e+00
             22   1.062720e+07      1.0000000      0.0000000   5.683000e+26   0.000000e+00   5.683000e+26   0.000000e+00   0.000000e+00   0.000000e+00   0.000000e+00   0.000000e+00   0.000000e+00   4.620270e+23   0.000000e+00  -9.246496e+23   0.000000e+00   0.000000e+00   7.479894e+12   7.479894e+12   7.479894e+12  -1.603826e+18   1.315472e+19   0.000000e+00  -9.839592e+31  -1.199639e+31   1.346656e+33   0.000000e+00   0.000000e+00   0.000000e+00   0.000000e+00   0.000000e+00   0.000000e+00   0.000000e+00   0.000000e+00   0.000000e+00   0.000000e+00   0.000000e+00   0.000000e+00   0.000000e+00
             22   1.071360e+07      1.0000000      0.0000000   5.683000e+26   0.000000e+00   5.683000e+26   0.000000e+00   0.000000e+00   0.000000e+00   0.000000e+00   0.000000e+00   0.000000e+00   4.620270e+23   0.000000e+00  -9.246496e+23   0.000000e+00   0.000000e+00   7.479894e+12   7.479894e+12   7.479894e+12  -1.603847e+18   1.315472e+19   0.000000e+00  -9.839589e+31  -1.199656e+31   1.346656e+33   0.000000e+00   0.000000e+00   0.000000e+00   0.000000e+00   0.000000e+00   0.000000e+00   0.000000e+00   0.000000e+00   0.000000e+00   0.000000e+00   0.000000e+00   0.000000e+00   0.000000e+00
             22   1.080000e+07      1.0000000      0.0000000   5.683000e+26   0.000000e+00   5.683000e+26   0.000000e+00   0.000000e+00   0.000000e+00   0.000000e+00   0.000000e+00   0.000000e+00   4.620271e+23   0.000000e+00  -9.246496e+23   0.000000e+00   0.000000e+00   7.479894e+12   7.479894e+12   7.479894e+12  -1.603813e+18   1.315473e+19   0.000000e+00  -9.839592e+31  -1.199642e+31   1.346656e+33   0.000000e+00   0.000000e+00   0.000000e+00   0.000000e+00   0.000000e+00   0.000000e+00   0.000000e+00   0.000000e+00   0.000000e+00   0.000000e+00   0.000000e+00   0.000000e+00   0.000000e+00
             22   1.088640e+07      1.0000000      0.0000000   5.683000e+26   0.000000e+00   5.683000e+26   0.000000e+00   0.000000e+00   0.000000e+00   0.000000e+00   0.000000e+00   0.000000e+00   4.620271e+23   0.000000e+00  -9.246496e+23   0.000000e+00   0.000000e+00   7.479894e+12   7.479894e+12   7.479894e+12  -1.603834e+18   1.315473e+19   0.000000e+00  -9.839594e+31  -1.199651e+31   1.346656e+33   0.000000e+00   0.000000e+00   0.000000e+00   0.000000e+00   0.000000e+00   0.000000e+00   0.000000e+00   0.000000e+00   0.000000e+00   0.000000e+00   0.000000e+00   0.000000e+00   0.000000e+00
             22   1.097280e+07      1.0000000      0.0000000   5.683000e+26   0.000000e+00   5.683000e+26   0.000000e+00   0.000000e+00   0.000000e+00   0.000000e+00   0.000000e+00   0.000000e+00   4.620271e+23   0.000000e+00  -9.246496e+23   0.000000e+00   0.000000e+00   7.479894e+12   7.479894e+12   7.479894e+12  -1.603837e+18   1.315471e+19   0.000000e+00  -9.839586e+31  -1.199646e+31   1.346656e+33   0.000000e+00   0.000000e+00   0.000000e+00   0.000000e+00   0.000000e+00   0.000000e+00   0.000000e+00   0.000000e+00   0.000000e+00   0.000000e+00   0.000000e+00   0.000000e+00   0.000000e+00
             23   1.105920e+07      1.0000000      0.0000000   5.683000e+26   0.000000e+00   5.683000e+26   0.000000e+00   0.000000e+00   0.000000e+00   0.000000e+00   0.000000e+00   0.000000e+00   4.620270e+23   0.000000e+00  -9.246497e+23   0.000000e+00   0.000000e+00   7.479894e+12   7.479894e+12   7.479894e+12  -1.603801e+18   1.315474e+19   0.000000e+00  -9.839602e+31  -1.199627e+31   1.346656e+33   0.000000e+00   0.000000e+00   0.000000e+00   0.000000e+00   0.000000e+00   0.000000e+00   0.000000e+00   0.000000e+00   0.000000e+00   0.000000e+00   0.000000e+00   0.000000e+00   0.000000e+00
             23   1.114560e+07      1.0000000      0.0000000   5.683000e+26   0.000000e+00   5.683000e+26   0.000000e+00   0.000000e+00   0.000000e+00   0.000000e+00   0.000000e+00   0.000000e+00   4.620270e+23   0.000000e+00  -9.246497e+23   0.000000e+00   0.000000e+00   7.479894e+12   7.479894e+12   7.479894e+12  -1.603811e+18   1.315473e+19   0.000000e+00  -9.839597e+31  -1.199631e+31   1.346656e+33   0.000000e+00   0.000000e+00   0.000000e+00   0.000000e+00   0.000000e+00   0.000000e+00   0.000000e+00   0.000000e+00   0.000000e+00   0.000000e+00   0.000000e+00   0.000000e+00   0.000000e+00
             23   1.123200e+07      1.0000000      0.0000000   5.683000e+26   0.000000e+00   5.683000e+26   0.000000e+00   0.000000e+00   0.000000e+00   0.000000e+00   0.000000e+00   0.000000e+00   4.620270e+23   0.000000e+00  -9.246497e+23   0.000000e+00   0.000000e+00   7.479894e+12   7.479894e+12   7.479894e+12  -1.603812e+18   1.315473e+19   0.000000e+00  -9.839603e+31  -1.199634e+31   1.346656e+33   0.000000e+00   0.000000e+00   0.000000e+00   0.000000e+00   0.000000e+00   0.000000e+00   0.000000e+00   0.000000e+00   0.000000e+00   0.000000e+00   0.000000e+00   0.000000e+00   0.000000e+00
             23   1.131840e+07      1.0000000      0.0000000   5.683000e+26   0.000000e+00   5.683000e+26   0.000000e+00   0.000000e+00   0.000000e+00   0.000000e+00   0.000000e+00   0.000000e+00   4.620271e+23   0.000000e+00  -9.246497e+23   0.000000e+00   0.000000e+00   7.479894e+12   7.479894e+12   7.479894e+12  -1.603802e+18   1.315471e+19   0.000000e+00  -9.839585e+31  -1.199635e+31   1.346656e+33   0.000000e+00   0.000000e+00   0.000000e+00   0.000000e+00   0.000000e+00   0.000000e+00   0.000000e+00   0.000000e+00   0.000000e+00   0.000000e+00   0.000000e+00   0.000000e+00   0.000000e+00
             23   1.140480e+07      1.0000000      0.0000000   5.683000e+26   0.000000e+00   5.683000e+26   0.000000e+00   0.000000e+00   0.000000e+00   0.000000e+00   0.000000e+00   0.000000e+00   4.620271e+23   0.000000e+00  -9.246497e+23   0.000000e+00   0.000000e+00   7.479894e+12   7.479894e+12   7.479894e+12  -1.603809e+18   1.315474e+19   0.000000e+00  -9.839600e+31  -1.199631e+31   1.346656e+33   0.000000e+00   0.000000e+00   0.000000e+00   0.000000e+00   0.000000e+00   0.000000e+00   0.000000e+00   0.000000e+00   0.000000e+00   0.000000e+00   0.000000e+00   0.000000e+00   0.000000e+00
             23   1.149120e+07      1.0000000      0.0000000   5.683000e+26   0.000000e+00   5.683000e+26   0.000000e+00   0.000000e+00   0.000000e+00   0.000000e+00   0.000000e+00   0.000000e+00   4.620271e+23   0.000000e+00  -9.246497e+23   0.000000e+00   0.000000e+00   7.479894e+12   7.479894e+12   7.479894e+12  -1.603806e+18   1.315473e+19   0.000000e+00  -9.839595e+31  -1.199627e+31   1.346656e+33   0.000000e+00   0.000000e+00   0.000000e+00   0.000000e+00   0.000000e+00   0.000000e+00   0.000000e+00   0.000000e+00   0.000000e+00   0.000000e+00   0.000000e+00   0.000000e+00   0.000000e+00
             24   1.157760e+07      1.0000000      0.0000000   5.683000e+26   0.000000e+00   5.683000e+26   0.000000e+00   0.000000e+00   0.000000e+00   0.000000e+00   0.000000e+00   0.000000e+00   4.620270e+23   0.000000e+00  -9.246497e+23   0.000000e+00   0.000000e+00   7.479894e+12   7.479894e+12   7.479894e+12  -1.603791e+18   1.315474e+19   0.000000e+00  -9.839605e+31  -1.199624e+31   1.346656e+33   0.000000e+00   0.000000e+00   0.000000e+00   0.000000e+00   0.000000e+00   0.000000e+00   0.000000e+00   0.000000e+00   0.000000e+00   0.000000e+00   0.000000e+00   0.000000e+00   0.000000e+00
             24   1.166400e+07      1.0000000      0.0000000   5.683000e+26   0.000000e+00   5.683000e+26   0.000000e+00   0.000000e+00   0.000000e+00   0.000000e+00   0.000000e+00   0.000000e+00   4.620271e+23   0.000000e+00  -9.246497e+23   0.000000e+00   0.000000e+00   7.479894e+12   7.479894e+12   7.479894e+12  -1.603809e+18   1.315474e+19   0.000000e+00  -9.839610e+31  -1.199635e+31   1.346656e+33   0.000000e+00   0.000000e+00   0.000000e+00   0.000000e+00   0.000000e+00   0.000000e+00   0.000000e+00   0.000000e+00   0.000000e+00   0.000000e+00   0.000000e+00   0.000000e+00   0.000000e+00
             24   1.175040e+07      1.0000000      0.0000000   5.683000e+26   0.000000e+00   5.683000e+26   0.000000e+00   0.000000e+00   0.000000e+00   0.000000e+00   0.000000e+00   0.000000e+00   4.620271e+23   0.000000e+00  -9.246497e+23   0.000000e+00   0.000000e+00   7.479894e+12   7.479894e+12   7.479894e+12  -1.603788e+18   1.315474e+19   0.000000e+00  -9.839601e+31  -1.199618e+31   1.346656e+33   0.000000e+00   0.000000e+00   0.000000e+00   0.000000e+00   0.000000e+00   0.000000e+00   0.000000e+00   0.000000e+00   0.000000e+00   0.000000e+00   0.000000e+00   0.000000e+00   0.000000e+00
             24   1.183680e+07      1.0000000      0.0000000   5.683000e+26   0.000000e+00   5.683000e+26   0.000000e+00   0.000000e+00   0.000000e+00   0.000000e+00   0.000000e+00   0.000000e+00   4.620271e+23   0.000000e+00  -9.246497e+23   0.000000e+00   0.000000e+00   7.479894e+12   7.479894e+12   7.479894e+12  -1.603818e+18   1.315475e+19   0.000000e+00  -9.839611e+31  -1.199635e+31   1.346656e+33   0.000000e+00   0.000000e+00   0.000000e+00   0.000000e+00   0.000000e+00   0.000000e+00   0.000000e+00   0.000000e+00   0.000000e+00   0.000000e+00   0.000000e+00   0.000000e+00   0.000000e+00
             24   1.192320e+07      1.0000000      0.0000000   5.683000e+26   0.000000e+00   5.683000e+26   0.000000e+00   0.000000e+00   0.000000e+00   0.000000e+00   0.000000e+00   0.000000e+00   4.620271e+23   0.000000e+00  -9.246497e+23   0.000000e+00   0.000000e+00   7.479894e+12   7.479894e+12   7.479894e+12  -1.603789e+18   1.315473e+19   0.000000e+00  -9.839608e+31  -1.199621e+31   1.346656e+33   0.000000e+00   0.000000e+00   0.000000e+00   0.000000e+00   0.000000e+00   0.000000e+00   0.000000e+00   0.000000e+00   0.000000e+00   0.000000e+00   0.000000e+00   0.000000e+00   0.000000e+00
             24   1.200960e+07      1.0000000      0.0000000   5.683000e+26   0.000000e+00   5.683000e+26   0.000000e+00   0.000000e+00   0.000000e+00   0.000000e+00   0.000000e+00   0.000000e+00   4.620271e+23   0.000000e+00  -9.246497e+23   0.000000e+00   0.000000e+00   7.479894e+12   7.479894e+12   7.479894e+12  -1.603803e+18   1.315475e+19   0.000000e+00  -9.839609e+31  -1.199629e+31   1.346656e+33   0.000000e+00   0.000000e+00   0.000000e+00   0.000000e+00   0.000000e+00   0.000000e+00   0.000000e+00   0.000000e+00   0.000000e+00   0.000000e+00   0.000000e+00   0.000000e+00   0.000000e+00
             25   1.209600e+07      1.0000000      0.0000000   5.683000e+26   0.000000e+00   5.683000e+26   0.000000e+00   0.000000e+00   0.000000e+00   0.000000e+00   0.000000e+00   0.000000e+00   4.620270e+23   0.000000e+00  -9.246497e+23   0.000000e+00   0.000000e+00   7.479894e+12   7.479894e+12   7.479894e+12  -1.603816e+18   1.315475e+19   0.000000e+00  -9.839612e+31  -1.199635e+31   1.346656e+33   0.000000e+00   0.000000e+00   0.000000e+00   0.000000e+00   0.000000e+00   0.000000e+00   0.000000e+00   0.000000e+00   0.000000e+00   0.000000e+00   0.000000e+00   0.000000e+00   0.000000e+00
             25   1.218240e+07      1.0000000      0.0000000   5.683000e+26   0.000000e+00   5.683000e+26   0.000000e+00   0.000000e+00   0.000000e+00   0.000000e+00   0.000000e+00   0.000000e+00   4.620271e+23   0.000000e+00  -9.246497e+23   0.000000e+00   0.000000e+00   7.479894e+12   7.479894e+12   7.479894e+12  -1.603808e+18   1.315476e+19   0.000000e+00  -9.839620e+31  -1.199630e+31   1.346656e+33   0.000000e+00   0.000000e+00   0.000000e+00   0.000000e+00   0.000000e+00   0.000000e+00   0.000000e+00   0.000000e+00   0.000000e+00   0.000000e+00   0.000000e+00   0.000000e+00   0.000000e+00
             25   1.226880e+07      1.0000000      0.0000000   5.683000e+26   0.000000e+00   5.683000e+26   0.000000e+00   0.000000e+00   0.000000e+00   0.000000e+00   0.000000e+00   0.000000e+00   4.620271e+23   0.000000e+00  -9.246497e+23   0.000000e+00   0.000000e+00   7.479894e+12   7.479894e+12   7.479894e+12  -1.603816e+18   1.315474e+19   0.000000e+00  -9.839603e+31  -1.199635e+31   1.346656e+33   0.000000e+00   0.000000e+00   0.000000e+00   0.000000e+00   0.000000e+00   0.000000e+00   0.000000e+00   0.000000e+00   0.000000e+00   0.000000e+00   0.000000e+00   0.000000e+00   0.000000e+00
             25   1.235520e+07      1.0000000      0.0000000   5.683000e+26   0.000000e+00   5.683000e+26   0.000000e+00   0.000000e+00   0.000000e+00   0.000000e+00   0.000000e+00   0.000000e+00   4.620271e+23   0.000000e+00  -9.246497e+23   0.000000e+00   0.000000e+00   7.479894e+12   7.479894e+12   7.479894e+12  -1.603821e+18   1.315475e+19   0.000000e+00  -9.839611e+31  -1.199640e+31   1.346656e+33   0.000000e+00   0.000000e+00   0.000000e+00   0.000000e+00   0.000000e+00   0.000000e+00   0.000000e+00   0.000000e+00   0.000000e+00   0.000000e+00   0.000000e+00   0.000000e+00   0.000000e+00
             25   1.244160e+07      1.0000000      0.0000000   5.683000e+26   0.000000e+00   5.683000e+26   0.000000e+00   0.000000e+00   0.000000e+00   0.000000e+00   0.000000e+00   0.000000e+00   4.620271e+23   0.000000e+00  -9.246497e+23   0.000000e+00   0.000000e+00   7.479894e+12   7.479894e+12   7.479894e+12  -1.603813e+18   1.315473e+19   0.000000e+00  -9.839605e+31  -1.199637e+31   1.346656e+33   0.000000e+00   0.000000e+00   0.000000e+00   0.000000e+00   0.000000e+00   0.000000e+00   0.000000e+00   0.000000e+00   0.000000e+00   0.000000e+00   0.000000e+00   0.000000e+00   0.000000e+00
             26   1.252800e+07      1.0000000      0.0000000   5.683000e+26   0.000000e+00   5.683000e+26   0.000000e+00   0.000000e+00   0.000000e+00   0.000000e+00   0.000000e+00   0.000000e+00   4.620270e+23   0.000000e+00  -9.246497e+23   0.000000e+00   0.000000e+00   7.479894e+12   7.479894e+12   7.479894e+12  -1.603815e+18   1.315475e+19   0.000000e+00  -9.839604e+31  -1.199632e+31   1.346656e+33   0.000000e+00   0.000000e+00   0.000000e+00   0.000000e+00   0.000000e+00   0.000000e+00   0.000000e+00   0.000000e+00   0.000000e+00   0.000000e+00   0.000000e+00   0.000000e+00   0.000000e+00
             26   1.261440e+07      1.0000000      0.0000000   5.683000e+26   0.000000e+00   5.683000e+26   0.000000e+00   0.000000e+00   0.000000e+00   0.000000e+00   0.000000e+00   0.000000e+00   4.620271e+23   0.000000e+00  -9.246497e+23   0.000000e+00   0.000000e+00   7.479894e+12   7.479894e+12   7.479894e+12  -1.603790e+18   1.315473e+19   0.000000e+00  -9.839604e+31  -1.199624e+31   1.346656e+33   0.000000e+00   0.000000e+00   0.000000e+00   0.000000e+00   0.000000e+00   0.000000e+00   0.000000e+00   0.000000e+00   0.000000e+00   0.000000e+00   0.000000e+00   0.000000e+00   0.000000e+00
             26   1.270080e+07      1.0000000      0.0000000   5.683000e+26   0.000000e+00   5.683000e+26   0.000000e+00   0.000000e+00   0.000000e+00   0.000000e+00   0.000000e+00   0.000000e+00   4.620271e+23   0.000000e+00  -9.246497e+23   0.000000e+00   0.000000e+00   7.479894e+12   7.479894e+12   7.479894e+12  -1.603785e+18   1.315474e+19   0.000000e+00  -9.839605e+31  -1.199615e+31   1.346656e+33   0.000000e+00   0.000000e+00   0.000000e+00   0.000000e+00   0.000000e+00   0.000000e+00   0.000000e+00   0.000000e+00   0.000000e+00   0.000000e+00   0.000000e+00   0.000000e+00   0.000000e+00
             26   1.278720e+07      1.0000000      0.0000000   5.683000e+26   0.000000e+00   5.683000e+26   0.000000e+00   0.000000e+00   0.000000e+00   0.000000e+00   0.000000e+00   0.000000e+00   4.620271e+23   0.000000e+00  -9.246497e+23   0.000000e+00   0.000000e+00   7.479894e+12   7.479894e+12   7.479894e+12  -1.603791e+18   1.315475e+19   0.000000e+00  -9.839612e+31  -1.199616e+31   1.346656e+33   0.000000e+00   0.000000e+00   0.000000e+00   0.000000e+00   0.000000e+00   0.000000e+00   0.000000e+00   0.000000e+00   0.000000e+00   0.000000e+00   0.000000e+00   0.000000e+00   0.000000e+00
             26   1.287360e+07      1.0000000      0.0000000   5.683000e+26   0.000000e+00   5.683000e+26   0.000000e+00   0.000000e+00   0.000000e+00   0.000000e+00   0.000000e+00   0.000000e+00   4.620271e+23   0.000000e+00  -9.246497e+23   0.000000e+00   0.000000e+00   7.479894e+12   7.479894e+12   7.479894e+12  -1.603784e+18   1.315474e+19   0.000000e+00  -9.839607e+31  -1.199617e+31   1.346656e+33   0.000000e+00   0.000000e+00   0.000000e+00   0.000000e+00   0.000000e+00   0.000000e+00   0.000000e+00   0.000000e+00   0.000000e+00   0.000000e+00   0.000000e+00   0.000000e+00   0.000000e+00
             26   1.296000e+07      1.0000000      0.0000000   5.683000e+26   0.000000e+00   5.683000e+26   0.000000e+00   0.000000e+00   0.000000e+00   0.000000e+00   0.000000e+00   0.000000e+00   4.620271e+23   0.000000e+00  -9.246497e+23   0.000000e+00   0.000000e+00   7.479894e+12   7.479894e+12   7.479894e+12  -1.603797e+18   1.315476e+19   0.000000e+00  -9.839614e+31  -1.199621e+31   1.346656e+33   0.000000e+00   0.000000e+00   0.000000e+00   0.000000e+00   0.000000e+00   0.000000e+00   0.000000e+00   0.000000e+00   0.000000e+00   0.000000e+00   0.000000e+00   0.000000e+00   0.000000e+00
             27   1.304640e+07      1.0000000      0.0000000   5.683000e+26   0.000000e+00   5.683000e+26   0.000000e+00   0.000000e+00   0.000000e+00   0.000000e+00   0.000000e+00   0.000000e+00   4.620271e+23   0.000000e+00  -9.246496e+23   0.000000e+00   0.000000e+00   7.479894e+12   7.479894e+12   7.479894e+12  -1.603783e+18   1.315476e+19   0.000000e+00  -9.839614e+31  -1.199610e+31   1.346656e+33   0.000000e+00   0.000000e+00   0.000000e+00   0.000000e+00   0.000000e+00   0.000000e+00   0.000000e+00   0.000000e+00   0.000000e+00   0.000000e+00   0.000000e+00   0.000000e+00   0.000000e+00
             27   1.313280e+07      1.0000000      0.0000000   5.683000e+26   0.000000e+00   5.683000e+26   0.000000e+00   0.000000e+00   0.000000e+00   0.000000e+00   0.000000e+00   0.000000e+00   4.620271e+23   0.000000e+00  -9.246496e+23   0.000000e+00   0.000000e+00   7.479894e+12   7.479894e+12   7.479894e+12  -1.603775e+18   1.315473e+19   0.000000e+00  -9.839602e+31  -1.199601e+31   1.346656e+33   0.000000e+00   0.000000e+00   0.000000e+00   0.000000e+00   0.000000e+00   0.000000e+00   0.000000e+00   0.000000e+00   0.000000e+00   0.000000e+00   0.000000e+00   0.000000e+00   0.000000e+00
             27   1.321920e+07      1.0000000      0.0000000   5.683000e+26   0.000000e+00   5.683000e+26   0.000000e+00   0.000000e+00   0.000000e+00   0.000000e+00   0.000000e+00   0.000000e+00   4.620271e+23   0.000000e+00  -9.246496e+23   0.000000e+00   0.000000e+00   7.479894e+12   7.479894e+12   7.479894e+12  -1.603777e+18   1.315475e+19   0.000000e+00  -9.839611e+31  -1.199608e+31   1.346656e+33   0.000000e+00   0.000000e+00   0.000000e+00   0.000000e+00   0.000000e+00   0.000000e+00   0.000000e+00   0.000000e+00   0.000000e+00   0.000000e+00   0.000000e+00   0.000000e+00   0.000000e+00
             27   1.330560e+07      1.0000000      0.0000000   5.683000e+26   0.000000e+00   5.683000e+26   0.000000e+00   0.000000e+00   0.000000e+00   0.000000e+00   0.000000e+00   0.000000e+00   4.620271e+23   0.000000e+00  -9.246496e+23   0.000000e+00   0.000000e+00   7.479894e+12   7.479894e+12   7.479894e+12  -1.603773e+18   1.315476e+19   0.000000e+00  -9.839617e+31  -1.199601e+31   1.346656e+33   0.000000e+00   0.000000e+00   0.000000e+00   0.000000e+00   0.000000e+00   0.000000e+00   0.000000e+00   0.000000e+00   0.000000e+00   0.000000e+00   0.000000e+00   0.000000e+00   0.000000e+00
             27   1.339200e+07      1.0000000      0.0000000   5.683000e+26   0.000000e+00   5.683000e+26   0.000000e+00   0.000000e+00   0.000000e+00   0.000000e+00   0.000000e+00   0.000000e+00   4.620271e+23   0.000000e+00  -9.246496e+23   0.000000e+00   0.000000e+00   7.479894e+12   7.479894e+12   7.479894e+12  -1.603772e+18   1.315476e+19   0.000000e+00  -9.839612e+31  -1.199606e+31   1.346656e+33   0.000000e+00   0.000000e+00   0.000000e+00   0.000000e+00   0.000000e+00   0.000000e+00   0.000000e+00   0.000000e+00   0.000000e+00   0.000000e+00   0.000000e+00   0.000000e+00   0.000000e+00
             28   1.347840e+07      1.0000000      0.0000000   5.683000e+26   0.000000e+00   5.683000e+26   0.000000e+00   0.000000e+00   0.000000e+00   0.000000e+00   0.000000e+00   0.000000e+00   4.620270e+23   0.000000e+00  -9.246497e+23   0.000000e+00   0.000000e+00   7.479894e+12   7.479894e+12   7.479894e+12  -1.603766e+18   1.315472e+19   0.000000e+00  -9.839599e+31  -1.199604e+31   1.346656e+33   0.000000e+00   0.000000e+00   0.000000e+00   0.000000e+00   0.000000e+00   0.000000e+00   0.000000e+00   0.000000e+00   0.000000e+00   0.000000e+00   0.000000e+00   0.000000e+00   0.000000e+00
             28   1.356480e+07      1.0000000      0.0000000   5.683000e+26   0.000000e+00   5.683000e+26   0.000000e+00   0.000000e+00   0.000000e+00   0.000000e+00   0.000000e+00   0.000000e+00   4.620270e+23   0.000000e+00  -9.246497e+23   0.000000e+00   0.000000e+00   7.479894e+12   7.479894e+12   7.479894e+12  -1.603775e+18   1.315473e+19   0.000000e+00  -9.839604e+31  -1.199607e+31   1.346656e+33   0.000000e+00   0.000000e+00   0.000000e+00   0.000000e+00   0.000000e+00   0.000000e+00   0.000000e+00   0.000000e+00   0.000000e+00   0.000000e+00   0.000000e+00   0.000000e+00   0.000000e+00
             28   1.365120e+07      1.0000000      0.0000000   5.683000e+26   0.000000e+00   5.683000e+26   0.000000e+00   0.000000e+00   0.000000e+00   0.000000e+00   0.000000e+00   0.000000e+00   4.620271e+23   0.000000e+00  -9.246497e+23   0.000000e+00   0.000000e+00   7.479894e+12   7.479894e+12   7.479894e+12  -1.603775e+18   1.315473e+19   0.000000e+00  -9.839602e+31  -1.199610e+31   1.346656e+33   0.000000e+00   0.000000e+00   0.000000e+00   0.000000e+00   0.000000e+00   0.000000e+00   0.000000e+00   0.000000e+00   0.000000e+00   0.000000e+00   0.000000e+00   0.000000e+00   0.000000e+00
             28   1.373760e+07      1.0000000      0.0000000   5.683000e+26   0.000000e+00   5.683000e+26   0.000000e+00   0.000000e+00   0.000000e+00   0.000000e+00   0.000000e+00   0.000000e+00   4.620271e+23   0.000000e+00  -9.246497e+23   0.000000e+00   0.000000e+00   7.479894e+12   7.479894e+12   7.479894e+12  -1.603781e+18   1.315473e+19   0.000000e+00  -9.839600e+31  -1.199612e+31   1.346656e+33   0.000000e+00   0.000000e+00   0.000000e+00   0.000000e+00   0.000000e+00   0.000000e+00   0.000000e+00   0.000000e+00   0.000000e+00   0.000000e+00   0.000000e+00   0.000000e+00   0.000000e+00
             28   1.382400e+07      1.0000000      0.0000000   5.683000e+26   0.000000e+00   5.683000e+26   0.000000e+00   0.000000e+00   0.000000e+00   0.000000e+00   0.000000e+00   0.000000e+00   4.620271e+23   0.000000e+00  -9.246497e+23   0.000000e+00   0.000000e+00   7.479894e+12   7.479894e+12   7.479894e+12  -1.603791e+18   1.315474e+19   0.000000e+00  -9.839607e+31  -1.199616e+31   1.346656e+33   0.000000e+00   0.000000e+00   0.000000e+00   0.000000e+00   0.000000e+00   0.000000e+00   0.000000e+00   0.000000e+00   0.000000e+00   0.000000e+00   0.000000e+00   0.000000e+00   0.000000e+00
             28   1.391040e+07      1.0000000      0.0000000   5.683000e+26   0.000000e+00   5.683000e+26   0.000000e+00   0.000000e+00   0.000000e+00   0.000000e+00   0.000000e+00   0.000000e+00   4.620271e+23   0.000000e+00  -9.246497e+23   0.000000e+00   0.000000e+00   7.479894e+12   7.479894e+12   7.479894e+12  -1.603775e+18   1.315474e+19   0.000000e+00  -9.839605e+31  -1.199606e+31   1.346656e+33   0.000000e+00   0.000000e+00   0.000000e+00   0.000000e+00   0.000000e+00   0.000000e+00   0.000000e+00   0.000000e+00   0.000000e+00   0.000000e+00   0.000000e+00   0.000000e+00   0.000000e+00
             29   1.399680e+07      1.0000000      0.0000000   5.683000e+26   0.000000e+00   5.683000e+26   0.000000e+00   0.000000e+00   0.000000e+00   0.000000e+00   0.000000e+00   0.000000e+00   4.620271e+23   0.000000e+00  -9.246497e+23   0.000000e+00   0.000000e+00   7.479894e+12   7.479894e+12   7.479894e+12  -1.603764e+18   1.315475e+19   0.000000e+00  -9.839615e+31  -1.199597e+31   1.346656e+33   0.000000e+00   0.000000e+00   0.000000e+00   0.000000e+00   0.000000e+00   0.000000e+00   0.000000e+00   0.000000e+00   0.000000e+00   0.000000e+00   0.000000e+00   0.000000e+00   0.000000e+00
             29   1.408320e+07      1.0000000      0.0000000   5.683000e+26   0.000000e+00   5.683000e+26   0.000000e+00   0.000000e+00   0.000000e+00   0.000000e+00   0.000000e+00   0.000000e+00   4.620271e+23   0.000000e+00  -9.246497e+23   0.000000e+00   0.000000e+00   7.479894e+12   7.479894e+12   7.479894e+12  -1.603777e+18   1.315475e+19   0.000000e+00  -9.839607e+31  -1.199606e+31   1.346656e+33   0.000000e+00   0.000000e+00   0.000000e+00   0.000000e+00   0.000000e+00   0.000000e+00   0.000000e+00   0.000000e+00   0.000000e+00   0.000000e+00   0.000000e+00   0.000000e+00   0.000000e+00
             29   1.416960e+07      1.0000000      0.0000000   5.683000e+26   0.000000e+00   5.683000e+26   0.000000e+00   0.000000e+00   0.000000e+00   0.000000e+00   0.000000e+00   0.000000e+00   4.620271e+23   0.000000e+00  -9.246497e+23   0.000000e+00   0.000000e+00   7.479894e+12   7.479894e+12   7.479894e+12  -1.603773e+18   1.315476e+19   0.000000e+00  -9.839617e+31  -1.199605e+31   1.346656e+33   0.000000e+00   0.000000e+00   0.000000e+00   0.000000e+00   0.000000e+00   0.000000e+00   0.000000e+00   0.000000e+00   0.000000e+00   0.000000e+00   0.000000e+00   0.000000e+00   0.000000e+00
             29   1.425600e+07      1.0000000      0.0000000   5.683000e+26   0.000000e+00   5.683000e+26   0.000000e+00   0.000000e+00   0.000000e+00   0.000000e+00   0.000000e+00   0.000000e+00   4.620271e+23   0.000000e+00  -9.246497e+23   0.000000e+00   0.000000e+00   7.479894e+12   7.479894e+12   7.479894e+12  -1.603764e+18   1.315474e+19   0.000000e+00  -9.839608e+31  -1.199596e+31   1.346656e+33   0.000000e+00   0.000000e+00   0.000000e+00   0.000000e+00   0.000000e+00   0.000000e+00   0.000000e+00   0.000000e+00   0.000000e+00   0.000000e+00   0.000000e+00   0.000000e+00   0.000000e+00
             29   1.434240e+07      1.0000000      0.0000000   5.683000e+26   0.000000e+00   5.683000e+26   0.000000e+00   0.000000e+00   0.000000e+00   0.000000e+00   0.000000e+00   0.000000e+00   4.620271e+23   0.000000e+00  -9.246497e+23   0.000000e+00   0.000000e+00   7.479894e+12   7.479894e+12   7.479894e+12  -1.603766e+18   1.315474e+19   0.000000e+00  -9.839604e+31  -1.199603e+31   1.346656e+33   0.000000e+00   0.000000e+00   0.000000e+00   0.000000e+00   0.000000e+00   0.000000e+00   0.000000e+00   0.000000e+00   0.000000e+00   0.000000e+00   0.000000e+00   0.000000e+00   0.000000e+00
             30   1.442880e+07      1.0000000      0.0000000   5.683000e+26   0.000000e+00   5.683000e+26   0.000000e+00   0.000000e+00   0.000000e+00   0.000000e+00   0.000000e+00   0.000000e+00   4.620270e+23   0.000000e+00  -9.246497e+23   0.000000e+00   0.000000e+00   7.479894e+12   7.479894e+12   7.479894e+12  -1.603796e+18   1.315473e+19   0.000000e+00  -9.839596e+31  -1.199622e+31   1.346656e+33   0.000000e+00   0.000000e+00   0.000000e+00   0.000000e+00   0.000000e+00   0.000000e+00   0.000000e+00   0.000000e+00   0.000000e+00   0.000000e+00   0.000000e+00   0.000000e+00   0.000000e+00
             30   1.451520e+07      1.0000000      0.0000000   5.683000e+26   0.000000e+00   5.683000e+26   0.000000e+00   0.000000e+00   0.000000e+00   0.000000e+00   0.000000e+00   0.000000e+00   4.620270e+23   0.000000e+00  -9.246497e+23   0.000000e+00   0.000000e+00   7.479894e+12   7.479894e+12   7.479894e+12  -1.603779e+18   1.315473e+19   0.000000e+00  -9.839601e+31  -1.199610e+31   1.346656e+33   0.000000e+00   0.000000e+00   0.000000e+00   0.000000e+00   0.000000e+00   0.000000e+00   0.000000e+00   0.000000e+00   0.000000e+00   0.000000e+00   0.000000e+00   0.000000e+00   0.000000e+00
             30   1.460160e+07      1.0000000      0.0000000   5.683000e+26   0.000000e+00   5.683000e+26   0.000000e+00   0.000000e+00   0.000000e+00   0.000000e+00   0.000000e+00   0.000000e+00   4.620271e+23   0.000000e+00  -9.246497e+23   0.000000e+00   0.000000e+00   7.479894e+12   7.479894e+12   7.479894e+12  -1.603802e+18   1.315473e+19   0.000000e+00  -9.839600e+31  -1.199621e+31   1.346656e+33   0.000000e+00   0.000000e+00   0.000000e+00   0.000000e+00   0.000000e+00   0.000000e+00   0.000000e+00   0.000000e+00   0.000000e+00   0.000000e+00   0.000000e+00   0.000000e+00   0.000000e+00
             30   1.468800e+07      1.0000000      0.0000000   5.683000e+26   0.000000e+00   5.683000e+26   0.000000e+00   0.000000e+00   0.000000e+00   0.000000e+00   0.000000e+00   0.000000e+00   4.620271e+23   0.000000e+00  -9.246497e+23   0.000000e+00   0.000000e+00   7.479894e+12   7.479894e+12   7.479894e+12  -1.603782e+18   1.315474e+19   0.000000e+00  -9.839601e+31  -1.199613e+31   1.346656e+33   0.000000e+00   0.000000e+00   0.000000e+00   0.000000e+00   0.000000e+00   0.000000e+00   0.000000e+00   0.000000e+00   0.000000e+00   0.000000e+00   0.000000e+00   0.000000e+00   0.000000e+00
             30   1.477440e+07      1.0000000      0.0000000   5.683000e+26   0.000000e+00   5.683000e+26   0.000000e+00   0.000000e+00   0.000000e+00   0.000000e+00   0.000000e+00   0.000000e+00   4.620271e+23   0.000000e+00  -9.246497e+23   0.000000e+00   0.000000e+00   7.479894e+12   7.479894e+12   7.479894e+12  -1.603774e+18   1.315473e+19   0.000000e+00  -9.839606e+31  -1.199605e+31   1.346656e+33   0.000000e+00   0.000000e+00   0.000000e+00   0.000000e+00   0.000000e+00   0.000000e+00   0.000000e+00   0.000000e+00   0.000000e+00   0.000000e+00   0.000000e+00   0.000000e+00   0.000000e+00
             30   1.486080e+07      1.0000000      0.0000000   5.683000e+26   0.000000e+00   5.683000e+26   0.000000e+00   0.000000e+00   0.000000e+00   0.000000e+00   0.000000e+00   0.000000e+00   4.620271e+23   0.000000e+00  -9.246497e+23   0.000000e+00   0.000000e+00   7.479894e+12   7.479894e+12   7.479894e+12  -1.603799e+18   1.315473e+19   0.000000e+00  -9.839600e+31  -1.199625e+31   1.346656e+33   0.000000e+00   0.000000e+00   0.000000e+00   0.000000e+00   0.000000e+00   0.000000e+00   0.000000e+00   0.000000e+00   0.000000e+00   0.000000e+00   0.000000e+00   0.000000e+00   0.000000e+00
             31   1.494720e+07      1.0000000      0.0000000   5.683000e+26   0.000000e+00   5.683000e+26   0.000000e+00   0.000000e+00   0.000000e+00   0.000000e+00   0.000000e+00   0.000000e+00   4.620271e+23   0.000000e+00  -9.246497e+23   0.000000e+00   0.000000e+00   7.479894e+12   7.479894e+12   7.479894e+12  -1.603799e+18   1.315470e+19   0.000000e+00  -9.839578e+31  -1.199622e+31   1.346656e+33   0.000000e+00   0.000000e+00   0.000000e+00   0.000000e+00   0.000000e+00   0.000000e+00   0.000000e+00   0.000000e+00   0.000000e+00   0.000000e+00   0.000000e+00   0.000000e+00   0.000000e+00
             31   1.503360e+07      1.0000000      0.0000000   5.683000e+26   0.000000e+00   5.683000e+26   0.000000e+00   0.000000e+00   0.000000e+00   0.000000e+00   0.000000e+00   0.000000e+00   4.620271e+23   0.000000e+00  -9.246497e+23   0.000000e+00   0.000000e+00   7.479894e+12   7.479894e+12   7.479894e+12  -1.603792e+18   1.315471e+19   0.000000e+00  -9.839577e+31  -1.199619e+31   1.346656e+33   0.000000e+00   0.000000e+00   0.000000e+00   0.000000e+00   0.000000e+00   0.000000e+00   0.000000e+00   0.000000e+00   0.000000e+00   0.000000e+00   0.000000e+00   0.000000e+00   0.000000e+00
             31   1.512000e+07      1.0000000      0.0000000   5.683000e+26   0.000000e+00   5.683000e+26   0.000000e+00   0.000000e+00   0.000000e+00   0.000000e+00   0.000000e+00   0.000000e+00   4.620271e+23   0.000000e+00  -9.246497e+23   0.000000e+00   0.000000e+00   7.479894e+12   7.479894e+12   7.479894e+12  -1.603778e+18   1.315470e+19   0.000000e+00  -9.839579e+31  -1.199612e+31   1.346656e+33   0.000000e+00   0.000000e+00   0.000000e+00   0.000000e+00   0.000000e+00   0.000000e+00   0.000000e+00   0.000000e+00   0.000000e+00   0.000000e+00   0.000000e+00   0.000000e+00   0.000000e+00
             31   1.520640e+07      1.0000000      0.0000000   5.683000e+26   0.000000e+00   5.683000e+26   0.000000e+00   0.000000e+00   0.000000e+00   0.000000e+00   0.000000e+00   0.000000e+00   4.620271e+23   0.000000e+00  -9.246497e+23   0.000000e+00   0.000000e+00   7.479894e+12   7.479894e+12   7.479894e+12  -1.603801e+18   1.315471e+19   0.000000e+00  -9.839583e+31  -1.199623e+31   1.346656e+33   0.000000e+00   0.000000e+00   0.000000e+00   0.000000e+00   0.000000e+00   0.000000e+00   0.000000e+00   0.000000e+00   0.000000e+00   0.000000e+00   0.000000e+00   0.000000e+00   0.000000e+00
             31   1.529280e+07      1.0000000      0.0000000   5.683000e+26   0.000000e+00   5.683000e+26   0.000000e+00   0.000000e+00   0.000000e+00   0.000000e+00   0.000000e+00   0.000000e+00   4.620271e+23   0.000000e+00  -9.246497e+23   0.000000e+00   0.000000e+00   7.479894e+12   7.479894e+12   7.479894e+12  -1.603794e+18   1.315469e+19   0.000000e+00  -9.839575e+31  -1.199622e+31   1.346656e+33   0.000000e+00   0.000000e+00   0.000000e+00   0.000000e+00   0.000000e+00   0.000000e+00   0.000000e+00   0.000000e+00   0.000000e+00   0.000000e+00   0.000000e+00   0.000000e+00   0.000000e+00
             31   1.537920e+07      1.0000000      0.0000000   5.683000e+26   0.000000e+00   5.683000e+26   0.000000e+00   0.000000e+00   0.000000e+00   0.000000e+00   0.000000e+00   0.000000e+00   4.620271e+23   0.000000e+00  -9.246497e+23   0.000000e+00   0.000000e+00   7.479894e+12   7.479894e+12   7.479894e+12  -1.603791e+18   1.315470e+19   0.000000e+00  -9.839578e+31  -1.199616e+31   1.346656e+33   0.000000e+00   0.000000e+00   0.000000e+00   0.000000e+00   0.000000e+00   0.000000e+00   0.000000e+00   0.000000e+00   0.000000e+00   0.000000e+00   0.000000e+00   0.000000e+00   0.000000e+00
             32   1.546560e+07      1.0000000      0.0000000   5.683000e+26   0.000000e+00   5.683000e+26   0.000000e+00   0.000000e+00   0.000000e+00   0.000000e+00   0.000000e+00   0.000000e+00   4.620270e+23   0.000000e+00  -9.246497e+23   0.000000e+00   0.000000e+00   7.479894e+12   7.479894e+12   7.479894e+12  -1.603798e+18   1.315470e+19   0.000000e+00  -9.839575e+31  -1.199623e+31   1.346656e+33   0.000000e+00   0.000000e+00   0.000000e+00   0.000000e+00   0.000000e+00   0.000000e+00   0.000000e+00   0.000000e+00   0.000000e+00   0.000000e+00   0.000000e+00   0.000000e+00   0.000000e+00
             32   1.555200e+07      1.0000000      0.0000000   5.683000e+26   0.000000e+00   5.683000e+26   0.000000e+00   0.000000e+00   0.000000e+00   0.000000e+00   0.000000e+00   0.000000e+00   4.620271e+23   0.000000e+00  -9.246497e+23   0.000000e+00   0.000000e+00   7.479894e+12   7.479894e+12   7.479894e+12  -1.603790e+18   1.315472e+19   0.000000e+00  -9.839588e+31  -1.199618e+31   1.346656e+33   0.000000e+00   0.000000e+00   0.000000e+00   0.000000e+00   0.000000e+00   0.000000e+00   0.000000e+00   0.000000e+00   0.000000e+00   0.000000e+00   0.000000e+00   0.000000e+00   0.000000e+00
             32   1.563840e+07      1.0000000      0.0000000   5.683000e+26   0.000000e+00   5.683000e+26   0.000000e+00   0.000000e+00   0.000000e+00   0.000000e+00   0.000000e+00   0.000000e+00   4.620271e+23   0.000000e+00  -9.246497e+23   0.000000e+00   0.000000e+00   7.479894e+12   7.479894e+12   7.479894e+12  -1.603790e+18   1.315470e+19   0.000000e+00  -9.839574e+31  -1.199620e+31   1.346656e+33   0.000000e+00   0.000000e+00   0.000000e+00   0.000000e+00   0.000000e+00   0.000000e+00   0.000000e+00   0.000000e+00   0.000000e+00   0.000000e+00   0.000000e+00   0.000000e+00   0.000000e+00
             32   1.572480e+07      1.0000000      0.0000000   5.683000e+26   0.000000e+00   5.683000e+26   0.000000e+00   0.000000e+00   0.000000e+00   0.000000e+00   0.000000e+00   0.000000e+00   4.620271e+23   0.000000e+00  -9.246497e+23   0.000000e+00   0.000000e+00   7.479894e+12   7.479894e+12   7.479894e+12  -1.603773e+18   1.315472e+19   0.000000e+00  -9.839592e+31  -1.199613e+31   1.346656e+33   0.000000e+00   0.000000e+00   0.000000e+00   0.000000e+00   0.000000e+00   0.000000e+00   0.000000e+00   0.000000e+00   0.000000e+00   0.000000e+00   0.000000e+00   0.000000e+00   0.000000e+00
             32   1.581120e+07      1.0000000      0.0000000   5.683000e+26   0.000000e+00   5.683000e+26   0.000000e+00   0.000000e+00   0.000000e+00   0.000000e+00   0.000000e+00   0.000000e+00   4.620271e+23   0.000000e+00  -9.246497e+23   0.000000e+00   0.000000e+00   7.479894e+12   7.479894e+12   7.479894e+12  -1.603791e+18   1.315471e+19   0.000000e+00  -9.839580e+31  -1.199626e+31   1.346656e+33   0.000000e+00   0.000000e+00   0.000000e+00   0.000000e+00   0.000000e+00   0.000000e+00   0.000000e+00   0.000000e+00   0.000000e+00   0.000000e+00   0.000000e+00   0.000000e+00   0.000000e+00
             33   1.589760e+07      1.0000000      0.0000000   5.683000e+26   0.000000e+00   5.683000e+26   0.000000e+00   0.000000e+00   0.000000e+00   0.000000e+00   0.000000e+00   0.000000e+00   4.620271e+23   0.000000e+00  -9.246497e+23   0.000000e+00   0.000000e+00   7.479894e+12   7.479894e+12   7.479894e+12  -1.603773e+18   1.315471e+19   0.000000e+00  -9.839581e+31  -1.199608e+31   1.346656e+33   0.000000e+00   0.000000e+00   0.000000e+00   0.000000e+00   0.000000e+00   0.000000e+00   0.000000e+00   0.000000e+00   0.000000e+00   0.000000e+00   0.000000e+00   0.000000e+00   0.000000e+00
             33   1.598400e+07      1.0000000      0.0000000   5.683000e+26   0.000000e+00   5.683000e+26   0.000000e+00   0.000000e+00   0.000000e+00   0.000000e+00   0.000000e+00   0.000000e+00   4.620271e+23   0.000000e+00  -9.246497e+23   0.000000e+00   0.000000e+00   7.479894e+12   7.479894e+12   7.479894e+12  -1.603786e+18   1.315471e+19   0.000000e+00  -9.839582e+31  -1.199611e+31   1.346656e+33   0.000000e+00   0.000000e+00   0.000000e+00   0.000000e+00   0.000000e+00   0.000000e+00   0.000000e+00   0.000000e+00   0.000000e+00   0.000000e+00   0.000000e+00   0.000000e+00   0.000000e+00
             33   1.607040e+07      1.0000000      0.0000000   5.683000e+26   0.000000e+00   5.683000e+26   0.000000e+00   0.000000e+00   0.000000e+00   0.000000e+00   0.000000e+00   0.000000e+00   4.620271e+23   0.000000e+00  -9.246497e+23   0.000000e+00   0.000000e+00   7.479894e+12   7.479894e+12   7.479894e+12  -1.603784e+18   1.315470e+19   0.000000e+00  -9.839581e+31  -1.199616e+31   1.346656e+33   0.000000e+00   0.000000e+00   0.000000e+00   0.000000e+00   0.000000e+00   0.000000e+00   0.000000e+00   0.000000e+00   0.000000e+00   0.000000e+00   0.000000e+00   0.000000e+00   0.000000e+00
             33   1.615680e+07      1.0000000      0.0000000   5.683000e+26   0.000000e+00   5.683000e+26   0.000000e+00   0.000000e+00   0.000000e+00   0.000000e+00   0.000000e+00   0.000000e+00   4.620271e+23   0.000000e+00  -9.246497e+23   0.000000e+00   0.000000e+00   7.479894e+12   7.479894e+12   7.479894e+12  -1.603786e+18   1.315471e+19   0.000000e+00  -9.839588e+31  -1.199607e+31   1.346656e+33   0.000000e+00   0.000000e+00   0.000000e+00   0.000000e+00   0.000000e+00   0.000000e+00   0.000000e+00   0.000000e+00   0.000000e+00   0.000000e+00   0.000000e+00   0.000000e+00   0.000000e+00
             33   1.624320e+07      1.0000000      0.0000000   5.683000e+26   0.000000e+00   5.683000e+26   0.000000e+00   0.000000e+00   0.000000e+00   0.000000e+00   0.000000e+00   0.000000e+00   4.620271e+23   0.000000e+00  -9.246497e+23   0.000000e+00   0.000000e+00   7.479894e+12   7.479894e+12   7.479894e+12  -1.603788e+18   1.315469e+19   0.000000e+00  -9.839573e+31  -1.199610e+31   1.346656e+33   0.000000e+00   0.000000e+00   0.000000e+00   0.000000e+00   0.000000e+00   0.000000e+00   0.000000e+00   0.000000e+00   0.000000e+00   0.000000e+00   0.000000e+00   0.000000e+00   0.000000e+00
             33   1.632960e+07      1.0000000      0.0000000   5.683000e+26   0.000000e+00   5.683000e+26   0.000000e+00   0.000000e+00   0.000000e+00   0.000000e+00   0.000000e+00   0.000000e+00   4.620271e+23   0.000000e+00  -9.246497e+23   0.000000e+00   0.000000e+00   7.479894e+12   7.479894e+12   7.479894e+12  -1.603778e+18   1.315470e+19   0.000000e+00  -9.839583e+31  -1.199609e+31   1.346656e+33   0.000000e+00   0.000000e+00   0.000000e+00   0.000000e+00   0.000000e+00   0.000000e+00   0.000000e+00   0.000000e+00   0.000000e+00   0.000000e+00   0.000000e+00   0.000000e+00   0.000000e+00
             34   1.641600e+07      1.0000000      0.0000000   5.683000e+26   0.000000e+00   5.683000e+26   0.000000e+00   0.000000e+00   0.000000e+00   0.000000e+00   0.000000e+00   0.000000e+00   4.620271e+23   0.000000e+00  -9.246497e+23   0.000000e+00   0.000000e+00   7.479894e+12   7.479894e+12   7.479894e+12  -1.603791e+18   1.315469e+19   0.000000e+00  -9.839566e+31  -1.199623e+31   1.346656e+33   0.000000e+00   0.000000e+00   0.000000e+00   0.000000e+00   0.000000e+00   0.000000e+00   0.000000e+00   0.000000e+00   0.000000e+00   0.000000e+00   0.000000e+00   0.000000e+00   0.000000e+00
             34   1.650240e+07      1.0000000      0.0000000   5.683000e+26   0.000000e+00   5.683000e+26   0.000000e+00   0.000000e+00   0.000000e+00   0.000000e+00   0.000000e+00   0.000000e+00   4.620271e+23   0.000000e+00  -9.246497e+23   0.000000e+00   0.000000e+00   7.479894e+12   7.479894e+12   7.479894e+12  -1.603791e+18   1.315467e+19   0.000000e+00  -9.839562e+31  -1.199618e+31   1.346656e+33   0.000000e+00   0.000000e+00   0.000000e+00   0.000000e+00   0.000000e+00   0.000000e+00   0.000000e+00   0.000000e+00   0.000000e+00   0.000000e+00   0.000000e+00   0.000000e+00   0.000000e+00
             34   1.658880e+07      1.0000000      0.0000000   5.683000e+26   0.000000e+00   5.683000e+26   0.000000e+00   0.000000e+00   0.000000e+00   0.000000e+00   0.000000e+00   0.000000e+00   4.620271e+23   0.000000e+00  -9.246497e+23   0.000000e+00   0.000000e+00   7.479894e+12   7.479894e+12   7.479894e+12  -1.603787e+18   1.315469e+19   0.000000e+00  -9.839567e+31  -1.199624e+31   1.346656e+33   0.000000e+00   0.000000e+00   0.000000e+00   0.000000e+00   0.000000e+00   0.000000e+00   0.000000e+00   0.000000e+00   0.000000e+00   0.000000e+00   0.000000e+00   0.000000e+00   0.000000e+00
             34   1.667520e+07      1.0000000      0.0000000   5.683000e+26   0.000000e+00   5.683000e+26   0.000000e+00   0.000000e+00   0.000000e+00   0.000000e+00   0.000000e+00   0.000000e+00   4.620271e+23   0.000000e+00  -9.246497e+23   0.000000e+00   0.000000e+00   7.479894e+12   7.479894e+12   7.479894e+12  -1.603778e+18   1.315468e+19   0.000000e+00  -9.839561e+31  -1.199614e+31   1.346656e+33   0.000000e+00   0.000000e+00   0.000000e+00   0.000000e+00   0.000000e+00   0.000000e+00   0.000000e+00   0.000000e+00   0.000000e+00   0.000000e+00   0.000000e+00   0.000000e+00   0.000000e+00
             34   1.676160e+07      1.0000000      0.0000000   5.683000e+26   0.000000e+00   5.683000e+26   0.000000e+00   0.000000e+00   0.000000e+00   0.000000e+00   0.000000e+00   0.000000e+00   4.620271e+23   0.000000e+00  -9.246497e+23   0.000000e+00   0.000000e+00   7.479894e+12   7.479894e+12   7.479894e+12  -1.603784e+18   1.315468e+19   0.000000e+00  -9.839562e+31  -1.199616e+31   1.346656e+33   0.000000e+00   0.000000e+00   0.000000e+00   0.000000e+00   0.000000e+00   0.000000e+00   0.000000e+00   0.000000e+00   0.000000e+00   0.000000e+00   0.000000e+00   0.000000e+00   0.000000e+00
             35   1.684800e+07      1.0000000      0.0000000   5.683000e+26   0.000000e+00   5.683000e+26   0.000000e+00   0.000000e+00   0.000000e+00   0.000000e+00   0.000000e+00   0.000000e+00   4.620271e+23   0.000000e+00  -9.246496e+23   0.000000e+00   0.000000e+00   7.479894e+12   7.479894e+12   7.479894e+12  -1.603777e+18   1.315468e+19   0.000000e+00  -9.839572e+31  -1.199613e+31   1.346656e+33   0.000000e+00   0.000000e+00   0.000000e+00   0.000000e+00   0.000000e+00   0.000000e+00   0.000000e+00   0.000000e+00   0.000000e+00   0.000000e+00   0.000000e+00   0.000000e+00   0.000000e+00
             35   1.693440e+07      1.0000000      0.0000000   5.683000e+26   0.000000e+00   5.683000e+26   0.000000e+00   0.000000e+00   0.000000e+00   0.000000e+00   0.000000e+00   0.000000e+00   4.620271e+23   0.000000e+00  -9.246496e+23   0.000000e+00   0.000000e+00   7.479894e+12   7.479894e+12   7.479894e+12  -1.603770e+18   1.315469e+19   0.000000e+00  -9.839574e+31  -1.199604e+31   1.346656e+33   0.000000e+00   0.000000e+00   0.000000e+00   0.000000e+00   0.000000e+00   0.000000e+00   0.000000e+00   0.000000e+00   0.000000e+00   0.000000e+00   0.000000e+00   0.000000e+00   0.000000e+00
             35   1.702080e+07      1.0000000      0.0000000   5.683000e+26   0.000000e+00   5.683000e+26   0.000000e+00   0.000000e+00   0.000000e+00   0.000000e+00   0.000000e+00   0.000000e+00   4.620271e+23   0.000000e+00  -9.246496e+23   0.000000e+00   0.000000e+00   7.479894e+12   7.479894e+12   7.479894e+12  -1.603782e+18   1.315470e+19   0.000000e+00  -9.839576e+31  -1.199610e+31   1.346656e+33   0.000000e+00   0.000000e+00   0.000000e+00   0.000000e+00   0.000000e+00   0.000000e+00   0.000000e+00   0.000000e+00   0.000000e+00   0.000000e+00   0.000000e+00   0.000000e+00   0.000000e+00
             35   1.710720e+07      1.0000000      0.0000000   5.683000e+26   0.000000e+00   5.683000e+26   0.000000e+00   0.000000e+00   0.000000e+00   0.000000e+00   0.000000e+00   0.000000e+00   4.620271e+23   0.000000e+00  -9.246496e+23   0.000000e+00   0.000000e+00   7.479894e+12   7.479894e+12   7.479894e+12  -1.603791e+18   1.315471e+19   0.000000e+00  -9.839581e+31  -1.199617e+31   1.346656e+33   0.000000e+00   0.000000e+00   0.000000e+00   0.000000e+00   0.000000e+00   0.000000e+00   0.000000e+00   0.000000e+00   0.000000e+00   0.000000e+00   0.000000e+00   0.000000e+00   0.000000e+00
             35   1.719360e+07      1.0000000      0.0000000   5.683000e+26   0.000000e+00   5.683000e+26   0.000000e+00   0.000000e+00   0.000000e+00   0.000000e+00   0.000000e+00   0.000000e+00   4.620271e+23   0.000000e+00  -9.246496e+23   0.000000e+00   0.000000e+00   7.479894e+12   7.479894e+12   7.479894e+12  -1.603797e+18   1.315469e+19   0.000000e+00  -9.839574e+31  -1.199621e+31   1.346656e+33   0.000000e+00   0.000000e+00   0.000000e+00   0.000000e+00   0.000000e+00   0.000000e+00   0.000000e+00   0.000000e+00   0.000000e+00   0.000000e+00   0.000000e+00   0.000000e+00   0.000000e+00
             35   1.728000e+07      1.0000000      0.0000000   5.683000e+26   0.000000e+00   5.683000e+26   0.000000e+00   0.000000e+00   0.000000e+00   0.000000e+00   0.000000e+00   0.000000e+00   4.620271e+23   0.000000e+00  -9.246496e+23   0.000000e+00   0.000000e+00   7.479894e+12   7.479894e+12   7.479894e+12  -1.603774e+18   1.315470e+19   0.000000e+00  -9.839574e+31  -1.199611e+31   1.346656e+33   0.000000e+00   0.000000e+00   0.000000e+00   0.000000e+00   0.000000e+00   0.000000e+00   0.000000e+00   0.000000e+00   0.000000e+00   0.000000e+00   0.000000e+00   0.000000e+00   0.000000e+00
             36   1.736640e+07      1.0000000      0.0000000   5.683000e+26   0.000000e+00   5.683000e+26   0.000000e+00   0.000000e+00   0.000000e+00   0.000000e+00   0.000000e+00   0.000000e+00   4.620271e+23   0.000000e+00  -9.246497e+23   0.000000e+00   0.000000e+00   7.479894e+12   7.479894e+12   7.479894e+12  -1.603777e+18   1.315466e+19   0.000000e+00  -9.839556e+31  -1.199606e+31   1.346655e+33   0.000000e+00   0.000000e+00   0.000000e+00   0.000000e+00   0.000000e+00   0.000000e+00   0.000000e+00   0.000000e+00   0.000000e+00   0.000000e+00   0.000000e+00   0.000000e+00   0.000000e+00
             36   1.745280e+07      1.0000000      0.0000000   5.683000e+26   0.000000e+00   5.683000e+26   0.000000e+00   0.000000e+00   0.000000e+00   0.000000e+00   0.000000e+00   0.000000e+00   4.620271e+23   0.000000e+00  -9.246497e+23   0.000000e+00   0.000000e+00   7.479894e+12   7.479894e+12   7.479894e+12  -1.603784e+18   1.315468e+19   0.000000e+00  -9.839561e+31  -1.199608e+31   1.346656e+33   0.000000e+00   0.000000e+00   0.000000e+00   0.000000e+00   0.000000e+00   0.000000e+00   0.000000e+00   0.000000e+00   0.000000e+00   0.000000e+00   0.000000e+00   0.000000e+00   0.000000e+00
             36   1.753920e+07      1.0000000      0.0000000   5.683000e+26   0.000000e+00   5.683000e+26   0.000000e+00   0.000000e+00   0.000000e+00   0.000000e+00   0.000000e+00   0.000000e+00   4.620271e+23   0.000000e+00  -9.246497e+23   0.000000e+00   0.000000e+00   7.479894e+12   7.479894e+12   7.479894e+12  -1.603777e+18   1.315468e+19   0.000000e+00  -9.839563e+31  -1.199609e+31   1.346656e+33   0.000000e+00   0.000000e+00   0.000000e+00   0.000000e+00   0.000000e+00   0.000000e+00   0.000000e+00   0.000000e+00   0.000000e+00   0.000000e+00   0.000000e+00   0.000000e+00   0.000000e+00
             36   1.762560e+07      1.0000000      0.0000000   5.683000e+26   0.000000e+00   5.683000e+26   0.000000e+00   0.000000e+00   0.000000e+00   0.000000e+00   0.000000e+00   0.000000e+00   4.620271e+23   0.000000e+00  -9.246497e+23   0.000000e+00   0.000000e+00   7.479894e+12   7.479894e+12   7.479894e+12  -1.603766e+18   1.315468e+19   0.000000e+00  -9.839558e+31  -1.199599e+31   1.346655e+33   0.000000e+00   0.000000e+00   0.000000e+00   0.000000e+00   0.000000e+00   0.000000e+00   0.000000e+00   0.000000e+00   0.000000e+00   0.000000e+00   0.000000e+00   0.000000e+00   0.000000e+00
             36   1.771200e+07      1.0000000      0.0000000   5.683000e+26   0.000000e+00   5.683000e+26   0.000000e+00   0.000000e+00   0.000000e+00   0.000000e+00   0.000000e+00   0.000000e+00   4.620271e+23   0.000000e+00  -9.246497e+23   0.000000e+00   0.000000e+00   7.479894e+12   7.479894e+12   7.479894e+12  -1.603778e+18   1.315469e+19   0.000000e+00  -9.839563e+31  -1.199607e+31   1.346656e+33   0.000000e+00   0.000000e+00   0.000000e+00   0.000000e+00   0.000000e+00   0.000000e+00   0.000000e+00   0.000000e+00   0.000000e+00   0.000000e+00   0.000000e+00   0.000000e+00   0.000000e+00
             37   1.779840e+07      1.0000000      0.0000000   5.683000e+26   0.000000e+00   5.683000e+26   0.000000e+00   0.000000e+00   0.000000e+00   0.000000e+00   0.000000e+00   0.000000e+00   4.620271e+23   0.000000e+00  -9.246497e+23   0.000000e+00   0.000000e+00   7.479894e+12   7.479894e+12   7.479894e+12  -1.603766e+18   1.315469e+19   0.000000e+00  -9.839569e+31  -1.199601e+31   1.346656e+33   0.000000e+00   0.000000e+00   0.000000e+00   0.000000e+00   0.000000e+00   0.000000e+00   0.000000e+00   0.000000e+00   0.000000e+00   0.000000e+00   0.000000e+00   0.000000e+00   0.000000e+00
             37   1.788480e+07      1.0000000      0.0000000   5.683000e+26   0.000000e+00   5.683000e+26   0.000000e+00   0.000000e+00   0.000000e+00   0.000000e+00   0.000000e+00   0.000000e+00   4.620271e+23   0.000000e+00  -9.246497e+23   0.000000e+00   0.000000e+00   7.479894e+12   7.479894e+12   7.479894e+12  -1.603771e+18   1.315469e+19   0.000000e+00  -9.839559e+31  -1.199606e+31   1.346656e+33   0.000000e+00   0.000000e+00   0.000000e+00   0.000000e+00   0.000000e+00   0.000000e+00   0.000000e+00   0.000000e+00   0.000000e+00   0.000000e+00   0.000000e+00   0.000000e+00   0.000000e+00
             37   1.797120e+07      1.0000000      0.0000000   5.683000e+26   0.000000e+00   5.683000e+26   0.000000e+00   0.000000e+00   0.000000e+00   0.000000e+00   0.000000e+00   0.000000e+00   4.620271e+23   0.000000e+00  -9.246497e+23   0.000000e+00   0.000000e+00   7.479894e+12   7.479894e+12   7.479894e+12  -1.603777e+18   1.315467e+19   0.000000e+00  -9.839554e+31  -1.199610e+31   1.346655e+33   0.000000e+00   0.000000e+00   0.000000e+00   0.000000e+00   0.000000e+00   0.000000e+00   0.000000e+00   0.000000e+00   0.000000e+00   0.000000e+00   0.000000e+00   0.000000e+00   0.000000e+00
             37   1.805760e+07      1.0000000      0.0000000   5.683000e+26   0.000000e+00   5.683000e+26   0.000000e+00   0.000000e+00   0.000000e+00   0.000000e+00   0.000000e+00   0.000000e+00   4.620271e+23   0.000000e+00  -9.246497e+23   0.000000e+00   0.000000e+00   7.479894e+12   7.479894e+12   7.479894e+12  -1.603785e+18   1.315468e+19   0.000000e+00  -9.839566e+31  -1.199611e+31   1.346656e+33   0.000000e+00   0.000000e+00   0.000000e+00   0.000000e+00   0.000000e+00   0.000000e+00   0.000000e+00   0.000000e+00   0.000000e+00   0.000000e+00   0.000000e+00   0.000000e+00   0.000000e+00
             37   1.814400e+07      1.0000000      0.0000000   5.683000e+26   0.000000e+00   5.683000e+26   0.000000e+00   0.000000e+00   0.000000e+00   0.000000e+00   0.000000e+00   0.000000e+00   4.620271e+23   0.000000e+00  -9.246497e+23   0.000000e+00   0.000000e+00   7.479894e+12   7.479894e+12   7.479894e+12  -1.603781e+18   1.315467e+19   0.000000e+00  -9.839554e+31  -1.199609e+31   1.346656e+33   0.000000e+00   0.000000e+00   0.000000e+00   0.000000e+00   0.000000e+00   0.000000e+00   0.000000e+00   0.000000e+00   0.000000e+00   0.000000e+00   0.000000e+00   0.000000e+00   0.000000e+00
             37   1.823040e+07      1.0000000      0.0000000   5.683000e+26   0.000000e+00   5.683000e+26   0.000000e+00   0.000000e+00   0.000000e+00   0.000000e+00   0.000000e+00   0.000000e+00   4.620271e+23   0.000000e+00  -9.246497e+23   0.000000e+00   0.000000e+00   7.479894e+12   7.479894e+12   7.479894e+12  -1.603776e+18   1.315468e+19   0.000000e+00  -9.839564e+31  -1.199605e+31   1.346656e+33   0.000000e+00   0.000000e+00   0.000000e+00   0.000000e+00   0.000000e+00   0.000000e+00   0.000000e+00   0.000000e+00   0.000000e+00   0.000000e+00   0.000000e+00   0.000000e+00   0.000000e+00
             38   1.831680e+07      1.0000000      0.0000000   5.683000e+26   0.000000e+00   5.683000e+26   0.000000e+00   0.000000e+00   0.000000e+00   0.000000e+00   0.000000e+00   0.000000e+00   4.620271e+23   0.000000e+00  -9.246497e+23   0.000000e+00   0.000000e+00   7.479894e+12   7.479894e+12   7.479894e+12  -1.603769e+18   1.315467e+19   0.000000e+00  -9.839552e+31  -1.199601e+31   1.346655e+33   0.000000e+00   0.000000e+00   0.000000e+00   0.000000e+00   0.000000e+00   0.000000e+00   0.000000e+00   0.000000e+00   0.000000e+00   0.000000e+00   0.000000e+00   0.000000e+00   0.000000e+00
             38   1.840320e+07      1.0000000      0.0000000   5.683000e+26   0.000000e+00   5.683000e+26   0.000000e+00   0.000000e+00   0.000000e+00   0.000000e+00   0.000000e+00   0.000000e+00   4.620271e+23   0.000000e+00  -9.246497e+23   0.000000e+00   0.000000e+00   7.479894e+12   7.479894e+12   7.479894e+12  -1.603779e+18   1.315467e+19   0.000000e+00  -9.839550e+31  -1.199605e+31   1.346655e+33   0.000000e+00   0.000000e+00   0.000000e+00   0.000000e+00   0.000000e+00   0.000000e+00   0.000000e+00   0.000000e+00   0.000000e+00   0.000000e+00   0.000000e+00   0.000000e+00   0.000000e+00
             38   1.848960e+07      1.0000000      0.0000000   5.683000e+26   0.000000e+00   5.683000e+26   0.000000e+00   0.000000e+00   0.000000e+00   0.000000e+00   0.000000e+00   0.000000e+00   4.620271e+23   0.000000e+00  -9.246497e+23   0.000000e+00   0.000000e+00   7.479894e+12   7.479894e+12   7.479894e+12  -1.603762e+18   1.315467e+19   0.000000e+00  -9.839556e+31  -1.199603e+31   1.346655e+33   0.000000e+00   0.000000e+00   0.000000e+00   0.000000e+00   0.000000e+00   0.000000e+00   0.000000e+00   0.000000e+00   0.000000e+00   0.000000e+00   0.000000e+00   0.000000e+00   0.000000e+00
             38   1.857600e+07      1.0000000      0.0000000   5.683000e+26   0.000000e+00   5.683000e+26   0.000000e+00   0.000000e+00   0.000000e+00   0.000000e+00   0.000000e+00   0.000000e+00   4.620271e+23   0.000000e+00  -9.246497e+23   0.000000e+00   0.000000e+00   7.479894e+12   7.479894e+12   7.479894e+12  -1.603774e+18   1.315467e+19   0.000000e+00  -9.839548e+31  -1.199602e+31   1.346655e+33   0.000000e+00   0.000000e+00   0.000000e+00   0.000000e+00   0.000000e+00   0.000000e+00   0.000000e+00   0.000000e+00   0.000000e+00   0.000000e+00   0.000000e+00   0.000000e+00   0.000000e+00
             38   1.866240e+07      1.0000000      0.0000000   5.683000e+26   0.000000e+00   5.683000e+26   0.000000e+00   0.000000e+00   0.000000e+00   0.000000e+00   0.000000e+00   0.000000e+00   4.620271e+23   0.000000e+00  -9.246497e+23   0.000000e+00   0.000000e+00   7.479894e+12   7.479894e+12   7.479894e+12  -1.603769e+18   1.315468e+19   0.000000e+00  -9.839561e+31  -1.199604e+31   1.346656e+33   0.000000e+00   0.000000e+00   0.000000e+00   0.000000e+00   0.000000e+00   0.000000e+00   0.000000e+00   0.000000e+00   0.000000e+00   0.000000e+00   0.000000e+00   0.000000e+00   0.000000e+00
             38   1.874880e+07      1.0000000      0.0000000   5.683000e+26   0.000000e+00   5.683000e+26   0.000000e+00   0.000000e+00   0.000000e+00   0.000000e+00   0.000000e+00   0.000000e+00   4.620271e+23   0.000000e+00  -9.246497e+23   0.000000e+00   0.000000e+00   7.479894e+12   7.479894e+12   7.479894e+12  -1.603771e+18   1.315467e+19   0.000000e+00  -9.839549e+31  -1.199605e+31   1.346655e+33   0.000000e+00   0.000000e+00   0.000000e+00   0.000000e+00   0.000000e+00   0.000000e+00   0.000000e+00   0.000000e+00   0.000000e+00   0.000000e+00   0.000000e+00   0.000000e+00   0.000000e+00
             39   1.883520e+07      1.0000000      0.0000000   5.683000e+26   0.000000e+00   5.683000e+26   0.000000e+00   0.000000e+00   0.000000e+00   0.000000e+00   0.000000e+00   0.000000e+00   4.620271e+23   0.000000e+00  -9.246497e+23   0.000000e+00   0.000000e+00   7.479894e+12   7.479894e+12   7.479894e+12  -1.603752e+18   1.315466e+19   0.000000e+00  -9.839550e+31  -1.199592e+31   1.346655e+33   0.000000e+00   0.000000e+00   0.000000e+00   0.000000e+00   0.000000e+00   0.000000e+00   0.000000e+00   0.000000e+00   0.000000e+00   0.000000e+00   0.000000e+00   0.000000e+00   0.000000e+00
             39   1.892160e+07      1.0000000      0.0000000   5.683000e+26   0.000000e+00   5.683000e+26   0.000000e+00   0.000000e+00   0.000000e+00   0.000000e+00   0.000000e+00   0.000000e+00   4.620271e+23   0.000000e+00  -9.246497e+23   0.000000e+00   0.000000e+00   7.479894e+12   7.479894e+12   7.479894e+12  -1.603756e+18   1.315467e+19   0.000000e+00  -9.839558e+31  -1.199591e+31   1.346655e+33   0.000000e+00   0.000000e+00   0.000000e+00   0.000000e+00   0.000000e+00   0.000000e+00   0.000000e+00   0.000000e+00   0.000000e+00   0.000000e+00   0.000000e+00   0.000000e+00   0.000000e+00
             39   1.900800e+07      1.0000000      0.0000000   5.683000e+26   0.000000e+00   5.683000e+26   0.000000e+00   0.000000e+00   0.000000e+00   0.000000e+00   0.000000e+00   0.000000e+00   4.620271e+23   0.000000e+00  -9.246497e+23   0.000000e+00   0.000000e+00   7.479894e+12   7.479894e+12   7.479894e+12  -1.603755e+18   1.315468e+19   0.000000e+00  -9.839555e+31  -1.199592e+31   1.346655e+33   0.000000e+00   0.000000e+00   0.000000e+00   0.000000e+00   0.000000e+00   0.000000e+00   0.000000e+00   0.000000e+00   0.000000e+00   0.000000e+00   0.000000e+00   0.000000e+00   0.000000e+00
             39   1.909440e+07      1.0000000      0.0000000   5.683000e+26   0.000000e+00   5.683000e+26   0.000000e+00   0.000000e+00   0.000000e+00   0.000000e+00   0.000000e+00   0.000000e+00   4.620271e+23   0.000000e+00  -9.246497e+23   0.000000e+00   0.000000e+00   7.479894e+12   7.479894e+12   7.479894e+12  -1.603748e+18   1.315468e+19   0.000000e+00  -9.839553e+31  -1.199585e+31   1.346655e+33   0.000000e+00   0.000000e+00   0.000000e+00   0.000000e+00   0.000000e+00   0.000000e+00   0.000000e+00   0.000000e+00   0.000000e+00   0.000000e+00   0.000000e+00   0.000000e+00   0.000000e+00
             39   1.918080e+07      1.0000000      0.0000000   5.683000e+26   0.000000e+00   5.683000e+26   0.000000e+00   0.000000e+00   0.000000e+00   0.000000e+00   0.000000e+00   0.000000e+00   4.620271e+23   0.000000e+00  -9.246497e+23   0.000000e+00   0.000000e+00   7.479894e+12   7.479894e+12   7.479894e+12  -1.603768e+18   1.315467e+19   0.000000e+00  -9.839556e+31  -1.199592e+31   1.346655e+33   0.000000e+00   0.000000e+00   0.000000e+00   0.000000e+00   0.000000e+00   0.000000e+00   0.000000e+00   0.000000e+00   0.000000e+00   0.000000e+00   0.000000e+00   0.000000e+00   0.000000e+00
             40   1.926720e+07      1.0000000      0.0000000   5.683000e+26   0.000000e+00   5.683000e+26   0.000000e+00   0.000000e+00   0.000000e+00   0.000000e+00   0.000000e+00   0.000000e+00   4.620271e+23   0.000000e+00  -9.246497e+23   0.000000e+00   0.000000e+00   7.479894e+12   7.479894e+12   7.479894e+12  -1.603756e+18   1.315467e+19   0.000000e+00  -9.839551e+31  -1.199596e+31   1.346655e+33   0.000000e+00   0.000000e+00   0.000000e+00   0.000000e+00   0.000000e+00   0.000000e+00   0.000000e+00   0.000000e+00   0.000000e+00   0.000000e+00   0.000000e+00   0.000000e+00   0.000000e+00
             40   1.935360e+07      1.0000000      0.0000000   5.683000e+26   0.000000e+00   5.683000e+26   0.000000e+00   0.000000e+00   0.000000e+00   0.000000e+00   0.000000e+00   0.000000e+00   4.620271e+23   0.000000e+00  -9.246497e+23   0.000000e+00   0.000000e+00   7.479894e+12   7.479894e+12   7.479894e+12  -1.603750e+18   1.315466e+19   0.000000e+00  -9.839552e+31  -1.199595e+31   1.346655e+33   0.000000e+00   0.000000e+00   0.000000e+00   0.000000e+00   0.000000e+00   0.000000e+00   0.000000e+00   0.000000e+00   0.000000e+00   0.000000e+00   0.000000e+00   0.000000e+00   0.000000e+00
             40   1.944000e+07      1.0000000      0.0000000   5.683000e+26   0.000000e+00   5.683000e+26   0.000000e+00   0.000000e+00   0.000000e+00   0.000000e+00   0.000000e+00   0.000000e+00   4.620271e+23   0.000000e+00  -9.246497e+23   0.000000e+00   0.000000e+00   7.479894e+12   7.479894e+12   7.479894e+12  -1.603759e+18   1.315466e+19   0.000000e+00  -9.839547e+31  -1.199593e+31   1.346655e+33   0.000000e+00   0.000000e+00   0.000000e+00   0.000000e+00   0.000000e+00   0.000000e+00   0.000000e+00   0.000000e+00   0.000000e+00   0.000000e+00   0.000000e+00   0.000000e+00   0.000000e+00
             40   1.952640e+07      1.0000000      0.0000000   5.683000e+26   0.000000e+00   5.683000e+26   0.000000e+00   0.000000e+00   0.000000e+00   0.000000e+00   0.000000e+00   0.000000e+00   4.620271e+23   0.000000e+00  -9.246497e+23   0.000000e+00   0.000000e+00   7.479894e+12   7.479894e+12   7.479894e+12  -1.603752e+18   1.315466e+19   0.000000e+00  -9.839542e+31  -1.199597e+31   1.346655e+33   0.000000e+00   0.000000e+00   0.000000e+00   0.000000e+00   0.000000e+00   0.000000e+00   0.000000e+00   0.000000e+00   0.000000e+00   0.000000e+00   0.000000e+00   0.000000e+00   0.000000e+00
             40   1.961280e+07      1.0000000      0.0000000   5.683000e+26   0.000000e+00   5.683000e+26   0.000000e+00   0.000000e+00   0.000000e+00   0.000000e+00   0.000000e+00   0.000000e+00   4.620271e+23   0.000000e+00  -9.246497e+23   0.000000e+00   0.000000e+00   7.479894e+12   7.479894e+12   7.479894e+12  -1.603764e+18   1.315466e+19   0.000000e+00  -9.839551e+31  -1.199600e+31   1.346655e+33   0.000000e+00   0.000000e+00   0.000000e+00   0.000000e+00   0.000000e+00   0.000000e+00   0.000000e+00   0.000000e+00   0.000000e+00   0.000000e+00   0.000000e+00   0.000000e+00   0.000000e+00
             40   1.969920e+07      1.0000000      0.0000000   5.683000e+26   0.000000e+00   5.683000e+26   0.000000e+00   0.000000e+00   0.000000e+00   0.000000e+00   0.000000e+00   0.000000e+00   4.620271e+23   0.000000e+00  -9.246497e+23   0.000000e+00   0.000000e+00   7.479894e+12   7.479894e+12   7.479894e+12  -1.603757e+18   1.315466e+19   0.000000e+00  -9.839542e+31  -1.199594e+31   1.346655e+33   0.000000e+00   0.000000e+00   0.000000e+00   0.000000e+00   0.000000e+00   0.000000e+00   0.000000e+00   0.000000e+00   0.000000e+00   0.000000e+00   0.000000e+00   0.000000e+00   0.000000e+00
             41   1.978560e+07      1.0000000      0.0000000   5.683000e+26   0.000000e+00   5.683000e+26   0.000000e+00   0.000000e+00   0.000000e+00   0.000000e+00   0.000000e+00   0.000000e+00   4.620271e+23   0.000000e+00  -9.246498e+23   0.000000e+00   0.000000e+00   7.479894e+12   7.479894e+12   7.479894e+12  -1.603778e+18   1.315466e+19   0.000000e+00  -9.839545e+31  -1.199613e+31   1.346655e+33   0.000000e+00   0.000000e+00   0.000000e+00   0.000000e+00   0.000000e+00   0.000000e+00   0.000000e+00   0.000000e+00   0.000000e+00   0.000000e+00   0.000000e+00   0.000000e+00   0.000000e+00
             41   1.987200e+07      1.0000000      0.0000000   5.683000e+26   0.000000e+00   5.683000e+26   0.000000e+00   0.000000e+00   0.000000e+00   0.000000e+00   0.000000e+00   0.000000e+00   4.620271e+23   0.000000e+00  -9.246498e+23   0.000000e+00   0.000000e+00   7.479894e+12   7.479894e+12   7.479894e+12  -1.603782e+18   1.315467e+19   0.000000e+00  -9.839550e+31  -1.199612e+31   1.346655e+33   0.000000e+00   0.000000e+00   0.000000e+00   0.000000e+00   0.000000e+00   0.000000e+00   0.000000e+00   0.000000e+00   0.000000e+00   0.000000e+00   0.000000e+00   0.000000e+00   0.000000e+00
             41   1.995840e+07      1.0000000      0.0000000   5.683000e+26   0.000000e+00   5.683000e+26   0.000000e+00   0.000000e+00   0.000000e+00   0.000000e+00   0.000000e+00   0.000000e+00   4.620271e+23   0.000000e+00  -9.246498e+23   0.000000e+00   0.000000e+00   7.479894e+12   7.479894e+12   7.479894e+12  -1.603780e+18   1.315466e+19   0.000000e+00  -9.839550e+31  -1.199611e+31   1.346655e+33   0.000000e+00   0.000000e+00   0.000000e+00   0.000000e+00   0.000000e+00   0.000000e+00   0.000000e+00   0.000000e+00   0.000000e+00   0.000000e+00   0.000000e+00   0.000000e+00   0.000000e+00
             41   2.004480e+07      1.0000000      0.0000000   5.683000e+26   0.000000e+00   5.683000e+26   0.000000e+00   0.000000e+00   0.000000e+00   0.000000e+00   0.000000e+00   0.000000e+00   4.620271e+23   0.000000e+00  -9.246498e+23   0.000000e+00   0.000000e+00   7.479894e+12   7.479894e+12   7.479894e+12  -1.603790e+18   1.315467e+19   0.000000e+00  -9.839557e+31  -1.199615e+31   1.346656e+33   0.000000e+00   0.000000e+00   0.000000e+00   0.000000e+00   0.000000e+00   0.000000e+00   0.000000e+00   0.000000e+00   0.000000e+00   0.000000e+00   0.000000e+00   0.000000e+00   0.000000e+00
             41   2.013120e+07      1.0000000      0.0000000   5.683000e+26   0.000000e+00   5.683000e+26   0.000000e+00   0.000000e+00   0.000000e+00   0.000000e+00   0.000000e+00   0.000000e+00   4.620271e+23   0.000000e+00  -9.246498e+23   0.000000e+00   0.000000e+00   7.479894e+12   7.479894e+12   7.479894e+12  -1.603779e+18   1.315466e+19   0.000000e+00  -9.839546e+31  -1.199615e+31   1.346656e+33   0.000000e+00   0.000000e+00   0.000000e+00   0.000000e+00   0.000000e+00   0.000000e+00   0.000000e+00   0.000000e+00   0.000000e+00   0.000000e+00   0.000000e+00   0.000000e+00   0.000000e+00
             42   2.021760e+07      1.0000000      0.0000000   5.683000e+26   0.000000e+00   5.683000e+26   0.000000e+00   0.000000e+00   0.000000e+00   0.000000e+00   0.000000e+00   0.000000e+00   4.620271e+23   0.000000e+00  -9.246497e+23   0.000000e+00   0.000000e+00   7.479894e+12   7.479894e+12   7.479894e+12  -1.603771e+18   1.315468e+19   0.000000e+00  -9.839557e+31  -1.199608e+31   1.346655e+33   0.000000e+00   0.000000e+00   0.000000e+00   0.000000e+00   0.000000e+00   0.000000e+00   0.000000e+00   0.000000e+00   0.000000e+00   0.000000e+00   0.000000e+00   0.000000e+00   0.000000e+00
             42   2.030400e+07      1.0000000      0.0000000   5.683000e+26   0.000000e+00   5.683000e+26   0.000000e+00   0.000000e+00   0.000000e+00   0.000000e+00   0.000000e+00   0.000000e+00   4.620271e+23   0.000000e+00  -9.246497e+23   0.000000e+00   0.000000e+00   7.479894e+12   7.479894e+12   7.479894e+12  -1.603763e+18   1.315466e+19   0.000000e+00  -9.839544e+31  -1.199603e+31   1.346655e+33   0.000000e+00   0.000000e+00   0.000000e+00   0.000000e+00   0.000000e+00   0.000000e+00   0.000000e+00   0.000000e+00   0.000000e+00   0.000000e+00   0.000000e+00   0.000000e+00   0.000000e+00
             42   2.039040e+07      1.0000000      0.0000000   5.683000e+26   0.000000e+00   5.683000e+26   0.000000e+00   0.000000e+00   0.000000e+00   0.000000e+00   0.000000e+00   0.000000e+00   4.620271e+23   0.000000e+00  -9.246497e+23   0.000000e+00   0.000000e+00   7.479894e+12   7.479894e+12   7.479894e+12  -1.603767e+18   1.315467e+19   0.000000e+00  -9.839547e+31  -1.199600e+31   1.346655e+33   0.000000e+00   0.000000e+00   0.000000e+00   0.000000e+00   0.000000e+00   0.000000e+00   0.000000e+00   0.000000e+00   0.000000e+00   0.000000e+00   0.000000e+00   0.000000e+00   0.000000e+00
             42   2.047680e+07      1.0000000      0.0000000   5.683000e+26   0.000000e+00   5.683000e+26   0.000000e+00   0.000000e+00   0.000000e+00   0.000000e+00   0.000000e+00   0.000000e+00   4.620271e+23   0.000000e+00  -9.246497e+23   0.000000e+00   0.000000e+00   7.479894e+12   7.479894e+12   7.479894e+12  -1.603792e+18   1.315465e+19   0.000000e+00  -9.839542e+31  -1.199610e+31   1.346655e+33   0.000000e+00   0.000000e+00   0.000000e+00   0.000000e+00   0.000000e+00   0.000000e+00   0.000000e+00   0.000000e+00   0.000000e+00   0.000000e+00   0.000000e+00   0.000000e+00   0.000000e+00
             42   2.056320e+07      1.0000000      0.0000000   5.683000e+26   0.000000e+00   5.683000e+26   0.000000e+00   0.000000e+00   0.000000e+00   0.000000e+00   0.000000e+00   0.000000e+00   4.620271e+23   0.000000e+00  -9.246497e+23   0.000000e+00   0.000000e+00   7.479894e+12   7.479894e+12   7.479894e+12  -1.603776e+18   1.315467e+19   0.000000e+00  -9.839549e+31  -1.199610e+31   1.346655e+33   0.000000e+00   0.000000e+00   0.000000e+00   0.000000e+00   0.000000e+00   0.000000e+00   0.000000e+00   0.000000e+00   0.000000e+00   0.000000e+00   0.000000e+00   0.000000e+00   0.000000e+00
             42   2.064960e+07      1.0000000      0.0000000   5.683000e+26   0.000000e+00   5.683000e+26   0.000000e+00   0.000000e+00   0.000000e+00   0.000000e+00   0.000000e+00   0.000000e+00   4.620271e+23   0.000000e+00  -9.246497e+23   0.000000e+00   0.000000e+00   7.479894e+12   7.479894e+12   7.479894e+12  -1.603787e+18   1.315466e+19   0.000000e+00  -9.839556e+31  -1.199611e+31   1.346656e+33   0.000000e+00   0.000000e+00   0.000000e+00   0.000000e+00   0.000000e+00   0.000000e+00   0.000000e+00   0.000000e+00   0.000000e+00   0.000000e+00   0.000000e+00   0.000000e+00   0.000000e+00
             43   2.073600e+07      1.0000000      0.0000000   5.683000e+26   0.000000e+00   5.683000e+26   0.000000e+00   0.000000e+00   0.000000e+00   0.000000e+00   0.000000e+00   0.000000e+00   4.620271e+23   0.000000e+00  -9.246497e+23   0.000000e+00   0.000000e+00   7.479894e+12   7.479894e+12   7.479894e+12  -1.603783e+18   1.315466e+19   0.000000e+00  -9.839546e+31  -1.199612e+31   1.346655e+33   0.000000e+00   0.000000e+00   0.000000e+00   0.000000e+00   0.000000e+00   0.000000e+00   0.000000e+00   0.000000e+00   0.000000e+00   0.000000e+00   0.000000e+00   0.000000e+00   0.000000e+00
             43   2.082240e+07      1.0000000      0.0000000   5.683000e+26   0.000000e+00   5.683000e+26   0.000000e+00   0.000000e+00   0.000000e+00   0.000000e+00   0.000000e+00   0.000000e+00   4.620271e+23   0.000000e+00  -9.246497e+23   0.000000e+00   0.000000e+00   7.479894e+12   7.479894e+12   7.479894e+12  -1.603756e+18   1.315465e+19   0.000000e+00  -9.839544e+31  -1.199595e+31   1.346655e+33   0.000000e+00   0.000000e+00   0.000000e+00   0.000000e+00   0.000000e+00   0.000000e+00   0.000000e+00   0.000000e+00   0.000000e+00   0.000000e+00   0.000000e+00   0.000000e+00   0.000000e+00
             43   2.090880e+07      1.0000000      0.0000000   5.683000e+26   0.000000e+00   5.683000e+26   0.000000e+00   0.000000e+00   0.000000e+00   0.000000e+00   0.000000e+00   0.000000e+00   4.620271e+23   0.000000e+00  -9.246497e+23   0.000000e+00   0.000000e+00   7.479894e+12   7.479894e+12   7.479894e+12  -1.603762e+18   1.315466e+19   0.000000e+00  -9.839546e+31  -1.199600e+31   1.346655e+33   0.000000e+00   0.000000e+00   0.000000e+00   0.000000e+00   0.000000e+00   0.000000e+00   0.000000e+00   0.000000e+00   0.000000e+00   0.000000e+00   0.000000e+00   0.000000e+00   0.000000e+00
             43   2.099520e+07      1.0000000      0.0000000   5.683000e+26   0.000000e+00   5.683000e+26   0.000000e+00   0.000000e+00   0.000000e+00   0.000000e+00   0.000000e+00   0.000000e+00   4.620271e+23   0.000000e+00  -9.246497e+23   0.000000e+00   0.000000e+00   7.479894e+12   7.479894e+12   7.479894e+12  -1.603787e+18   1.315465e+19   0.000000e+00  -9.839545e+31  -1.199609e+31   1.346655e+33   0.000000e+00   0.000000e+00   0.000000e+00   0.000000e+00   0.000000e+00   0.000000e+00   0.000000e+00   0.000000e+00   0.000000e+00   0.000000e+00   0.000000e+00   0.000000e+00   0.000000e+00
             43   2.108160e+07      1.0000000      0.0000000   5.683000e+26   0.000000e+00   5.683000e+26   0.000000e+00   0.000000e+00   0.000000e+00   0.000000e+00   0.000000e+00   0.000000e+00   4.620271e+23   0.000000e+00  -9.246497e+23   0.000000e+00   0.000000e+00   7.479894e+12   7.479894e+12   7.479894e+12  -1.603752e+18   1.315468e+19   0.000000e+00  -9.839555e+31  -1.199598e+31   1.346655e+33   0.000000e+00   0.000000e+00   0.000000e+00   0.000000e+00   0.000000e+00   0.000000e+00   0.000000e+00   0.000000e+00   0.000000e+00   0.000000e+00   0.000000e+00   0.000000e+00   0.000000e+00
             44   2.116800e+07      1.0000000      0.0000000   5.683000e+26   0.000000e+00   5.683000e+26   0.000000e+00   0.000000e+00   0.000000e+00   0.000000e+00   0.000000e+00   0.000000e+00   4.620271e+23   0.000000e+00  -9.246497e+23   0.000000e+00   0.000000e+00   7.479894e+12   7.479894e+12   7.479894e+12  -1.603767e+18   1.315466e+19   0.000000e+00  -9.839549e+31  -1.199600e+31   1.346655e+33   0.000000e+00   0.000000e+00   0.000000e+00   0.000000e+00   0.000000e+00   0.000000e+00   0.000000e+00   0.000000e+00   0.000000e+00   0.000000e+00   0.000000e+00   0.000000e+00   0.000000e+00
             44   2.125440e+07      1.0000000      0.0000000   5.683000e+26   0.000000e+00   5.683000e+26   0.000000e+00   0.000000e+00   0.000000e+00   0.000000e+00   0.000000e+00   0.000000e+00   4.620271e+23   0.000000e+00  -9.246497e+23   0.000000e+00   0.000000e+00   7.479894e+12   7.479894e+12   7.479894e+12  -1.603755e+18   1.315467e+19   0.000000e+00  -9.839548e+31  -1.199592e+31   1.346655e+33   0.000000e+00   0.000000e+00   0.000000e+00   0.000000e+00   0.000000e+00   0.000000e+00   0.000000e+00   0.000000e+00   0.000000e+00   0.000000e+00   0.000000e+00   0.000000e+00   0.000000e+00
             44   2.134080e+07      1.0000000      0.0000000   5.683000e+26   0.000000e+00   5.683000e+26   0.000000e+00   0.000000e+00   0.000000e+00   0.000000e+00   0.000000e+00   0.000000e+00   4.620271e+23   0.000000e+00  -9.246497e+23   0.000000e+00   0.000000e+00   7.479894e+12   7.479894e+12   7.479894e+12  -1.603771e+18   1.315468e+19   0.000000e+00  -9.839557e+31  -1.199606e+31   1.346655e+33   0.000000e+00   0.000000e+00   0.000000e+00   0.000000e+00   0.000000e+00   0.000000e+00   0.000000e+00   0.000000e+00   0.000000e+00   0.000000e+00   0.000000e+00   0.000000e+00   0.000000e+00
             44   2.142720e+07      1.0000000      0.0000000   5.683000e+26   0.000000e+00   5.683000e+26   0.000000e+00   0.000000e+00   0.000000e+00   0.000000e+00   0.000000e+00   0.000000e+00   4.620271e+23   0.000000e+00  -9.246497e+23   0.000000e+00   0.000000e+00   7.479894e+12   7.479894e+12   7.479894e+12  -1.603761e+18   1.315466e+19   0.000000e+00  -9.839545e+31  -1.199594e+31   1.346655e+33   0.000000e+00   0.000000e+00   0.000000e+00   0.000000e+00   0.000000e+00   0.000000e+00   0.000000e+00   0.000000e+00   0.000000e+00   0.000000e+00   0.000000e+00   0.000000e+00   0.000000e+00
             44   2.151360e+07      1.0000000      0.0000000   5.683000e+26   0.000000e+00   5.683000e+26   0.000000e+00   0.000000e+00   0.000000e+00   0.000000e+00   0.000000e+00   0.000000e+00   4.620271e+23   0.000000e+00  -9.246497e+23   0.000000e+00   0.000000e+00   7.479894e+12   7.479894e+12   7.479894e+12  -1.603773e+18   1.315465e+19   0.000000e+00  -9.839544e+31  -1.199605e+31   1.346655e+33   0.000000e+00   0.000000e+00   0.000000e+00   0.000000e+00   0.000000e+00   0.000000e+00   0.000000e+00   0.000000e+00   0.000000e+00   0.000000e+00   0.000000e+00   0.000000e+00   0.000000e+00
             44   2.160000e+07      1.0000000      0.0000000   5.683000e+26   0.000000e+00   5.683000e+26   0.000000e+00   0.000000e+00   0.000000e+00   0.000000e+00   0.000000e+00   0.000000e+00   4.620271e+23   0.000000e+00  -9.246497e+23   0.000000e+00   0.000000e+00   7.479894e+12   7.479894e+12   7.479894e+12  -1.603756e+18   1.315467e+19   0.000000e+00  -9.839556e+31  -1.199590e+31   1.346655e+33   0.000000e+00   0.000000e+00   0.000000e+00   0.000000e+00   0.000000e+00   0.000000e+00   0.000000e+00   0.000000e+00   0.000000e+00   0.000000e+00   0.000000e+00   0.000000e+00   0.000000e+00
             45   2.168640e+07      1.0000000      0.0000000   5.683000e+26   0.000000e+00   5.683000e+26   0.000000e+00   0.000000e+00   0.000000e+00   0.000000e+00   0.000000e+00   0.000000e+00   4.620271e+23   0.000000e+00  -9.246497e+23   0.000000e+00   0.000000e+00   7.479894e+12   7.479894e+12   7.479894e+12  -1.603767e+18   1.315468e+19   0.000000e+00  -9.839566e+31  -1.199600e+31   1.346655e+33   0.000000e+00   0.000000e+00   0.000000e+00   0.000000e+00   0.000000e+00   0.000000e+00   0.000000e+00   0.000000e+00   0.000000e+00   0.000000e+00   0.000000e+00   0.000000e+00   0.000000e+00
             45   2.177280e+07      1.0000000      0.0000000   5.683000e+26   0.000000e+00   5.683000e+26   0.000000e+00   0.000000e+00   0.000000e+00   0.000000e+00   0.000000e+00   0.000000e+00   4.620271e+23   0.000000e+00  -9.246497e+23   0.000000e+00   0.000000e+00   7.479894e+12   7.479894e+12   7.479894e+12  -1.603787e+18   1.315468e+19   0.000000e+00  -9.839569e+31  -1.199612e+31   1.346656e+33   0.000000e+00   0.000000e+00   0.000000e+00   0.000000e+00   0.000000e+00   0.000000e+00   0.000000e+00   0.000000e+00   0.000000e+00   0.000000e+00   0.000000e+00   0.000000e+00   0.000000e+00
             45   2.185920e+07      1.0000000      0.0000000   5.683000e+26   0.000000e+00   5.683000e+26   0.000000e+00   0.000000e+00   0.000000e+00   0.000000e+00   0.000000e+00   0.000000e+00   4.620271e+23   0.000000e+00  -9.246497e+23   0.000000e+00   0.000000e+00   7.479894e+12   7.479894e+12   7.479894e+12  -1.603767e+18   1.315467e+19   0.000000e+00  -9.839560e+31  -1.199607e+31   1.346655e+33   0.000000e+00   0.000000e+00   0.000000e+00   0.000000e+00   0.000000e+00   0.000000e+00   0.000000e+00   0.000000e+00   0.000000e+00   0.000000e+00   0.000000e+00   0.000000e+00   0.000000e+00
             45   2.194560e+07      1.0000000      0.0000000   5.683000e+26   0.000000e+00   5.683000e+26   0.000000e+00   0.000000e+00   0.000000e+00   0.000000e+00   0.000000e+00   0.000000e+00   4.620271e+23   0.000000e+00  -9.246497e+23   0.000000e+00   0.000000e+00   7.479894e+12   7.479894e+12   7.479894e+12  -1.603773e+18   1.315468e+19   0.000000e+00  -9.839560e+31  -1.199603e+31   1.346655e+33   0.000000e+00   0.000000e+00   0.000000e+00   0.000000e+00   0.000000e+00   0.000000e+00   0.000000e+00   0.000000e+00   0.000000e+00   0.000000e+00   0.000000e+00   0.000000e+00   0.000000e+00
             45   2.203200e+07      1.0000000      0.0000000   5.683000e+26   0.000000e+00   5.683000e+26   0.000000e+00   0.000000e+00   0.000000e+00   0.000000e+00   0.000000e+00   0.000000e+00   4.620271e+23   0.000000e+00  -9.246497e+23   0.000000e+00   0.000000e+00   7.479894e+12   7.479894e+12   7.479894e+12  -1.603769e+18   1.315469e+19   0.000000e+00  -9.839563e+31  -1.199607e+31   1.346656e+33   0.000000e+00   0.000000e+00   0.000000e+00   0.000000e+00   0.000000e+00   0.000000e+00   0.000000e+00   0.000000e+00   0.000000e+00   0.000000e+00   0.000000e+00   0.000000e+00   0.000000e+00
             46   2.211840e+07      1.0000000      0.0000000   5.683000e+26   0.000000e+00   5.683000e+26   0.000000e+00   0.000000e+00   0.000000e+00   0.000000e+00   0.000000e+00   0.000000e+00   4.620271e+23   0.000000e+00  -9.246497e+23   0.000000e+00   0.000000e+00   7.479894e+12   7.479894e+12   7.479894e+12  -1.603783e+18   1.315466e+19   0.000000e+00  -9.839551e+31  -1.199611e+31   1.346655e+33   0.000000e+00   0.000000e+00   0.000000e+00   0.000000e+00   0.000000e+00   0.000000e+00   0.000000e+00   0.000000e+00   0.000000e+00   0.000000e+00   0.000000e+00   0.000000e+00   0.000000e+00
             46   2.220480e+07      1.0000000      0.0000000   5.683000e+26   0.000000e+00   5.683000e+26   0.000000e+00   0.000000e+00   0.000000e+00   0.000000e+00   0.000000e+00   0.000000e+00   4.620271e+23   0.000000e+00  -9.246497e+23   0.000000e+00   0.000000e+00   7.479894e+12   7.479894e+12   7.479894e+12  -1.603774e+18   1.315467e+19   0.000000e+00  -9.839548e+31  -1.199605e+31   1.346655e+33   0.000000e+00   0.000000e+00   0.000000e+00   0.000000e+00   0.000000e+00   0.000000e+00   0.000000e+00   0.000000e+00   0.000000e+00   0.000000e+00   0.000000e+00   0.000000e+00   0.000000e+00
             46   2.229120e+07      1.0000000      0.0000000   5.683000e+26   0.000000e+00   5.683000e+26   0.000000e+00   0.000000e+00   0.000000e+00   0.000000e+00   0.000000e+00   0.000000e+00   4.620271e+23   0.000000e+00  -9.246497e+23   0.000000e+00   0.000000e+00   7.479894e+12   7.479894e+12   7.479894e+12  -1.603771e+18   1.315467e+19   0.000000e+00  -9.839550e+31  -1.199602e+31   1.346655e+33   0.000000e+00   0.000000e+00   0.000000e+00   0.000000e+00   0.000000e+00   0.000000e+00   0.000000e+00   0.000000e+00   0.000000e+00   0.000000e+00   0.000000e+00   0.000000e+00   0.000000e+00
             46   2.237760e+07      1.0000000      0.0000000   5.683000e+26   0.000000e+00   5.683000e+26   0.000000e+00   0.000000e+00   0.000000e+00   0.000000e+00   0.000000e+00   0.000000e+00   4.620271e+23   0.000000e+00  -9.246497e+23   0.000000e+00   0.000000e+00   7.479894e+12   7.479894e+12   7.479894e+12  -1.603775e+18   1.315467e+19   0.000000e+00  -9.839553e+31  -1.199605e+31   1.346655e+33   0.000000e+00   0.000000e+00   0.000000e+00   0.000000e+00   0.000000e+00   0.000000e+00   0.000000e+00   0.000000e+00   0.000000e+00   0.000000e+00   0.000000e+00   0.000000e+00   0.000000e+00
             46   2.246400e+07      1.0000000      0.0000000   5.683000e+26   0.000000e+00   5.683000e+26   0.000000e+00   0.000000e+00   0.000000e+00   0.000000e+00   0.000000e+00   0.000000e+00   4.620271e+23   0.000000e+00  -9.246497e+23   0.000000e+00   0.000000e+00   7.479894e+12   7.479894e+12   7.479894e+12  -1.603793e+18   1.315466e+19   0.000000e+00  -9.839543e+31  -1.199618e+31   1.346655e+33   0.000000e+00   0.000000e+00   0.000000e+00   0.000000e+00   0.000000e+00   0.000000e+00   0.000000e+00   0.000000e+00   0.000000e+00   0.000000e+00   0.000000e+00   0.000000e+00   0.000000e+00
             46   2.255040e+07      1.0000000      0.0000000   5.683000e+26   0.000000e+00   5.683000e+26   0.000000e+00   0.000000e+00   0.000000e+00   0.000000e+00   0.000000e+00   0.000000e+00   4.620271e+23   0.000000e+00  -9.246497e+23   0.000000e+00   0.000000e+00   7.479894e+12   7.479894e+12   7.479894e+12  -1.603777e+18   1.315465e+19   0.000000e+00  -9.839544e+31  -1.199608e+31   1.346655e+33   0.000000e+00   0.000000e+00   0.000000e+00   0.000000e+00   0.000000e+00   0.000000e+00   0.000000e+00   0.000000e+00   0.000000e+00   0.000000e+00   0.000000e+00   0.000000e+00   0.000000e+00
             47   2.263680e+07      1.0000000      0.0000000   5.683000e+26   0.000000e+00   5.683000e+26   0.000000e+00   0.000000e+00   0.000000e+00   0.000000e+00   0.000000e+00   0.000000e+00   4.620271e+23   0.000000e+00  -9.246497e+23   0.000000e+00   0.000000e+00   7.479894e+12   7.479894e+12   7.479894e+12  -1.603786e+18   1.315468e+19   0.000000e+00  -9.839568e+31  -1.199615e+31   1.346656e+33   0.000000e+00   0.000000e+00   0.000000e+00   0.000000e+00   0.000000e+00   0.000000e+00   0.000000e+00   0.000000e+00   0.000000e+00   0.000000e+00   0.000000e+00   0.000000e+00   0.000000e+00
             47   2.272320e+07      1.0000000      0.0000000   5.683000e+26   0.000000e+00   5.683000e+26   0.000000e+00   0.000000e+00   0.000000e+00   0.000000e+00   0.000000e+00   0.000000e+00   4.620271e+23   0.000000e+00  -9.246497e+23   0.000000e+00   0.000000e+00   7.479894e+12   7.479894e+12   7.479894e+12  -1.603777e+18   1.315468e+19   0.000000e+00  -9.839563e+31  -1.199614e+31   1.346656e+33   0.000000e+00   0.000000e+00   0.000000e+00   0.000000e+00   0.000000e+00   0.000000e+00   0.000000e+00   0.000000e+00   0.000000e+00   0.000000e+00   0.000000e+00   0.000000e+00   0.000000e+00
             47   2.280960e+07      1.0000000      0.0000000   5.683000e+26   0.000000e+00   5.683000e+26   0.000000e+00   0.000000e+00   0.000000e+00   0.000000e+00   0.000000e+00   0.000000e+00   4.620271e+23   0.000000e+00  -9.246497e+23   0.000000e+00   0.000000e+00   7.479894e+12   7.479894e+12   7.479894e+12  -1.603775e+18   1.315470e+19   0.000000e+00  -9.839572e+31  -1.199608e+31   1.346656e+33   0.000000e+00   0.000000e+00   0.000000e+00   0.000000e+00   0.000000e+00   0.000000e+00   0.000000e+00   0.000000e+00   0.000000e+00   0.000000e+00   0.000000e+00   0.000000e+00   0.000000e+00
             47   2.289600e+07      1.0000000      0.0000000   5.683000e+26   0.000000e+00   5.683000e+26   0.000000e+00   0.000000e+00   0.000000e+00   0.000000e+00   0.000000e+00   0.000000e+00   4.620271e+23   0.000000e+00  -9.246497e+23   0.000000e+00   0.000000e+00   7.479894e+12   7.479894e+12   7.479894e+12  -1.603791e+18   1.315469e+19   0.000000e+00  -9.839562e+31  -1.199614e+31   1.346656e+33   0.000000e+00   0.000000e+00   0.000000e+00   0.000000e+00   0.000000e+00   0.000000e+00   0.000000e+00   0.000000e+00   0.000000e+00   0.000000e+00   0.000000e+00   0.000000e+00   0.000000e+00
             47   2.298240e+07      1.0000000      0.0000000   5.683000e+26   0.000000e+00   5.683000e+26   0.000000e+00   0.000000e+00   0.000000e+00   0.000000e+00   0.000000e+00   0.000000e+00   4.620271e+23   0.000000e+00  -9.246497e+23   0.000000e+00   0.000000e+00   7.479894e+12   7.479894e+12   7.479894e+12  -1.603781e+18   1.315468e+19   0.000000e+00  -9.839566e+31  -1.199609e+31   1.346656e+33   0.000000e+00   0.000000e+00   0.000000e+00   0.000000e+00   0.000000e+00   0.000000e+00   0.000000e+00   0.000000e+00   0.000000e+00   0.000000e+00   0.000000e+00   0.000000e+00   0.000000e+00
             47   2.306880e+07      1.0000000      0.0000000   5.683000e+26   0.000000e+00   5.683000e+26   0.000000e+00   0.000000e+00   0.000000e+00   0.000000e+00   0.000000e+00   0.000000e+00   4.620271e+23   0.000000e+00  -9.246497e+23   0.000000e+00   0.000000e+00   7.479894e+12   7.479894e+12   7.479894e+12  -1.603780e+18   1.315468e+19   0.000000e+00  -9.839568e+31  -1.199609e+31   1.346656e+33   0.000000e+00   0.000000e+00   0.000000e+00   0.000000e+00   0.000000e+00   0.000000e+00   0.000000e+00   0.000000e+00   0.000000e+00   0.000000e+00   0.000000e+00   0.000000e+00   0.000000e+00
             48   2.315520e+07      1.0000000      0.0000000   5.683000e+26   0.000000e+00   5.683000e+26   0.000000e+00   0.000000e+00   0.000000e+00   0.000000e+00   0.000000e+00   0.000000e+00   4.620271e+23   0.000000e+00  -9.246497e+23   0.000000e+00   0.000000e+00   7.479894e+12   7.479894e+12   7.479894e+12  -1.603786e+18   1.315469e+19   0.000000e+00  -9.839566e+31  -1.199614e+31   1.346656e+33   0.000000e+00   0.000000e+00   0.000000e+00   0.000000e+00   0.000000e+00   0.000000e+00   0.000000e+00   0.000000e+00   0.000000e+00   0.000000e+00   0.000000e+00   0.000000e+00   0.000000e+00
             48   2.324160e+07      1.0000000      0.0000000   5.683000e+26   0.000000e+00   5.683000e+26   0.000000e+00   0.000000e+00   0.000000e+00   0.000000e+00   0.000000e+00   0.000000e+00   4.620271e+23   0.000000e+00  -9.246497e+23   0.000000e+00   0.000000e+00   7.479894e+12   7.479894e+12   7.479894e+12  -1.603790e+18   1.315468e+19   0.000000e+00  -9.839563e+31  -1.199616e+31   1.346656e+33   0.000000e+00   0.000000e+00   0.000000e+00   0.000000e+00   0.000000e+00   0.000000e+00   0.000000e+00   0.000000e+00   0.000000e+00   0.000000e+00   0.000000e+00   0.000000e+00   0.000000e+00
             48   2.332800e+07      1.0000000      0.0000000   5.683000e+26   0.000000e+00   5.683000e+26   0.000000e+00   0.000000e+00   0.000000e+00   0.000000e+00   0.000000e+00   0.000000e+00   4.620271e+23   0.000000e+00  -9.246497e+23   0.000000e+00   0.000000e+00   7.479894e+12   7.479894e+12   7.479894e+12  -1.603766e+18   1.315468e+19   0.000000e+00  -9.839563e+31  -1.199603e+31   1.346655e+33   0.000000e+00   0.000000e+00   0.000000e+00   0.000000e+00   0.000000e+00   0.000000e+00   0.000000e+00   0.000000e+00   0.000000e+00   0.000000e+00   0.000000e+00   0.000000e+00   0.000000e+00
             48   2.341440e+07      1.0000000      0.0000000   5.683000e+26   0.000000e+00   5.683000e+26   0.000000e+00   0.000000e+00   0.000000e+00   0.000000e+00   0.000000e+00   0.000000e+00   4.620271e+23   0.000000e+00  -9.246497e+23   0.000000e+00   0.000000e+00   7.479894e+12   7.479894e+12   7.479894e+12  -1.603769e+18   1.315468e+19   0.000000e+00  -9.839565e+31  -1.199607e+31   1.346656e+33   0.000000e+00   0.000000e+00   0.000000e+00   0.000000e+00   0.000000e+00   0.000000e+00   0.000000e+00   0.000000e+00   0.000000e+00   0.000000e+00   0.000000e+00   0.000000e+00   0.000000e+00
             48   2.350080e+07      1.0000000      0.0000000   5.683000e+26   0.000000e+00   5.683000e+26   0.000000e+00   0.000000e+00   0.000000e+00   0.000000e+00   0.000000e+00   0.000000e+00   4.620271e+23   0.000000e+00  -9.246497e+23   0.000000e+00   0.000000e+00   7.479894e+12   7.479894e+12   7.479894e+12  -1.603794e+18   1.315469e+19   0.000000e+00  -9.839565e+31  -1.199619e+31   1.346656e+33   0.000000e+00   0.000000e+00   0.000000e+00   0.000000e+00   0.000000e+00   0.000000e+00   0.000000e+00   0.000000e+00   0.000000e+00   0.000000e+00   0.000000e+00   0.000000e+00   0.000000e+00
             49   2.358720e+07      1.0000000      0.0000000   5.683000e+26   0.000000e+00   5.683000e+26   0.000000e+00   0.000000e+00   0.000000e+00   0.000000e+00   0.000000e+00   0.000000e+00   4.620271e+23   0.000000e+00  -9.246497e+23   0.000000e+00   0.000000e+00   7.479894e+12   7.479894e+12   7.479894e+12  -1.603785e+18   1.315469e+19   0.000000e+00  -9.839570e+31  -1.199609e+31   1.346656e+33   0.000000e+00   0.000000e+00   0.000000e+00   0.000000e+00   0.000000e+00   0.000000e+00   0.000000e+00   0.000000e+00   0.000000e+00   0.000000e+00   0.000000e+00   0.000000e+00   0.000000e+00
             49   2.367360e+07      1.0000000      0.0000000   5.683000e+26   0.000000e+00   5.683000e+26   0.000000e+00   0.000000e+00   0.000000e+00   0.000000e+00   0.000000e+00   0.000000e+00   4.620271e+23   0.000000e+00  -9.246497e+23   0.000000e+00   0.000000e+00   7.479894e+12   7.479894e+12   7.479894e+12  -1.603773e+18   1.315470e+19   0.000000e+00  -9.839571e+31  -1.199605e+31   1.346656e+33   0.000000e+00   0.000000e+00   0.000000e+00   0.000000e+00   0.000000e+00   0.000000e+00   0.000000e+00   0.000000e+00   0.000000e+00   0.000000e+00   0.000000e+00   0.000000e+00   0.000000e+00
             49   2.376000e+07      1.0000000      0.0000000   5.683000e+26   0.000000e+00   5.683000e+26   0.000000e+00   0.000000e+00   0.000000e+00   0.000000e+00   0.000000e+00   0.000000e+00   4.620271e+23   0.000000e+00  -9.246497e+23   0.000000e+00   0.000000e+00   7.479894e+12   7.479894e+12   7.479894e+12  -1.603776e+18   1.315469e+19   0.000000e+00  -9.839565e+31  -1.199609e+31   1.346656e+33   0.000000e+00   0.000000e+00   0.000000e+00   0.000000e+00   0.000000e+00   0.000000e+00   0.000000e+00   0.000000e+00   0.000000e+00   0.000000e+00   0.000000e+00   0.000000e+00   0.000000e+00
             49   2.384640e+07      1.0000000      0.0000000   5.683000e+26   0.000000e+00   5.683000e+26   0.000000e+00   0.000000e+00   0.000000e+00   0.000000e+00   0.000000e+00   0.000000e+00   4.620271e+23   0.000000e+00  -9.246497e+23   0.000000e+00   0.000000e+00   7.479894e+12   7.479894e+12   7.479894e+12  -1.603787e+18   1.315468e+19   0.000000e+00  -9.839563e+31  -1.199617e+31   1.346656e+33   0.000000e+00   0.000000e+00   0.000000e+00   0.000000e+00   0.000000e+00   0.000000e+00   0.000000e+00   0.000000e+00   0.000000e+00   0.000000e+00   0.000000e+00   0.000000e+00   0.000000e+00
             49   2.393280e+07      1.0000000      0.0000000   5.683000e+26   0.000000e+00   5.683000e+26   0.000000e+00   0.000000e+00   0.000000e+00   0.000000e+00   0.000000e+00   0.000000e+00   4.620271e+23   0.000000e+00  -9.246497e+23   0.000000e+00   0.000000e+00   7.479894e+12   7.479894e+12   7.479894e+12  -1.603782e+18   1.315470e+19   0.000000e+00  -9.839571e+31  -1.199610e+31   1.346656e+33   0.000000e+00   0.000000e+00   0.000000e+00   0.000000e+00   0.000000e+00   0.000000e+00   0.000000e+00   0.000000e+00   0.000000e+00   0.000000e+00   0.000000e+00   0.000000e+00   0.000000e+00
             49   2.401920e+07      1.0000000      0.0000000   5.683000e+26   0.000000e+00   5.683000e+26   0.000000e+00   0.000000e+00   0.000000e+00   0.000000e+00   0.000000e+00   0.000000e+00   4.620272e+23   0.000000e+00  -9.246497e+23   0.000000e+00   0.000000e+00   7.479894e+12   7.479894e+12   7.479894e+12  -1.603788e+18   1.315468e+19   0.000000e+00  -9.839564e+31  -1.199611e+31   1.346656e+33   0.000000e+00   0.000000e+00   0.000000e+00   0.000000e+00   0.000000e+00   0.000000e+00   0.000000e+00   0.000000e+00   0.000000e+00   0.000000e+00   0.000000e+00   0.000000e+00   0.000000e+00
             50   2.410560e+07      1.0000000      0.0000000   5.683000e+26   0.000000e+00   5.683000e+26   0.000000e+00   0.000000e+00   0.000000e+00   0.000000e+00   0.000000e+00   0.000000e+00   4.620271e+23   0.000000e+00  -9.246497e+23   0.000000e+00   0.000000e+00   7.479894e+12   7.479894e+12   7.479894e+12  -1.603786e+18   1.315470e+19   0.000000e+00  -9.839573e+31  -1.199613e+31   1.346656e+33   0.000000e+00   0.000000e+00   0.000000e+00   0.000000e+00   0.000000e+00   0.000000e+00   0.000000e+00   0.000000e+00   0.000000e+00   0.000000e+00   0.000000e+00   0.000000e+00   0.000000e+00
             50   2.419200e+07      1.0000000      0.0000000   5.683000e+26   0.000000e+00   5.683000e+26   0.000000e+00   0.000000e+00   0.000000e+00   0.000000e+00   0.000000e+00   0.000000e+00   4.620271e+23   0.000000e+00  -9.246497e+23   0.000000e+00   0.000000e+00   7.479894e+12   7.479894e+12   7.479894e+12  -1.603794e+18   1.315470e+19   0.000000e+00  -9.839569e+31  -1.199621e+31   1.346656e+33   0.000000e+00   0.000000e+00   0.000000e+00   0.000000e+00   0.000000e+00   0.000000e+00   0.000000e+00   0.000000e+00   0.000000e+00   0.000000e+00   0.000000e+00   0.000000e+00   0.000000e+00
             50   2.427840e+07      1.0000000      0.0000000   5.683000e+26   0.000000e+00   5.683000e+26   0.000000e+00   0.000000e+00   0.000000e+00   0.000000e+00   0.000000e+00   0.000000e+00   4.620271e+23   0.000000e+00  -9.246497e+23   0.000000e+00   0.000000e+00   7.479894e+12   7.479894e+12   7.479894e+12  -1.603776e+18   1.315469e+19   0.000000e+00  -9.839571e+31  -1.199618e+31   1.346656e+33   0.000000e+00   0.000000e+00   0.000000e+00   0.000000e+00   0.000000e+00   0.000000e+00   0.000000e+00   0.000000e+00   0.000000e+00   0.000000e+00   0.000000e+00   0.000000e+00   0.000000e+00
             50   2.436480e+07      1.0000000      0.0000000   5.683000e+26   0.000000e+00   5.683000e+26   0.000000e+00   0.000000e+00   0.000000e+00   0.000000e+00   0.000000e+00   0.000000e+00   4.620271e+23   0.000000e+00  -9.246497e+23   0.000000e+00   0.000000e+00   7.479894e+12   7.479894e+12   7.479894e+12  -1.603783e+18   1.315469e+19   0.000000e+00  -9.839568e+31  -1.199613e+31   1.346656e+33   0.000000e+00   0.000000e+00   0.000000e+00   0.000000e+00   0.000000e+00   0.000000e+00   0.000000e+00   0.000000e+00   0.000000e+00   0.000000e+00   0.000000e+00   0.000000e+00   0.000000e+00
             50   2.445120e+07      1.0000000      0.0000000   5.683000e+26   0.000000e+00   5.683000e+26   0.000000e+00   0.000000e+00   0.000000e+00   0.000000e+00   0.000000e+00   0.000000e+00   4.620271e+23   0.000000e+00  -9.246497e+23   0.000000e+00   0.000000e+00   7.479894e+12   7.479894e+12   7.479894e+12  -1.603790e+18   1.315469e+19   0.000000e+00  -9.839564e+31  -1.199620e+31   1.346656e+33   0.000000e+00   0.000000e+00   0.000000e+00   0.000000e+00   0.000000e+00   0.000000e+00   0.000000e+00   0.000000e+00   0.000000e+00   0.000000e+00   0.000000e+00   0.000000e+00   0.000000e+00
             51   2.453760e+07      1.0000000      0.0000000   5.683000e+26   0.000000e+00   5.683000e+26   0.000000e+00   0.000000e+00   0.000000e+00   0.000000e+00   0.000000e+00   0.000000e+00   4.620271e+23   0.000000e+00  -9.246497e+23   0.000000e+00   0.000000e+00   7.479894e+12   7.479894e+12   7.479894e+12  -1.603796e+18   1.315470e+19   0.000000e+00  -9.839570e+31  -1.199615e+31   1.346656e+33   0.000000e+00   0.000000e+00   0.000000e+00   0.000000e+00   0.000000e+00   0.000000e+00   0.000000e+00   0.000000e+00   0.000000e+00   0.000000e+00   0.000000e+00   0.000000e+00   0.000000e+00
             51   2.462400e+07      1.0000000      0.0000000   5.683000e+26   0.000000e+00   5.683000e+26   0.000000e+00   0.000000e+00   0.000000e+00   0.000000e+00   0.000000e+00   0.000000e+00   4.620271e+23   0.000000e+00  -9.246497e+23   0.000000e+00   0.000000e+00   7.479894e+12   7.479894e+12   7.479894e+12  -1.603802e+18   1.315470e+19   0.000000e+00  -9.839570e+31  -1.199621e+31   1.346656e+33   0.000000e+00   0.000000e+00   0.000000e+00   0.000000e+00   0.000000e+00   0.000000e+00   0.000000e+00   0.000000e+00   0.000000e+00   0.000000e+00   0.000000e+00   0.000000e+00   0.000000e+00
             51   2.471040e+07      1.0000000      0.0000000   5.683000e+26   0.000000e+00   5.683000e+26   0.000000e+00   0.000000e+00   0.000000e+00   0.000000e+00   0.000000e+00   0.000000e+00   4.620271e+23   0.000000e+00  -9.246497e+23   0.000000e+00   0.000000e+00   7.479894e+12   7.479894e+12   7.479894e+12  -1.603804e+18   1.315467e+19   0.000000e+00  -9.839561e+31  -1.199627e+31   1.346656e+33   0.000000e+00   0.000000e+00   0.000000e+00   0.000000e+00   0.000000e+00   0.000000e+00   0.000000e+00   0.000000e+00   0.000000e+00   0.000000e+00   0.000000e+00   0.000000e+00   0.000000e+00
             51   2.479680e+07      1.0000000      0.0000000   5.683000e+26   0.000000e+00   5.683000e+26   0.000000e+00   0.000000e+00   0.000000e+00   0.000000e+00   0.000000e+00   0.000000e+00   4.620271e+23   0.000000e+00  -9.246497e+23   0.000000e+00   0.000000e+00   7.479894e+12   7.479894e+12   7.479894e+12  -1.603786e+18   1.315468e+19   0.000000e+00  -9.839562e+31  -1.199614e+31   1.346656e+33   0.000000e+00   0.000000e+00   0.000000e+00   0.000000e+00   0.000000e+00   0.000000e+00   0.000000e+00   0.000000e+00   0.000000e+00   0.000000e+00   0.000000e+00   0.000000e+00   0.000000e+00
             51   2.488320e+07      1.0000000      0.0000000   5.683000e+26   0.000000e+00   5.683000e+26   0.000000e+00   0.000000e+00   0.000000e+00   0.000000e+00   0.000000e+00   0.000000e+00   4.620271e+23   0.000000e+00  -9.246497e+23   0.000000e+00   0.000000e+00   7.479894e+12   7.479894e+12   7.479894e+12  -1.603782e+18   1.315469e+19   0.000000e+00  -9.839564e+31  -1.199620e+31   1.346656e+33   0.000000e+00   0.000000e+00   0.000000e+00   0.000000e+00   0.000000e+00   0.000000e+00   0.000000e+00   0.000000e+00   0.000000e+00   0.000000e+00   0.000000e+00   0.000000e+00   0.000000e+00
             51   2.496960e+07      1.0000000      0.0000000   5.683000e+26   0.000000e+00   5.683000e+26   0.000000e+00   0.000000e+00   0.000000e+00   0.000000e+00   0.000000e+00   0.000000e+00   4.620272e+23   0.000000e+00  -9.246497e+23   0.000000e+00   0.000000e+00   7.479894e+12   7.479894e+12   7.479894e+12  -1.603791e+18   1.315470e+19   0.000000e+00  -9.839576e+31  -1.199618e+31   1.346656e+33   0.000000e+00   0.000000e+00   0.000000e+00   0.000000e+00   0.000000e+00   0.000000e+00   0.000000e+00   0.000000e+00   0.000000e+00   0.000000e+00   0.000000e+00   0.000000e+00   0.000000e+00
             52   2.505600e+07      1.0000000      0.0000000   5.683000e+26   0.000000e+00   5.683000e+26   0.000000e+00   0.000000e+00   0.000000e+00   0.000000e+00   0.000000e+00   0.000000e+00   4.620271e+23   0.000000e+00  -9.246496e+23   0.000000e+00   0.000000e+00   7.479894e+12   7.479894e+12   7.479894e+12  -1.603798e+18   1.315468e+19   0.000000e+00  -9.839553e+31  -1.199626e+31   1.346656e+33   0.000000e+00   0.000000e+00   0.000000e+00   0.000000e+00   0.000000e+00   0.000000e+00   0.000000e+00   0.000000e+00   0.000000e+00   0.000000e+00   0.000000e+00   0.000000e+00   0.000000e+00
             52   2.514240e+07      1.0000000      0.0000000   5.683000e+26   0.000000e+00   5.683000e+26   0.000000e+00   0.000000e+00   0.000000e+00   0.000000e+00   0.000000e+00   0.000000e+00   4.620271e+23   0.000000e+00  -9.246496e+23   0.000000e+00   0.000000e+00   7.479894e+12   7.479894e+12   7.479894e+12  -1.603795e+18   1.315467e+19   0.000000e+00  -9.839557e+31  -1.199621e+31   1.346656e+33   0.000000e+00   0.000000e+00   0.000000e+00   0.000000e+00   0.000000e+00   0.000000e+00   0.000000e+00   0.000000e+00   0.000000e+00   0.000000e+00   0.000000e+00   0.000000e+00   0.000000e+00
             52   2.522880e+07      1.0000000      0.0000000   5.683000e+26   0.000000e+00   5.683000e+26   0.000000e+00   0.000000e+00   0.000000e+00   0.000000e+00   0.000000e+00   0.000000e+00   4.620271e+23   0.000000e+00  -9.246496e+23   0.000000e+00   0.000000e+00   7.479894e+12   7.479894e+12   7.479894e+12  -1.603778e+18   1.315468e+19   0.000000e+00  -9.839556e+31  -1.199610e+31   1.346655e+33   0.000000e+00   0.000000e+00   0.000000e+00   0.000000e+00   0.000000e+00   0.000000e+00   0.000000e+00   0.000000e+00   0.000000e+00   0.000000e+00   0.000000e+00   0.000000e+00   0.000000e+00
             52   2.531520e+07      1.0000000      0.0000000   5.683000e+26   0.000000e+00   5.683000e+26   0.000000e+00   0.000000e+00   0.000000e+00   0.000000e+00   0.000000e+00   0.000000e+00   4.620271e+23   0.000000e+00  -9.246496e+23   0.000000e+00   0.000000e+00   7.479894e+12   7.479894e+12   7.479894e+12  -1.603777e+18   1.315468e+19   0.000000e+00  -9.839562e+31  -1.199614e+31   1.346656e+33   0.000000e+00   0.000000e+00   0.000000e+00   0.000000e+00   0.000000e+00   0.000000e+00   0.000000e+00   0.000000e+00   0.000000e+00   0.000000e+00   0.000000e+00   0.000000e+00   0.000000e+00
             52   2.540160e+07      1.0000000      0.0000000   5.683000e+26   0.000000e+00   5.683000e+26   0.000000e+00   0.000000e+00   0.000000e+00   0.000000e+00   0.000000e+00   0.000000e+00   4.620271e+23   0.000000e+00  -9.246496e+23   0.000000e+00   0.000000e+00   7.479894e+12   7.479894e+12   7.479894e+12  -1.603797e+18   1.315468e+19   0.000000e+00  -9.839564e+31  -1.199624e+31   1.346656e+33   0.000000e+00   0.000000e+00   0.000000e+00   0.000000e+00   0.000000e+00   0.000000e+00   0.000000e+00   0.000000e+00   0.000000e+00   0.000000e+00   0.000000e+00   0.000000e+00   0.000000e+00
             53   2.548800e+07      1.0000000      0.0000000   5.683000e+26   0.000000e+00   5.683000e+26   0.000000e+00   0.000000e+00   0.000000e+00   0.000000e+00   0.000000e+00   0.000000e+00   4.620271e+23   0.000000e+00  -9.246497e+23   0.000000e+00   0.000000e+00   7.479894e+12   7.479894e+12   7.479894e+12  -1.603772e+18   1.315468e+19   0.000000e+00  -9.839561e+31  -1.199610e+31   1.346656e+33   0.000000e+00   0.000000e+00   0.000000e+00   0.000000e+00   0.000000e+00   0.000000e+00   0.000000e+00   0.000000e+00   0.000000e+00   0.000000e+00   0.000000e+00   0.000000e+00   0.000000e+00
             53   2.557440e+07      1.0000000      0.0000000   5.683000e+26   0.000000e+00   5.683000e+26   0.000000e+00   0.000000e+00   0.000000e+00   0.000000e+00   0.000000e+00   0.000000e+00   4.620271e+23   0.000000e+00  -9.246497e+23   0.000000e+00   0.000000e+00   7.479894e+12   7.479894e+12   7.479894e+12  -1.603800e+18   1.315468e+19   0.000000e+00  -9.839566e+31  -1.199622e+31   1.346656e+33   0.000000e+00   0.000000e+00   0.000000e+00   0.000000e+00   0.000000e+00   0.000000e+00   0.000000e+00   0.000000e+00   0.000000e+00   0.000000e+00   0.000000e+00   0.000000e+00   0.000000e+00
             53   2.566080e+07      1.0000000      0.0000000   5.683000e+26   0.000000e+00   5.683000e+26   0.000000e+00   0.000000e+00   0.000000e+00   0.000000e+00   0.000000e+00   0.000000e+00   4.620271e+23   0.000000e+00  -9.246497e+23   0.000000e+00   0.000000e+00   7.479894e+12   7.479894e+12   7.479894e+12  -1.603770e+18   1.315467e+19   0.000000e+00  -9.839559e+31  -1.199608e+31   1.346655e+33   0.000000e+00   0.000000e+00   0.000000e+00   0.000000e+00   0.000000e+00   0.000000e+00   0.000000e+00   0.000000e+00   0.000000e+00   0.000000e+00   0.000000e+00   0.000000e+00   0.000000e+00
             53   2.574720e+07      1.0000000      0.0000000   5.683000e+26   0.000000e+00   5.683000e+26   0.000000e+00   0.000000e+00   0.000000e+00   0.000000e+00   0.000000e+00   0.000000e+00   4.620271e+23   0.000000e+00  -9.246497e+23   0.000000e+00   0.000000e+00   7.479894e+12   7.479894e+12   7.479894e+12  -1.603792e+18   1.315468e+19   0.000000e+00  -9.839560e+31  -1.199617e+31   1.346656e+33   0.000000e+00   0.000000e+00   0.000000e+00   0.000000e+00   0.000000e+00   0.000000e+00   0.000000e+00   0.000000e+00   0.000000e+00   0.000000e+00   0.000000e+00   0.000000e+00   0.000000e+00
             53   2.583360e+07      1.0000000      0.0000000   5.683000e+26   0.000000e+00   5.683000e+26   0.000000e+00   0.000000e+00   0.000000e+00   0.000000e+00   0.000000e+00   0.000000e+00   4.620271e+23   0.000000e+00  -9.246497e+23   0.000000e+00   0.000000e+00   7.479894e+12   7.479894e+12   7.479894e+12  -1.603782e+18   1.315468e+19   0.000000e+00  -9.839561e+31  -1.199612e+31   1.346656e+33   0.000000e+00   0.000000e+00   0.000000e+00   0.000000e+00   0.000000e+00   0.000000e+00   0.000000e+00   0.000000e+00   0.000000e+00   0.000000e+00   0.000000e+00   0.000000e+00   0.000000e+00
             53   2.592000e+07      1.0000000      0.0000000   5.683000e+26   0.000000e+00   5.683000e+26   0.000000e+00   0.000000e+00   0.000000e+00   0.000000e+00   0.000000e+00   0.000000e+00   4.620272e+23   0.000000e+00  -9.246497e+23   0.000000e+00   0.000000e+00   7.479894e+12   7.479894e+12   7.479894e+12  -1.603775e+18   1.315469e+19   0.000000e+00  -9.839561e+31  -1.199611e+31   1.346656e+33   0.000000e+00   0.000000e+00   0.000000e+00   0.000000e+00   0.000000e+00   0.000000e+00   0.000000e+00   0.000000e+00   0.000000e+00   0.000000e+00   0.000000e+00   0.000000e+00   0.000000e+00
             54   2.600640e+07      1.0000000      0.0000000   5.683000e+26   0.000000e+00   5.683000e+26   0.000000e+00   0.000000e+00   0.000000e+00   0.000000e+00   0.000000e+00   0.000000e+00   4.620271e+23   0.000000e+00  -9.246497e+23   0.000000e+00   0.000000e+00   7.479894e+12   7.479894e+12   7.479894e+12  -1.603788e+18   1.315466e+19   0.000000e+00  -9.839553e+31  -1.199619e+31   1.346656e+33   0.000000e+00   0.000000e+00   0.000000e+00   0.000000e+00   0.000000e+00   0.000000e+00   0.000000e+00   0.000000e+00   0.000000e+00   0.000000e+00   0.000000e+00   0.000000e+00   0.000000e+00
             54   2.609280e+07      1.0000000      0.0000000   5.683000e+26   0.000000e+00   5.683000e+26   0.000000e+00   0.000000e+00   0.000000e+00   0.000000e+00   0.000000e+00   0.000000e+00   4.620271e+23   0.000000e+00  -9.246497e+23   0.000000e+00   0.000000e+00   7.479894e+12   7.479894e+12   7.479894e+12  -1.603797e+18   1.315467e+19   0.000000e+00  -9.839549e+31  -1.199625e+31   1.346656e+33   0.000000e+00   0.000000e+00   0.000000e+00   0.000000e+00   0.000000e+00   0.000000e+00   0.000000e+00   0.000000e+00   0.000000e+00   0.000000e+00   0.000000e+00   0.000000e+00   0.000000e+00
             54   2.617920e+07      1.0000000      0.0000000   5.683000e+26   0.000000e+00   5.683000e+26   0.000000e+00   0.000000e+00   0.000000e+00   0.000000e+00   0.000000e+00   0.000000e+00   4.620271e+23   0.000000e+00  -9.246497e+23   0.000000e+00   0.000000e+00   7.479894e+12   7.479894e+12   7.479894e+12  -1.603785e+18   1.315467e+19   0.000000e+00  -9.839554e+31  -1.199619e+31   1.346656e+33   0.000000e+00   0.000000e+00   0.000000e+00   0.000000e+00   0.000000e+00   0.000000e+00   0.000000e+00   0.000000e+00   0.000000e+00   0.000000e+00   0.000000e+00   0.000000e+00   0.000000e+00
             54   2.626560e+07      1.0000000      0.0000000   5.683000e+26   0.000000e+00   5.683000e+26   0.000000e+00   0.000000e+00   0.000000e+00   0.000000e+00   0.000000e+00   0.000000e+00   4.620271e+23   0.000000e+00  -9.246497e+23   0.000000e+00   0.000000e+00   7.479894e+12   7.479894e+12   7.479894e+12  -1.603785e+18   1.315467e+19   0.000000e+00  -9.839548e+31  -1.199615e+31   1.346655e+33   0.000000e+00   0.000000e+00   0.000000e+00   0.000000e+00   0.000000e+00   0.000000e+00   0.000000e+00   0.000000e+00   0.000000e+00   0.000000e+00   0.000000e+00   0.000000e+00   0.000000e+00
             54   2.635200e+07      1.0000000      0.0000000   5.683000e+26   0.000000e+00   5.683000e+26   0.000000e+00   0.000000e+00   0.000000e+00   0.000000e+00   0.000000e+00   0.000000e+00   4.620271e+23   0.000000e+00  -9.246497e+23   0.000000e+00   0.000000e+00   7.479894e+12   7.479894e+12   7.479894e+12  -1.603781e+18   1.315466e+19   0.000000e+00  -9.839552e+31  -1.199617e+31   1.346656e+33   0.000000e+00   0.000000e+00   0.000000e+00   0.000000e+00   0.000000e+00   0.000000e+00   0.000000e+00   0.000000e+00   0.000000e+00   0.000000e+00   0.000000e+00   0.000000e+00   0.000000e+00
             54   2.643840e+07      1.0000000      0.0000000   5.683000e+26   0.000000e+00   5.683000e+26   0.000000e+00   0.000000e+00   0.000000e+00   0.000000e+00   0.000000e+00   0.000000e+00   4.620272e+23   0.000000e+00  -9.246497e+23   0.000000e+00   0.000000e+00   7.479894e+12   7.479894e+12   7.479894e+12  -1.603794e+18   1.315467e+19   0.000000e+00  -9.839548e+31  -1.199624e+31   1.346656e+33   0.000000e+00   0.000000e+00   0.000000e+00   0.000000e+00   0.000000e+00   0.000000e+00   0.000000e+00   0.000000e+00   0.000000e+00   0.000000e+00   0.000000e+00   0.000000e+00   0.000000e+00
             55   2.652480e+07      1.0000000      0.0000000   5.683000e+26   0.000000e+00   5.683000e+26   0.000000e+00   0.000000e+00   0.000000e+00   0.000000e+00   0.000000e+00   0.000000e+00   4.620271e+23   0.000000e+00  -9.246497e+23   0.000000e+00   0.000000e+00   7.479894e+12   7.479894e+12   7.479894e+12  -1.603752e+18   1.315470e+19   0.000000e+00  -9.839580e+31  -1.199594e+31   1.346656e+33   0.000000e+00   0.000000e+00   0.000000e+00   0.000000e+00   0.000000e+00   0.000000e+00   0.000000e+00   0.000000e+00   0.000000e+00   0.000000e+00   0.000000e+00   0.000000e+00   0.000000e+00
             55   2.661120e+07      1.0000000      0.0000000   5.683000e+26   0.000000e+00   5.683000e+26   0.000000e+00   0.000000e+00   0.000000e+00   0.000000e+00   0.000000e+00   0.000000e+00   4.620271e+23   0.000000e+00  -9.246497e+23   0.000000e+00   0.000000e+00   7.479894e+12   7.479894e+12   7.479894e+12  -1.603766e+18   1.315469e+19   0.000000e+00  -9.839571e+31  -1.199598e+31   1.346656e+33   0.000000e+00   0.000000e+00   0.000000e+00   0.000000e+00   0.000000e+00   0.000000e+00   0.000000e+00   0.000000e+00   0.000000e+00   0.000000e+00   0.000000e+00   0.000000e+00   0.000000e+00
             55   2.669760e+07      1.0000000      0.0000000   5.683000e+26   0.000000e+00   5.683000e+26   0.000000e+00   0.000000e+00   0.000000e+00   0.000000e+00   0.000000e+00   0.000000e+00   4.620271e+23   0.000000e+00  -9.246497e+23   0.000000e+00   0.000000e+00   7.479894e+12   7.479894e+12   7.479894e+12  -1.603744e+18   1.315470e+19   0.000000e+00  -9.839575e+31  -1.199592e+31   1.346656e+33   0.000000e+00   0.000000e+00   0.000000e+00   0.000000e+00   0.000000e+00   0.000000e+00   0.000000e+00   0.000000e+00   0.000000e+00   0.000000e+00   0.000000e+00   0.000000e+00   0.000000e+00
             55   2.678400e+07      1.0000000      0.0000000   5.683000e+26   0.000000e+00   5.683000e+26   0.000000e+00   0.000000e+00   0.000000e+00   0.000000e+00   0.000000e+00   0.000000e+00   4.620271e+23   0.000000e+00  -9.246497e+23   0.000000e+00   0.000000e+00   7.479894e+12   7.479894e+12   7.479894e+12  -1.603758e+18   1.315469e+19   0.000000e+00  -9.839568e+31  -1.199599e+31   1.346656e+33   0.000000e+00   0.000000e+00   0.000000e+00   0.000000e+00   0.000000e+00   0.000000e+00   0.000000e+00   0.000000e+00   0.000000e+00   0.000000e+00   0.000000e+00   0.000000e+00   0.000000e+00
             55   2.687040e+07      1.0000000      0.0000000   5.683000e+26   0.000000e+00   5.683000e+26   0.000000e+00   0.000000e+00   0.000000e+00   0.000000e+00   0.000000e+00   0.000000e+00   4.620272e+23   0.000000e+00  -9.246497e+23   0.000000e+00   0.000000e+00   7.479894e+12   7.479894e+12   7.479894e+12  -1.603758e+18   1.315468e+19   0.000000e+00  -9.839569e+31  -1.199596e+31   1.346656e+33   0.000000e+00   0.000000e+00   0.000000e+00   0.000000e+00   0.000000e+00   0.000000e+00   0.000000e+00   0.000000e+00   0.000000e+00   0.000000e+00   0.000000e+00   0.000000e+00   0.000000e+00
             56   2.695680e+07      1.0000000      0.0000000   5.683000e+26   0.000000e+00   5.683000e+26   0.000000e+00   0.000000e+00   0.000000e+00   0.000000e+00   0.000000e+00   0.000000e+00   4.620271e+23   0.000000e+00  -9.246497e+23   0.000000e+00   0.000000e+00   7.479894e+12   7.479894e+12   7.479894e+12  -1.603754e+18   1.315467e+19   0.000000e+00  -9.839561e+31  -1.199590e+31   1.346655e+33   0.000000e+00   0.000000e+00   0.000000e+00   0.000000e+00   0.000000e+00   0.000000e+00   0.000000e+00   0.000000e+00   0.000000e+00   0.000000e+00   0.000000e+00   0.000000e+00   0.000000e+00
             56   2.704320e+07      1.0000000      0.0000000   5.683000e+26   0.000000e+00   5.683000e+26   0.000000e+00   0.000000e+00   0.000000e+00   0.000000e+00   0.000000e+00   0.000000e+00   4.620271e+23   0.000000e+00  -9.246497e+23   0.000000e+00   0.000000e+00   7.479894e+12   7.479894e+12   7.479894e+12  -1.603742e+18   1.315469e+19   0.000000e+00  -9.839562e+31  -1.199584e+31   1.346655e+33   0.000000e+00   0.000000e+00   0.000000e+00   0.000000e+00   0.000000e+00   0.000000e+00   0.000000e+00   0.000000e+00   0.000000e+00   0.000000e+00   0.000000e+00   0.000000e+00   0.000000e+00
             56   2.712960e+07      1.0000000      0.0000000   5.683000e+26   0.000000e+00   5.683000e+26   0.000000e+00   0.000000e+00   0.000000e+00   0.000000e+00   0.000000e+00   0.000000e+00   4.620271e+23   0.000000e+00  -9.246497e+23   0.000000e+00   0.000000e+00   7.479894e+12   7.479894e+12   7.479894e+12  -1.603746e+18   1.315469e+19   0.000000e+00  -9.839565e+31  -1.199590e+31   1.346655e+33   0.000000e+00   0.000000e+00   0.000000e+00   0.000000e+00   0.000000e+00   0.000000e+00   0.000000e+00   0.000000e+00   0.000000e+00   0.000000e+00   0.000000e+00   0.000000e+00   0.000000e+00
             56   2.721600e+07      1.0000000      0.0000000   5.683000e+26   0.000000e+00   5.683000e+26   0.000000e+00   0.000000e+00   0.000000e+00   0.000000e+00   0.000000e+00   0.000000e+00   4.620271e+23   0.000000e+00  -9.246497e+23   0.000000e+00   0.000000e+00   7.479894e+12   7.479894e+12   7.479894e+12  -1.603747e+18   1.315468e+19   0.000000e+00  -9.839558e+31  -1.199590e+31   1.346655e+33   0.000000e+00   0.000000e+00   0.000000e+00   0.000000e+00   0.000000e+00   0.000000e+00   0.000000e+00   0.000000e+00   0.000000e+00   0.000000e+00   0.000000e+00   0.000000e+00   0.000000e+00
             56   2.730240e+07      1.0000000      0.0000000   5.683000e+26   0.000000e+00   5.683000e+26   0.000000e+00   0.000000e+00   0.000000e+00   0.000000e+00   0.000000e+00   0.000000e+00   4.620272e+23   0.000000e+00  -9.246497e+23   0.000000e+00   0.000000e+00   7.479894e+12   7.479894e+12   7.479894e+12  -1.603756e+18   1.315469e+19   0.000000e+00  -9.839564e+31  -1.199597e+31   1.346655e+33   0.000000e+00   0.000000e+00   0.000000e+00   0.000000e+00   0.000000e+00   0.000000e+00   0.000000e+00   0.000000e+00   0.000000e+00   0.000000e+00   0.000000e+00   0.000000e+00   0.000000e+00
             56   2.738880e+07      1.0000000      0.0000000   5.683000e+26   0.000000e+00   5.683000e+26   0.000000e+00   0.000000e+00   0.000000e+00   0.000000e+00   0.000000e+00   0.000000e+00   4.620272e+23   0.000000e+00  -9.246497e+23   0.000000e+00   0.000000e+00   7.479894e+12   7.479894e+12   7.479894e+12  -1.603750e+18   1.315467e+19   0.000000e+00  -9.839562e+31  -1.199597e+31   1.346655e+33   0.000000e+00   0.000000e+00   0.000000e+00   0.000000e+00   0.000000e+00   0.000000e+00   0.000000e+00   0.000000e+00   0.000000e+00   0.000000e+00   0.000000e+00   0.000000e+00   0.000000e+00
             57   2.747520e+07      1.0000000      0.0000000   5.683000e+26   0.000000e+00   5.683000e+26   0.000000e+00   0.000000e+00   0.000000e+00   0.000000e+00   0.000000e+00   0.000000e+00   4.620271e+23   0.000000e+00  -9.246498e+23   0.000000e+00   0.000000e+00   7.479894e+12   7.479894e+12   7.479894e+12  -1.603746e+18   1.315468e+19   0.000000e+00  -9.839564e+31  -1.199588e+31   1.346655e+33   0.000000e+00   0.000000e+00   0.000000e+00   0.000000e+00   0.000000e+00   0.000000e+00   0.000000e+00   0.000000e+00   0.000000e+00   0.000000e+00   0.000000e+00   0.000000e+00   0.000000e+00
             57   2.756160e+07      1.0000000      0.0000000   5.683000e+26   0.000000e+00   5.683000e+26   0.000000e+00   0.000000e+00   0.000000e+00   0.000000e+00   0.000000e+00   0.000000e+00   4.620271e+23   0.000000e+00  -9.246498e+23   0.000000e+00   0.000000e+00   7.479894e+12   7.479894e+12   7.479894e+12  -1.603764e+18   1.315470e+19   0.000000e+00  -9.839570e+31  -1.199594e+31   1.346655e+33   0.000000e+00   0.000000e+00   0.000000e+00   0.000000e+00   0.000000e+00   0.000000e+00   0.000000e+00   0.000000e+00   0.000000e+00   0.000000e+00   0.000000e+00   0.000000e+00   0.000000e+00
             57   2.764800e+07      1.0000000      0.0000000   5.683000e+26   0.000000e+00   5.683000e+26   0.000000e+00   0.000000e+00   0.000000e+00   0.000000e+00   0.000000e+00   0.000000e+00   4.620271e+23   0.000000e+00  -9.246498e+23   0.000000e+00   0.000000e+00   7.479894e+12   7.479894e+12   7.479894e+12  -1.603762e+18   1.315470e+19   0.000000e+00  -9.839567e+31  -1.199593e+31   1.346655e+33   0.000000e+00   0.000000e+00   0.000000e+00   0.000000e+00   0.000000e+00   0.000000e+00   0.000000e+00   0.000000e+00   0.000000e+00   0.000000e+00   0.000000e+00   0.000000e+00   0.000000e+00
             57   2.773440e+07      1.0000000      0.0000000   5.683000e+26   0.000000e+00   5.683000e+26   0.000000e+00   0.000000e+00   0.000000e+00   0.000000e+00   0.000000e+00   0.000000e+00   4.620271e+23   0.000000e+00  -9.246498e+23   0.000000e+00   0.000000e+00   7.479894e+12   7.479894e+12   7.479894e+12  -1.603768e+18   1.315469e+19   0.000000e+00  -9.839564e+31  -1.199600e+31   1.346655e+33   0.000000e+00   0.000000e+00   0.000000e+00   0.000000e+00   0.000000e+00   0.000000e+00   0.000000e+00   0.000000e+00   0.000000e+00   0.000000e+00   0.000000e+00   0.000000e+00   0.000000e+00
             57   2.782080e+07      1.0000000      0.0000000   5.683000e+26   0.000000e+00   5.683000e+26   0.000000e+00   0.000000e+00   0.000000e+00   0.000000e+00   0.000000e+00   0.000000e+00   4.620272e+23   0.000000e+00  -9.246498e+23   0.000000e+00   0.000000e+00   7.479894e+12   7.479894e+12   7.479894e+12  -1.603754e+18   1.315469e+19   0.000000e+00  -9.839570e+31  -1.199587e+31   1.346655e+33   0.000000e+00   0.000000e+00   0.000000e+00   0.000000e+00   0.000000e+00   0.000000e+00   0.000000e+00   0.000000e+00   0.000000e+00   0.000000e+00   0.000000e+00   0.000000e+00   0.000000e+00
             58   2.790720e+07      1.0000000      0.0000000   5.683000e+26   0.000000e+00   5.683000e+26   0.000000e+00   0.000000e+00   0.000000e+00   0.000000e+00   0.000000e+00   0.000000e+00   4.620271e+23   0.000000e+00  -9.246498e+23   0.000000e+00   0.000000e+00   7.479894e+12   7.479894e+12   7.479894e+12  -1.603762e+18   1.315468e+19   0.000000e+00  -9.839560e+31  -1.199596e+31   1.346655e+33   0.000000e+00   0.000000e+00   0.000000e+00   0.000000e+00   0.000000e+00   0.000000e+00   0.000000e+00   0.000000e+00   0.000000e+00   0.000000e+00   0.000000e+00   0.000000e+00   0.000000e+00
             58   2.799360e+07      1.0000000      0.0000000   5.683000e+26   0.000000e+00   5.683000e+26   0.000000e+00   0.000000e+00   0.000000e+00   0.000000e+00   0.000000e+00   0.000000e+00   4.620271e+23   0.000000e+00  -9.246498e+23   0.000000e+00   0.000000e+00   7.479894e+12   7.479894e+12   7.479894e+12  -1.603760e+18   1.315466e+19   0.000000e+00  -9.839549e+31  -1.199597e+31   1.346655e+33   0.000000e+00   0.000000e+00   0.000000e+00   0.000000e+00   0.000000e+00   0.000000e+00   0.000000e+00   0.000000e+00   0.000000e+00   0.000000e+00   0.000000e+00   0.000000e+00   0.000000e+00
             58   2.808000e+07      1.0000000      0.0000000   5.683000e+26   0.000000e+00   5.683000e+26   0.000000e+00   0.000000e+00   0.000000e+00   0.000000e+00   0.000000e+00   0.000000e+00   4.620271e+23   0.000000e+00  -9.246498e+23   0.000000e+00   0.000000e+00   7.479894e+12   7.479894e+12   7.479894e+12  -1.603773e+18   1.315468e+19   0.000000e+00  -9.839560e+31  -1.199603e+31   1.346655e+33   0.000000e+00   0.000000e+00   0.000000e+00   0.000000e+00   0.000000e+00   0.000000e+00   0.000000e+00   0.000000e+00   0.000000e+00   0.000000e+00   0.000000e+00   0.000000e+00   0.000000e+00
             58   2.816640e+07      1.0000000      0.0000000   5.683000e+26   0.000000e+00   5.683000e+26   0.000000e+00   0.000000e+00   0.000000e+00   0.000000e+00   0.000000e+00   0.000000e+00   4.620271e+23   0.000000e+00  -9.246498e+23   0.000000e+00   0.000000e+00   7.479894e+12   7.479894e+12   7.479894e+12  -1.603771e+18   1.315467e+19   0.000000e+00  -9.839553e+31  -1.199596e+31   1.346655e+33   0.000000e+00   0.000000e+00   0.000000e+00   0.000000e+00   0.000000e+00   0.000000e+00   0.000000e+00   0.000000e+00   0.000000e+00   0.000000e+00   0.000000e+00   0.000000e+00   0.000000e+00
             58   2.825280e+07      1.0000000      0.0000000   5.683000e+26   0.000000e+00   5.683000e+26   0.000000e+00   0.000000e+00   0.000000e+00   0.000000e+00   0.000000e+00   0.000000e+00   4.620272e+23   0.000000e+00  -9.246498e+23   0.000000e+00   0.000000e+00   7.479894e+12   7.479894e+12   7.479894e+12  -1.603769e+18   1.315466e+19   0.000000e+00  -9.839544e+31  -1.199602e+31   1.346655e+33   0.000000e+00   0.000000e+00   0.000000e+00   0.000000e+00   0.000000e+00   0.000000e+00   0.000000e+00   0.000000e+00   0.000000e+00   0.000000e+00   0.000000e+00   0.000000e+00   0.000000e+00
             58   2.833920e+07      1.0000000      0.0000000   5.683000e+26   0.000000e+00   5.683000e+26   0.000000e+00   0.000000e+00   0.000000e+00   0.000000e+00   0.000000e+00   0.000000e+00   4.620272e+23   0.000000e+00  -9.246498e+23   0.000000e+00   0.000000e+00   7.479894e+12   7.479894e+12   7.479894e+12  -1.603749e+18   1.315467e+19   0.000000e+00  -9.839554e+31  -1.199595e+31   1.346655e+33   0.000000e+00   0.000000e+00   0.000000e+00   0.000000e+00   0.000000e+00   0.000000e+00   0.000000e+00   0.000000e+00   0.000000e+00   0.000000e+00   0.000000e+00   0.000000e+00   0.000000e+00
             59   2.842560e+07      1.0000000      0.0000000   5.683000e+26   0.000000e+00   5.683000e+26   0.000000e+00   0.000000e+00   0.000000e+00   0.000000e+00   0.000000e+00   0.000000e+00   4.620271e+23   0.000000e+00  -9.246497e+23   0.000000e+00   0.000000e+00   7.479894e+12   7.479894e+12   7.479894e+12  -1.603785e+18   1.315467e+19   0.000000e+00  -9.839560e+31  -1.199611e+31   1.346656e+33   0.000000e+00   0.000000e+00   0.000000e+00   0.000000e+00   0.000000e+00   0.000000e+00   0.000000e+00   0.000000e+00   0.000000e+00   0.000000e+00   0.000000e+00   0.000000e+00   0.000000e+00
             59   2.851200e+07      1.0000000      0.0000000   5.683000e+26   0.000000e+00   5.683000e+26   0.000000e+00   0.000000e+00   0.000000e+00   0.000000e+00   0.000000e+00   0.000000e+00   4.620271e+23   0.000000e+00  -9.246497e+23   0.000000e+00   0.000000e+00   7.479894e+12   7.479894e+12   7.479894e+12  -1.603773e+18   1.315468e+19   0.000000e+00  -9.839554e+31  -1.199607e+31   1.346655e+33   0.000000e+00   0.000000e+00   0.000000e+00   0.000000e+00   0.000000e+00   0.000000e+00   0.000000e+00   0.000000e+00   0.000000e+00   0.000000e+00   0.000000e+00   0.000000e+00   0.000000e+00
             59   2.859840e+07      1.0000000      0.0000000   5.683000e+26   0.000000e+00   5.683000e+26   0.000000e+00   0.000000e+00   0.000000e+00   0.000000e+00   0.000000e+00   0.000000e+00   4.620272e+23   0.000000e+00  -9.246497e+23   0.000000e+00   0.000000e+00   7.479894e+12   7.479894e+12   7.479894e+12  -1.603762e+18   1.315467e+19   0.000000e+00  -9.839559e+31  -1.199601e+31   1.346655e+33   0.000000e+00   0.000000e+00   0.000000e+00   0.000000e+00   0.000000e+00   0.000000e+00   0.000000e+00   0.000000e+00   0.000000e+00   0.000000e+00   0.000000e+00   0.000000e+00   0.000000e+00
             59   2.868480e+07      1.0000000      0.0000000   5.683000e+26   0.000000e+00   5.683000e+26   0.000000e+00   0.000000e+00   0.000000e+00   0.000000e+00   0.000000e+00   0.000000e+00   4.620272e+23   0.000000e+00  -9.246497e+23   0.000000e+00   0.000000e+00   7.479894e+12   7.479894e+12   7.479894e+12  -1.603771e+18   1.315467e+19   0.000000e+00  -9.839548e+31  -1.199606e+31   1.346655e+33   0.000000e+00   0.000000e+00   0.000000e+00   0.000000e+00   0.000000e+00   0.000000e+00   0.000000e+00   0.000000e+00   0.000000e+00   0.000000e+00   0.000000e+00   0.000000e+00   0.000000e+00
             59   2.877120e+07      1.0000000      0.0000000   5.683000e+26   0.000000e+00   5.683000e+26   0.000000e+00   0.000000e+00   0.000000e+00   0.000000e+00   0.000000e+00   0.000000e+00   4.620272e+23   0.000000e+00  -9.246497e+23   0.000000e+00   0.000000e+00   7.479894e+12   7.479894e+12   7.479894e+12  -1.603782e+18   1.315466e+19   0.000000e+00  -9.839543e+31  -1.199613e+31   1.346655e+33   0.000000e+00   0.000000e+00   0.000000e+00   0.000000e+00   0.000000e+00   0.000000e+00   0.000000e+00   0.000000e+00   0.000000e+00   0.000000e+00   0.000000e+00   0.000000e+00   0.000000e+00
             60   2.885760e+07      1.0000000      0.0000000   5.683000e+26   0.000000e+00   5.683000e+26   0.000000e+00   0.000000e+00   0.000000e+00   0.000000e+00   0.000000e+00   0.000000e+00   4.620271e+23   0.000000e+00  -9.246497e+23   0.000000e+00   0.000000e+00   7.479894e+12   7.479894e+12   7.479894e+12  -1.603770e+18   1.315466e+19   0.000000e+00  -9.839550e+31  -1.199595e+31   1.346655e+33   0.000000e+00   0.000000e+00   0.000000e+00   0.000000e+00   0.000000e+00   0.000000e+00   0.000000e+00   0.000000e+00   0.000000e+00   0.000000e+00   0.000000e+00   0.000000e+00   0.000000e+00
             60   2.894400e+07      1.0000000      0.0000000   5.683000e+26   0.000000e+00   5.683000e+26   0.000000e+00   0.000000e+00   0.000000e+00   0.000000e+00   0.000000e+00   0.000000e+00   4.620271e+23   0.000000e+00  -9.246497e+23   0.000000e+00   0.000000e+00   7.479894e+12   7.479894e+12   7.479894e+12  -1.603766e+18   1.315467e+19   0.000000e+00  -9.839550e+31  -1.199597e+31   1.346655e+33   0.000000e+00   0.000000e+00   0.000000e+00   0.000000e+00   0.000000e+00   0.000000e+00   0.000000e+00   0.000000e+00   0.000000e+00   0.000000e+00   0.000000e+00   0.000000e+00   0.000000e+00
             60   2.903040e+07      1.0000000      0.0000000   5.683000e+26   0.000000e+00   5.683000e+26   0.000000e+00   0.000000e+00   0.000000e+00   0.000000e+00   0.000000e+00   0.000000e+00   4.620271e+23   0.000000e+00  -9.246497e+23   0.000000e+00   0.000000e+00   7.479894e+12   7.479894e+12   7.479894e+12  -1.603747e+18   1.315465e+19   0.000000e+00  -9.839546e+31  -1.199589e+31   1.346655e+33   0.000000e+00   0.000000e+00   0.000000e+00   0.000000e+00   0.000000e+00   0.000000e+00   0.000000e+00   0.000000e+00   0.000000e+00   0.000000e+00   0.000000e+00   0.000000e+00   0.000000e+00
             60   2.911680e+07      1.0000000      0.0000000   5.683000e+26   0.000000e+00   5.683000e+26   0.000000e+00   0.000000e+00   0.000000e+00   0.000000e+00   0.000000e+00   0.000000e+00   4.620272e+23   0.000000e+00  -9.246497e+23   0.000000e+00   0.000000e+00   7.479894e+12   7.479894e+12   7.479894e+12  -1.603750e+18   1.315467e+19   0.000000e+00  -9.839548e+31  -1.199592e+31   1.346655e+33   0.000000e+00   0.000000e+00   0.000000e+00   0.000000e+00   0.000000e+00   0.000000e+00   0.000000e+00   0.000000e+00   0.000000e+00   0.000000e+00   0.000000e+00   0.000000e+00   0.000000e+00
             60   2.920320e+07      1.0000000      0.0000000   5.683000e+26   0.000000e+00   5.683000e+26   0.000000e+00   0.000000e+00   0.000000e+00   0.000000e+00   0.000000e+00   0.000000e+00   4.620272e+23   0.000000e+00  -9.246497e+23   0.000000e+00   0.000000e+00   7.479894e+12   7.479894e+12   7.479894e+12  -1.603771e+18   1.315467e+19   0.000000e+00  -9.839549e+31  -1.199597e+31   1.346655e+33   0.000000e+00   0.000000e+00   0.000000e+00   0.000000e+00   0.000000e+00   0.000000e+00   0.000000e+00   0.000000e+00   0.000000e+00   0.000000e+00   0.000000e+00   0.000000e+00   0.000000e+00
             60   2.928960e+07      1.0000000      0.0000000   5.683000e+26   0.000000e+00   5.683000e+26   0.000000e+00   0.000000e+00   0.000000e+00   0.000000e+00   0.000000e+00   0.000000e+00   4.620272e+23   0.000000e+00  -9.246497e+23   0.000000e+00   0.000000e+00   7.479894e+12   7.479894e+12   7.479894e+12  -1.603754e+18   1.315466e+19   0.000000e+00  -9.839543e+31  -1.199590e+31   1.346655e+33   0.000000e+00   0.000000e+00   0.000000e+00   0.000000e+00   0.000000e+00   0.000000e+00   0.000000e+00   0.000000e+00   0.000000e+00   0.000000e+00   0.000000e+00   0.000000e+00   0.000000e+00
             61   2.937600e+07      1.0000000      0.0000000   5.683000e+26   0.000000e+00   5.683000e+26   0.000000e+00   0.000000e+00   0.000000e+00   0.000000e+00   0.000000e+00   0.000000e+00   4.620271e+23   0.000000e+00  -9.246498e+23   0.000000e+00   0.000000e+00   7.479894e+12   7.479894e+12   7.479894e+12  -1.603739e+18   1.315466e+19   0.000000e+00  -9.839545e+31  -1.199589e+31   1.346655e+33   0.000000e+00   0.000000e+00   0.000000e+00   0.000000e+00   0.000000e+00   0.000000e+00   0.000000e+00   0.000000e+00   0.000000e+00   0.000000e+00   0.000000e+00   0.000000e+00   0.000000e+00
             61   2.946240e+07      1.0000000      0.0000000   5.683000e+26   0.000000e+00   5.683000e+26   0.000000e+00   0.000000e+00   0.000000e+00   0.000000e+00   0.000000e+00   0.000000e+00   4.620271e+23   0.000000e+00  -9.246498e+23   0.000000e+00   0.000000e+00   7.479894e+12   7.479894e+12   7.479894e+12  -1.603760e+18   1.315467e+19   0.000000e+00  -9.839556e+31  -1.199594e+31   1.346655e+33   0.000000e+00   0.000000e+00   0.000000e+00   0.000000e+00   0.000000e+00   0.000000e+00   0.000000e+00   0.000000e+00   0.000000e+00   0.000000e+00   0.000000e+00   0.000000e+00   0.000000e+00
             61   2.954880e+07      1.0000000      0.0000000   5.683000e+26   0.000000e+00   5.683000e+26   0.000000e+00   0.000000e+00   0.000000e+00   0.000000e+00   0.000000e+00   0.000000e+00   4.620272e+23   0.000000e+00  -9.246498e+23   0.000000e+00   0.000000e+00   7.479894e+12   7.479894e+12   7.479894e+12  -1.603758e+18   1.315466e+19   0.000000e+00  -9.839550e+31  -1.199585e+31   1.346655e+33   0.000000e+00   0.000000e+00   0.000000e+00   0.000000e+00   0.000000e+00   0.000000e+00   0.000000e+00   0.000000e+00   0.000000e+00   0.000000e+00   0.000000e+00   0.000000e+00   0.000000e+00
             61   2.963520e+07      1.0000000      0.0000000   5.683000e+26   0.000000e+00   5.683000e+26   0.000000e+00   0.000000e+00   0.000000e+00   0.000000e+00   0.000000e+00   0.000000e+00   4.620272e+23   0.000000e+00  -9.246498e+23   0.000000e+00   0.000000e+00   7.479894e+12   7.479894e+12   7.479894e+12  -1.603755e+18   1.315467e+19   0.000000e+00  -9.839554e+31  -1.199596e+31   1.346655e+33   0.000000e+00   0.000000e+00   0.000000e+00   0.000000e+00   0.000000e+00   0.000000e+00   0.000000e+00   0.000000e+00   0.000000e+00   0.000000e+00   0.000000e+00   0.000000e+00   0.000000e+00
             61   2.972160e+07      1.0000000      0.0000000   5.683000e+26   0.000000e+00   5.683000e+26   0.000000e+00   0.000000e+00   0.000000e+00   0.000000e+00   0.000000e+00   0.000000e+00   4.620272e+23   0.000000e+00  -9.246498e+23   0.000000e+00   0.000000e+00   7.479894e+12   7.479894e+12   7.479894e+12  -1.603748e+18   1.315467e+19   0.000000e+00  -9.839556e+31  -1.199593e+31   1.346655e+33   0.000000e+00   0.000000e+00   0.000000e+00   0.000000e+00   0.000000e+00   0.000000e+00   0.000000e+00   0.000000e+00   0.000000e+00   0.000000e+00   0.000000e+00   0.000000e+00   0.000000e+00
             62   2.980800e+07      1.0000000      0.0000000   5.683000e+26   0.000000e+00   5.683000e+26   0.000000e+00   0.000000e+00   0.000000e+00   0.000000e+00   0.000000e+00   0.000000e+00   4.620271e+23   0.000000e+00  -9.246497e+23   0.000000e+00   0.000000e+00   7.479894e+12   7.479894e+12   7.479894e+12  -1.603769e+18   1.315466e+19   0.000000e+00  -9.839549e+31  -1.199602e+31   1.346655e+33   0.000000e+00   0.000000e+00   0.000000e+00   0.000000e+00   0.000000e+00   0.000000e+00   0.000000e+00   0.000000e+00   0.000000e+00   0.000000e+00   0.000000e+00   0.000000e+00   0.000000e+00
             62   2.989440e+07      1.0000000      0.0000000   5.683000e+26   0.000000e+00   5.683000e+26   0.000000e+00   0.000000e+00   0.000000e+00   0.000000e+00   0.000000e+00   0.000000e+00   4.620271e+23   0.000000e+00  -9.246497e+23   0.000000e+00   0.000000e+00   7.479894e+12   7.479894e+12   7.479894e+12  -1.603773e+18   1.315467e+19   0.000000e+00  -9.839554e+31  -1.199609e+31   1.346655e+33   0.000000e+00   0.000000e+00   0.000000e+00   0.000000e+00   0.000000e+00   0.000000e+00   0.000000e+00   0.000000e+00   0.000000e+00   0.000000e+00   0.000000e+00   0.000000e+00   0.000000e+00
             62   2.998080e+07      1.0000000      0.0000000   5.683000e+26   0.000000e+00   5.683000e+26   0.000000e+00   0.000000e+00   0.000000e+00   0.000000e+00   0.000000e+00   0.000000e+00   4.620271e+23   0.000000e+00  -9.246497e+23   0.000000e+00   0.000000e+00   7.479894e+12   7.479894e+12   7.479894e+12  -1.603773e+18   1.315467e+19   0.000000e+00  -9.839554e+31  -1.199604e+31   1.346655e+33   0.000000e+00   0.000000e+00   0.000000e+00   0.000000e+00   0.000000e+00   0.000000e+00   0.000000e+00   0.000000e+00   0.000000e+00   0.000000e+00   0.000000e+00   0.000000e+00   0.000000e+00
             62   3.006720e+07      1.0000000      0.0000000   5.683000e+26   0.000000e+00   5.683000e+26   0.000000e+00   0.000000e+00   0.000000e+00   0.000000e+00   0.000000e+00   0.000000e+00   4.620272e+23   0.000000e+00  -9.246497e+23   0.000000e+00   0.000000e+00   7.479894e+12   7.479894e+12   7.479894e+12  -1.603779e+18   1.315466e+19   0.000000e+00  -9.839539e+31  -1.199610e+31   1.346655e+33   0.000000e+00   0.000000e+00   0.000000e+00   0.000000e+00   0.000000e+00   0.000000e+00   0.000000e+00   0.000000e+00   0.000000e+00   0.000000e+00   0.000000e+00   0.000000e+00   0.000000e+00
             62   3.015360e+07      1.0000000      0.0000000   5.683000e+26   0.000000e+00   5.683000e+26   0.000000e+00   0.000000e+00   0.000000e+00   0.000000e+00   0.000000e+00   0.000000e+00   4.620272e+23   0.000000e+00  -9.246497e+23   0.000000e+00   0.000000e+00   7.479894e+12   7.479894e+12   7.479894e+12  -1.603782e+18   1.315468e+19   0.000000e+00  -9.839557e+31  -1.199609e+31   1.346656e+33   0.000000e+00   0.000000e+00   0.000000e+00   0.000000e+00   0.000000e+00   0.000000e+00   0.000000e+00   0.000000e+00   0.000000e+00   0.000000e+00   0.000000e+00   0.000000e+00   0.000000e+00
             62   3.024000e+07      1.0000000      0.0000000   5.683000e+26   0.000000e+00   5.683000e+26   0.000000e+00   0.000000e+00   0.000000e+00   0.000000e+00   0.000000e+00   0.000000e+00   4.620272e+23   0.000000e+00  -9.246497e+23   0.000000e+00   0.000000e+00   7.479894e+12   7.479894e+12   7.479894e+12  -1.603758e+18   1.315466e+19   0.000000e+00  -9.839548e+31  -1.199600e+31   1.346655e+33   0.000000e+00   0.000000e+00   0.000000e+00   0.000000e+00   0.000000e+00   0.000000e+00   0.000000e+00   0.000000e+00   0.000000e+00   0.000000e+00   0.000000e+00   0.000000e+00   0.000000e+00
             63   3.032640e+07      1.0000000      0.0000000   5.683000e+26   0.000000e+00   5.683000e+26   0.000000e+00   0.000000e+00   0.000000e+00   0.000000e+00   0.000000e+00   0.000000e+00   4.620272e+23   0.000000e+00  -9.246498e+23   0.000000e+00   0.000000e+00   7.479894e+12   7.479894e+12   7.479894e+12  -1.603773e+18   1.315469e+19   0.000000e+00  -9.839562e+31  -1.199609e+31   1.346656e+33   0.000000e+00   0.000000e+00   0.000000e+00   0.000000e+00   0.000000e+00   0.000000e+00   0.000000e+00   0.000000e+00   0.000000e+00   0.000000e+00   0.000000e+00   0.000000e+00   0.000000e+00
             63   3.041280e+07      1.0000000      0.0000000   5.683000e+26   0.000000e+00   5.683000e+26   0.000000e+00   0.000000e+00   0.000000e+00   0.000000e+00   0.000000e+00   0.000000e+00   4.620272e+23   0.000000e+00  -9.246498e+23   0.000000e+00   0.000000e+00   7.479894e+12   7.479894e+12   7.479894e+12  -1.603789e+18   1.315467e+19   0.000000e+00  -9.839563e+31  -1.199617e+31   1.346656e+33   0.000000e+00   0.000000e+00   0.000000e+00   0.000000e+00   0.000000e+00   0.000000e+00   0.000000e+00   0.000000e+00   0.000000e+00   0.000000e+00   0.000000e+00   0.000000e+00   0.000000e+00
             63   3.049920e+07      1.0000000      0.0000000   5.683000e+26   0.000000e+00   5.683000e+26   0.000000e+00   0.000000e+00   0.000000e+00   0.000000e+00   0.000000e+00   0.000000e+00   4.620272e+23   0.000000e+00  -9.246498e+23   0.000000e+00   0.000000e+00   7.479894e+12   7.479894e+12   7.479894e+12  -1.603780e+18   1.315467e+19   0.000000e+00  -9.839557e+31  -1.199610e+31   1.346655e+33   0.000000e+00   0.000000e+00   0.000000e+00   0.000000e+00   0.000000e+00   0.000000e+00   0.000000e+00   0.000000e+00   0.000000e+00   0.000000e+00   0.000000e+00   0.000000e+00   0.000000e+00
             63   3.058560e+07      1.0000000      0.0000000   5.683000e+26   0.000000e+00   5.683000e+26   0.000000e+00   0.000000e+00   0.000000e+00   0.000000e+00   0.000000e+00   0.000000e+00   4.620272e+23   0.000000e+00  -9.246498e+23   0.000000e+00   0.000000e+00   7.479894e+12   7.479894e+12   7.479894e+12  -1.603781e+18   1.315469e+19   0.000000e+00  -9.839567e+31  -1.199614e+31   1.346656e+33   0.000000e+00   0.000000e+00   0.000000e+00   0.000000e+00   0.000000e+00   0.000000e+00   0.000000e+00   0.000000e+00   0.000000e+00   0.000000e+00   0.000000e+00   0.000000e+00   0.000000e+00
             63   3.067200e+07      1.0000000      0.0000000   5.683000e+26   0.000000e+00   5.683000e+26   0.000000e+00   0.000000e+00   0.000000e+00   0.000000e+00   0.000000e+00   0.000000e+00   4.620272e+23   0.000000e+00  -9.246498e+23   0.000000e+00   0.000000e+00   7.479894e+12   7.479894e+12   7.479894e+12  -1.603784e+18   1.315469e+19   0.000000e+00  -9.839565e+31  -1.199614e+31   1.346656e+33   0.000000e+00   0.000000e+00   0.000000e+00   0.000000e+00   0.000000e+00   0.000000e+00   0.000000e+00   0.000000e+00   0.000000e+00   0.000000e+00   0.000000e+00   0.000000e+00   0.000000e+00
             63   3.075840e+07      1.0000000      0.0000000   5.683000e+26   0.000000e+00   5.683000e+26   0.000000e+00   0.000000e+00   0.000000e+00   0.000000e+00   0.000000e+00   0.000000e+00   4.620272e+23   0.000000e+00  -9.246498e+23   0.000000e+00   0.000000e+00   7.479894e+12   7.479894e+12   7.479894e+12  -1.603779e+18   1.315468e+19   0.000000e+00  -9.839560e+31  -1.199611e+31   1.346656e+33   0.000000e+00   0.000000e+00   0.000000e+00   0.000000e+00   0.000000e+00   0.000000e+00   0.000000e+00   0.000000e+00   0.000000e+00   0.000000e+00   0.000000e+00   0.000000e+00   0.000000e+00
             64   3.084480e+07      1.0000000      0.0000000   5.683000e+26   0.000000e+00   5.683000e+26   0.000000e+00   0.000000e+00   0.000000e+00   0.000000e+00   0.000000e+00   0.000000e+00   4.620272e+23   0.000000e+00  -9.246497e+23   0.000000e+00   0.000000e+00   7.479894e+12   7.479894e+12   7.479894e+12  -1.603781e+18   1.315468e+19   0.000000e+00  -9.839558e+31  -1.199611e+31   1.346656e+33   0.000000e+00   0.000000e+00   0.000000e+00   0.000000e+00   0.000000e+00   0.000000e+00   0.000000e+00   0.000000e+00   0.000000e+00   0.000000e+00   0.000000e+00   0.000000e+00   0.000000e+00
             64   3.093120e+07      1.0000000      0.0000000   5.683000e+26   0.000000e+00   5.683000e+26   0.000000e+00   0.000000e+00   0.000000e+00   0.000000e+00   0.000000e+00   0.000000e+00   4.620272e+23   0.000000e+00  -9.246497e+23   0.000000e+00   0.000000e+00   7.479894e+12   7.479894e+12   7.479894e+12  -1.603776e+18   1.315466e+19   0.000000e+00  -9.839557e+31  -1.199608e+31   1.346655e+33   0.000000e+00   0.000000e+00   0.000000e+00   0.000000e+00   0.000000e+00   0.000000e+00   0.000000e+00   0.000000e+00   0.000000e+00   0.000000e+00   0.000000e+00   0.000000e+00   0.000000e+00
             64   3.101760e+07      1.0000000      0.0000000   5.683000e+26   0.000000e+00   5.683000e+26   0.000000e+00   0.000000e+00   0.000000e+00   0.000000e+00   0.000000e+00   0.000000e+00   4.620272e+23   0.000000e+00  -9.246497e+23   0.000000e+00   0.000000e+00   7.479894e+12   7.479894e+12   7.479894e+12  -1.603795e+18   1.315468e+19   0.000000e+00  -9.839555e+31  -1.199622e+31   1.346656e+33   0.000000e+00   0.000000e+00   0.000000e+00   0.000000e+00   0.000000e+00   0.000000e+00   0.000000e+00   0.000000e+00   0.000000e+00   0.000000e+00   0.000000e+00   0.000000e+00   0.000000e+00
             64   3.110400e+07      1.0000000      0.0000000   5.683000e+26   0.000000e+00   5.683000e+26   0.000000e+00   0.000000e+00   0.000000e+00   0.000000e+00   0.000000e+00   0.000000e+00   4.620272e+23   0.000000e+00  -9.246497e+23   0.000000e+00   0.000000e+00   7.479894e+12   7.479894e+12   7.479894e+12  -1.603790e+18   1.315468e+19   0.000000e+00  -9.839560e+31  -1.199612e+31   1.346656e+33   0.000000e+00   0.000000e+00   0.000000e+00   0.000000e+00   0.000000e+00   0.000000e+00   0.000000e+00   0.000000e+00   0.000000e+00   0.000000e+00   0.000000e+00   0.000000e+00   0.000000e+00
             64   3.119040e+07      1.0000000      0.0000000   5.683000e+26   0.000000e+00   5.683000e+26   0.000000e+00   0.000000e+00   0.000000e+00   0.000000e+00   0.000000e+00   0.000000e+00   4.620272e+23   0.000000e+00  -9.246497e+23   0.000000e+00   0.000000e+00   7.479894e+12   7.479894e+12   7.479894e+12  -1.603779e+18   1.315468e+19   0.000000e+00  -9.839565e+31  -1.199610e+31   1.346656e+33   0.000000e+00   0.000000e+00   0.000000e+00   0.000000e+00   0.000000e+00   0.000000e+00   0.000000e+00   0.000000e+00   0.000000e+00   0.000000e+00   0.000000e+00   0.000000e+00   0.000000e+00
             65   3.127680e+07      1.0000000      0.0000000   5.683000e+26   0.000000e+00   5.683000e+26   0.000000e+00   0.000000e+00   0.000000e+00   0.000000e+00   0.000000e+00   0.000000e+00   4.620272e+23   0.000000e+00  -9.246497e+23   0.000000e+00   0.000000e+00   7.479894e+12   7.479894e+12   7.479894e+12  -1.603801e+18   1.315466e+19   0.000000e+00  -9.839549e+31  -1.199631e+31   1.346656e+33   0.000000e+00   0.000000e+00   0.000000e+00   0.000000e+00   0.000000e+00   0.000000e+00   0.000000e+00   0.000000e+00   0.000000e+00   0.000000e+00   0.000000e+00   0.000000e+00   0.000000e+00
             65   3.136320e+07      1.0000000      0.0000000   5.683000e+26   0.000000e+00   5.683000e+26   0.000000e+00   0.000000e+00   0.000000e+00   0.000000e+00   0.000000e+00   0.000000e+00   4.620272e+23   0.000000e+00  -9.246497e+23   0.000000e+00   0.000000e+00   7.479894e+12   7.479894e+12   7.479894e+12  -1.603788e+18   1.315468e+19   0.000000e+00  -9.839552e+31  -1.199622e+31   1.346656e+33   0.000000e+00   0.000000e+00   0.000000e+00   0.000000e+00   0.000000e+00   0.000000e+00   0.000000e+00   0.000000e+00   0.000000e+00   0.000000e+00   0.000000e+00   0.000000e+00   0.000000e+00
             65   3.144960e+07      1.0000000      0.0000000   5.683000e+26   0.000000e+00   5.683000e+26   0.000000e+00   0.000000e+00   0.000000e+00   0.000000e+00   0.000000e+00   0.000000e+00   4.620272e+23   0.000000e+00  -9.246497e+23   0.000000e+00   0.000000e+00   7.479894e+12   7.479894e+12   7.479894e+12  -1.603795e+18   1.315467e+19   0.000000e+00  -9.839550e+31  -1.199624e+31   1.346656e+33   0.000000e+00   0.000000e+00   0.000000e+00   0.000000e+00   0.000000e+00   0.000000e+00   0.000000e+00   0.000000e+00   0.000000e+00   0.000000e+00   0.000000e+00   0.000000e+00   0.000000e+00
             65   3.153600e+07      1.0000000      0.0000000   5.683000e+26   0.000000e+00   5.683000e+26   0.000000e+00   0.000000e+00   0.000000e+00   0.000000e+00   0.000000e+00   0.000000e+00   4.620272e+23   0.000000e+00  -9.246497e+23   0.000000e+00   0.000000e+00   7.479894e+12   7.479894e+12   7.479894e+12  -1.603791e+18   1.315468e+19   0.000000e+00  -9.839556e+31  -1.199620e+31   1.346656e+33   0.000000e+00   0.000000e+00   0.000000e+00   0.000000e+00   0.000000e+00   0.000000e+00   0.000000e+00   0.000000e+00   0.000000e+00   0.000000e+00   0.000000e+00   0.000000e+00   0.000000e+00
             65   3.162240e+07      1.0000000      0.0000000   5.683000e+26   0.000000e+00   5.683000e+26   0.000000e+00   0.000000e+00   0.000000e+00   0.000000e+00   0.000000e+00   0.000000e+00   4.620272e+23   0.000000e+00  -9.246497e+23   0.000000e+00   0.000000e+00   7.479894e+12   7.479894e+12   7.479894e+12  -1.603785e+18   1.315468e+19   0.000000e+00  -9.839559e+31  -1.199613e+31   1.346656e+33   0.000000e+00   0.000000e+00   0.000000e+00   0.000000e+00   0.000000e+00   0.000000e+00   0.000000e+00   0.000000e+00   0.000000e+00   0.000000e+00   0.000000e+00   0.000000e+00   0.000000e+00
             65   3.170880e+07      1.0000000      0.0000000   5.683000e+26   0.000000e+00   5.683000e+26   0.000000e+00   0.000000e+00   0.000000e+00   0.000000e+00   0.000000e+00   0.000000e+00   4.620272e+23   0.000000e+00  -9.246497e+23   0.000000e+00   0.000000e+00   7.479894e+12   7.479894e+12   7.479894e+12  -1.603798e+18   1.315468e+19   0.000000e+00  -9.839558e+31  -1.199625e+31   1.346656e+33   0.000000e+00   0.000000e+00   0.000000e+00   0.000000e+00   0.000000e+00   0.000000e+00   0.000000e+00   0.000000e+00   0.000000e+00   0.000000e+00   0.000000e+00   0.000000e+00   0.000000e+00
             66   3.179520e+07      1.0000000      0.0000000   5.683000e+26   0.000000e+00   5.683000e+26   0.000000e+00   0.000000e+00   0.000000e+00   0.000000e+00   0.000000e+00   0.000000e+00   4.620272e+23   0.000000e+00  -9.246498e+23   0.000000e+00   0.000000e+00   7.479894e+12   7.479894e+12   7.479894e+12  -1.603803e+18   1.315464e+19   0.000000e+00  -9.839527e+31  -1.199623e+31   1.346655e+33   0.000000e+00   0.000000e+00   0.000000e+00   0.000000e+00   0.000000e+00   0.000000e+00   0.000000e+00   0.000000e+00   0.000000e+00   0.000000e+00   0.000000e+00   0.000000e+00   0.000000e+00
             66   3.188160e+07      1.0000000      0.0000000   5.683000e+26   0.000000e+00   5.683000e+26   0.000000e+00   0.000000e+00   0.000000e+00   0.000000e+00   0.000000e+00   0.000000e+00   4.620272e+23   0.000000e+00  -9.246498e+23   0.000000e+00   0.000000e+00   7.479894e+12   7.479894e+12   7.479894e+12  -1.603778e+18   1.315463e+19   0.000000e+00  -9.839521e+31  -1.199608e+31   1.346655e+33   0.000000e+00   0.000000e+00   0.000000e+00   0.000000e+00   0.000000e+00   0.000000e+00   0.000000e+00   0.000000e+00   0.000000e+00   0.000000e+00   0.000000e+00   0.000000e+00   0.000000e+00
             66   3.196800e+07      1.0000000      0.0000000   5.683000e+26   0.000000e+00   5.683000e+26   0.000000e+00   0.000000e+00   0.000000e+00   0.000000e+00   0.000000e+00   0.000000e+00   4.620272e+23   0.000000e+00  -9.246498e+23   0.000000e+00   0.000000e+00   7.479894e+12   7.479894e+12   7.479894e+12  -1.603790e+18   1.315464e+19   0.000000e+00  -9.839522e+31  -1.199620e+31   1.346655e+33   0.000000e+00   0.000000e+00   0.000000e+00   0.000000e+00   0.000000e+00   0.000000e+00   0.000000e+00   0.000000e+00   0.000000e+00   0.000000e+00   0.000000e+00   0.000000e+00   0.000000e+00
             66   3.205440e+07      1.0000000      0.0000000   5.683000e+26   0.000000e+00   5.683000e+26   0.000000e+00   0.000000e+00   0.000000e+00   0.000000e+00   0.000000e+00   0.000000e+00   4.620272e+23   0.000000e+00  -9.246498e+23   0.000000e+00   0.000000e+00   7.479894e+12   7.479894e+12   7.479894e+12  -1.603785e+18   1.315463e+19   0.000000e+00  -9.839525e+31  -1.199616e+31   1.346655e+33   0.000000e+00   0.000000e+00   0.000000e+00   0.000000e+00   0.000000e+00   0.000000e+00   0.000000e+00   0.000000e+00   0.000000e+00   0.000000e+00   0.000000e+00   0.000000e+00   0.000000e+00
             66   3.214080e+07      1.0000000      0.0000000   5.683000e+26   0.000000e+00   5.683000e+26   0.000000e+00   0.000000e+00   0.000000e+00   0.000000e+00   0.000000e+00   0.000000e+00   4.620272e+23   0.000000e+00  -9.246498e+23   0.000000e+00   0.000000e+00   7.479894e+12   7.479894e+12   7.479894e+12  -1.603796e+18   1.315463e+19   0.000000e+00  -9.839521e+31  -1.199616e+31   1.346655e+33   0.000000e+00   0.000000e+00   0.000000e+00   0.000000e+00   0.000000e+00   0.000000e+00   0.000000e+00   0.000000e+00   0.000000e+00   0.000000e+00   0.000000e+00   0.000000e+00   0.000000e+00
             67   3.222720e+07      1.0000000      0.0000000   5.683000e+26   0.000000e+00   5.683000e+26   0.000000e+00   0.000000e+00   0.000000e+00   0.000000e+00   0.000000e+00   0.000000e+00   4.620272e+23   0.000000e+00  -9.246498e+23   0.000000e+00   0.000000e+00   7.479894e+12   7.479894e+12   7.479894e+12  -1.603786e+18   1.315463e+19   0.000000e+00  -9.839524e+31  -1.199612e+31   1.346655e+33   0.000000e+00   0.000000e+00   0.000000e+00   0.000000e+00   0.000000e+00   0.000000e+00   0.000000e+00   0.000000e+00   0.000000e+00   0.000000e+00   0.000000e+00   0.000000e+00   0.000000e+00
             67   3.231360e+07      1.0000000      0.0000000   5.683000e+26   0.000000e+00   5.683000e+26   0.000000e+00   0.000000e+00   0.000000e+00   0.000000e+00   0.000000e+00   0.000000e+00   4.620272e+23   0.000000e+00  -9.246498e+23   0.000000e+00   0.000000e+00   7.479894e+12   7.479894e+12   7.479894e+12  -1.603802e+18   1.315464e+19   0.000000e+00  -9.839530e+31  -1.199624e+31   1.346655e+33   0.000000e+00   0.000000e+00   0.000000e+00   0.000000e+00   0.000000e+00   0.000000e+00   0.000000e+00   0.000000e+00   0.000000e+00   0.000000e+00   0.000000e+00   0.000000e+00   0.000000e+00
             67   3.240000e+07      1.0000000      0.0000000   5.683000e+26   0.000000e+00   5.683000e+26   0.000000e+00   0.000000e+00   0.000000e+00   0.000000e+00   0.000000e+00   0.000000e+00   4.620272e+23   0.000000e+00  -9.246498e+23   0.000000e+00   0.000000e+00   7.479894e+12   7.479894e+12   7.479894e+12  -1.603800e+18   1.315464e+19   0.000000e+00  -9.839532e+31  -1.199624e+31   1.346655e+33   0.000000e+00   0.000000e+00   0.000000e+00   0.000000e+00   0.000000e+00   0.000000e+00   0.000000e+00   0.000000e+00   0.000000e+00   0.000000e+00   0.000000e+00   0.000000e+00   0.000000e+00
             67   3.248640e+07      1.0000000      0.0000000   5.683000e+26   0.000000e+00   5.683000e+26   0.000000e+00   0.000000e+00   0.000000e+00   0.000000e+00   0.000000e+00   0.000000e+00   4.620272e+23   0.000000e+00  -9.246498e+23   0.000000e+00   0.000000e+00   7.479894e+12   7.479894e+12   7.479894e+12  -1.603799e+18   1.315464e+19   0.000000e+00  -9.839526e+31  -1.199629e+31   1.346655e+33   0.000000e+00   0.000000e+00   0.000000e+00   0.000000e+00   0.000000e+00   0.000000e+00   0.000000e+00   0.000000e+00   0.000000e+00   0.000000e+00   0.000000e+00   0.000000e+00   0.000000e+00
             67   3.257280e+07      1.0000000      0.0000000   5.683000e+26   0.000000e+00   5.683000e+26   0.000000e+00   0.000000e+00   0.000000e+00   0.000000e+00   0.000000e+00   0.000000e+00   4.620272e+23   0.000000e+00  -9.246498e+23   0.000000e+00   0.000000e+00   7.479894e+12   7.479894e+12   7.479894e+12  -1.603800e+18   1.315464e+19   0.000000e+00  -9.839526e+31  -1.199627e+31   1.346655e+33   0.000000e+00   0.000000e+00   0.000000e+00   0.000000e+00   0.000000e+00   0.000000e+00   0.000000e+00   0.000000e+00   0.000000e+00   0.000000e+00   0.000000e+00   0.000000e+00   0.000000e+00
             67   3.265920e+07      1.0000000      0.0000000   5.683000e+26   0.000000e+00   5.683000e+26   0.000000e+00   0.000000e+00   0.000000e+00   0.000000e+00   0.000000e+00   0.000000e+00   4.620272e+23   0.000000e+00  -9.246498e+23   0.000000e+00   0.000000e+00   7.479894e+12   7.479894e+12   7.479894e+12  -1.603800e+18   1.315464e+19   0.000000e+00  -9.839525e+31  -1.199624e+31   1.346655e+33   0.000000e+00   0.000000e+00   0.000000e+00   0.000000e+00   0.000000e+00   0.000000e+00   0.000000e+00   0.000000e+00   0.000000e+00   0.000000e+00   0.000000e+00   0.000000e+00   0.000000e+00
             68   3.274560e+07      1.0000000      0.0000000   5.683000e+26   0.000000e+00   5.683000e+26   0.000000e+00   0.000000e+00   0.000000e+00   0.000000e+00   0.000000e+00   0.000000e+00   4.620272e+23   0.000000e+00  -9.246499e+23   0.000000e+00   0.000000e+00   7.479894e+12   7.479894e+12   7.479894e+12  -1.603802e+18   1.315465e+19   0.000000e+00  -9.839536e+31  -1.199622e+31   1.346655e+33   0.000000e+00   0.000000e+00   0.000000e+00   0.000000e+00   0.000000e+00   0.000000e+00   0.000000e+00   0.000000e+00   0.000000e+00   0.000000e+00   0.000000e+00   0.000000e+00   0.000000e+00
             68   3.283200e+07      1.0000000      0.0000000   5.683000e+26   0.000000e+00   5.683000e+26   0.000000e+00   0.000000e+00   0.000000e+00   0.000000e+00   0.000000e+00   0.000000e+00   4.620272e+23   0.000000e+00  -9.246499e+23   0.000000e+00   0.000000e+00   7.479894e+12   7.479894e+12   7.479894e+12  -1.603801e+18   1.315463e+19   0.000000e+00  -9.839524e+31  -1.199629e+31   1.346655e+33   0.000000e+00   0.000000e+00   0.000000e+00   0.000000e+00   0.000000e+00   0.000000e+00   0.000000e+00   0.000000e+00   0.000000e+00   0.000000e+00   0.000000e+00   0.000000e+00   0.000000e+00
             68   3.291840e+07      1.0000000      0.0000000   5.683000e+26   0.000000e+00   5.683000e+26   0.000000e+00   0.000000e+00   0.000000e+00   0.000000e+00   0.000000e+00   0.000000e+00   4.620272e+23   0.000000e+00  -9.246499e+23   0.000000e+00   0.000000e+00   7.479894e+12   7.479894e+12   7.479894e+12  -1.603793e+18   1.315464e+19   0.000000e+00  -9.839532e+31  -1.199620e+31   1.346655e+33   0.000000e+00   0.000000e+00   0.000000e+00   0.000000e+00   0.000000e+00   0.000000e+00   0.000000e+00   0.000000e+00   0.000000e+00   0.000000e+00   0.000000e+00   0.000000e+00   0.000000e+00
             68   3.300480e+07      1.0000000      0.0000000   5.683000e+26   0.000000e+00   5.683000e+26   0.000000e+00   0.000000e+00   0.000000e+00   0.000000e+00   0.000000e+00   0.000000e+00   4.620272e+23   0.000000e+00  -9.246499e+23   0.000000e+00   0.000000e+00   7.479894e+12   7.479894e+12   7.479894e+12  -1.603801e+18   1.315465e+19   0.000000e+00  -9.839533e+31  -1.199624e+31   1.346655e+33   0.000000e+00   0.000000e+00   0.000000e+00   0.000000e+00   0.000000e+00   0.000000e+00   0.000000e+00   0.000000e+00   0.000000e+00   0.000000e+00   0.000000e+00   0.000000e+00   0.000000e+00
             68   3.309120e+07      1.0000000      0.0000000   5.683000e+26   0.000000e+00   5.683000e+26   0.000000e+00   0.000000e+00   0.000000e+00   0.000000e+00   0.000000e+00   0.000000e+00   4.620272e+23   0.000000e+00  -9.246499e+23   0.000000e+00   0.000000e+00   7.479894e+12   7.479894e+12   7.479894e+12  -1.603815e+18   1.315464e+19   0.000000e+00  -9.839536e+31  -1.199634e+31   1.346656e+33   0.000000e+00   0.000000e+00   0.000000e+00   0.000000e+00   0.000000e+00   0.000000e+00   0.000000e+00   0.000000e+00   0.000000e+00   0.000000e+00   0.000000e+00   0.000000e+00   0.000000e+00
             69   3.317760e+07      1.0000000      0.0000000   5.683000e+26   0.000000e+00   5.683000e+26   0.000000e+00   0.000000e+00   0.000000e+00   0.000000e+00   0.000000e+00   0.000000e+00   4.620272e+23   0.000000e+00  -9.246498e+23   0.000000e+00   0.000000e+00   7.479894e+12   7.479894e+12   7.479894e+12  -1.603803e+18   1.315466e+19   0.000000e+00  -9.839538e+31  -1.199625e+31   1.346655e+33   0.000000e+00   0.000000e+00   0.000000e+00   0.000000e+00   0.000000e+00   0.000000e+00   0.000000e+00   0.000000e+00   0.000000e+00   0.000000e+00   0.000000e+00   0.000000e+00   0.000000e+00
             69   3.326400e+07      1.0000000      0.0000000   5.683000e+26   0.000000e+00   5.683000e+26   0.000000e+00   0.000000e+00   0.000000e+00   0.000000e+00   0.000000e+00   0.000000e+00   4.620272e+23   0.000000e+00  -9.246498e+23   0.000000e+00   0.000000e+00   7.479894e+12   7.479894e+12   7.479894e+12  -1.603794e+18   1.315464e+19   0.000000e+00  -9.839532e+31  -1.199625e+31   1.346655e+33   0.000000e+00   0.000000e+00   0.000000e+00   0.000000e+00   0.000000e+00   0.000000e+00   0.000000e+00   0.000000e+00   0.000000e+00   0.000000e+00   0.000000e+00   0.000000e+00   0.000000e+00
             69   3.335040e+07      1.0000000      0.0000000   5.683000e+26   0.000000e+00   5.683000e+26   0.000000e+00   0.000000e+00   0.000000e+00   0.000000e+00   0.000000e+00   0.000000e+00   4.620272e+23   0.000000e+00  -9.246498e+23   0.000000e+00   0.000000e+00   7.479894e+12   7.479894e+12   7.479894e+12  -1.603803e+18   1.315463e+19   0.000000e+00  -9.839522e+31  -1.199627e+31   1.346655e+33   0.000000e+00   0.000000e+00   0.000000e+00   0.000000e+00   0.000000e+00   0.000000e+00   0.000000e+00   0.000000e+00   0.000000e+00   0.000000e+00   0.000000e+00   0.000000e+00   0.000000e+00
             69   3.343680e+07      1.0000000      0.0000000   5.683000e+26   0.000000e+00   5.683000e+26   0.000000e+00   0.000000e+00   0.000000e+00   0.000000e+00   0.000000e+00   0.000000e+00   4.620272e+23   0.000000e+00  -9.246498e+23   0.000000e+00   0.000000e+00   7.479894e+12   7.479894e+12   7.479894e+12  -1.603799e+18   1.315464e+19   0.000000e+00  -9.839531e+31  -1.199620e+31   1.346655e+33   0.000000e+00   0.000000e+00   0.000000e+00   0.000000e+00   0.000000e+00   0.000000e+00   0.000000e+00   0.000000e+00   0.000000e+00   0.000000e+00   0.000000e+00   0.000000e+00   0.000000e+00
             69   3.352320e+07      1.0000000      0.0000000   5.683000e+26   0.000000e+00   5.683000e+26   0.000000e+00   0.000000e+00   0.000000e+00   0.000000e+00   0.000000e+00   0.000000e+00   4.620272e+23   0.000000e+00  -9.246498e+23   0.000000e+00   0.000000e+00   7.479894e+12   7.479894e+12   7.479894e+12  -1.603791e+18   1.315463e+19   0.000000e+00  -9.839519e+31  -1.199622e+31   1.346655e+33   0.000000e+00   0.000000e+00   0.000000e+00   0.000000e+00   0.000000e+00   0.000000e+00   0.000000e+00   0.000000e+00   0.000000e+00   0.000000e+00   0.000000e+00   0.000000e+00   0.000000e+00
             69   3.360960e+07      1.0000000      0.0000000   5.683000e+26   0.000000e+00   5.683000e+26   0.000000e+00   0.000000e+00   0.000000e+00   0.000000e+00   0.000000e+00   0.000000e+00   4.620272e+23   0.000000e+00  -9.246498e+23   0.000000e+00   0.000000e+00   7.479894e+12   7.479894e+12   7.479894e+12  -1.603795e+18   1.315464e+19   0.000000e+00  -9.839527e+31  -1.199625e+31   1.346655e+33   0.000000e+00   0.000000e+00   0.000000e+00   0.000000e+00   0.000000e+00   0.000000e+00   0.000000e+00   0.000000e+00   0.000000e+00   0.000000e+00   0.000000e+00   0.000000e+00   0.000000e+00
             70   3.369600e+07      1.0000000      0.0000000   5.683000e+26   0.000000e+00   5.683000e+26   0.000000e+00   0.000000e+00   0.000000e+00   0.000000e+00   0.000000e+00   0.000000e+00   4.620272e+23   0.000000e+00  -9.246498e+23   0.000000e+00   0.000000e+00   7.479894e+12   7.479894e+12   7.479894e+12  -1.603816e+18   1.315464e+19   0.000000e+00  -9.839532e+31  -1.199638e+31   1.346656e+33   0.000000e+00   0.000000e+00   0.000000e+00   0.000000e+00   0.000000e+00   0.000000e+00   0.000000e+00   0.000000e+00   0.000000e+00   0.000000e+00   0.000000e+00   0.000000e+00   0.000000e+00
             70   3.378240e+07      1.0000000      0.0000000   5.683000e+26   0.000000e+00   5.683000e+26   0.000000e+00   0.000000e+00   0.000000e+00   0.000000e+00   0.000000e+00   0.000000e+00   4.620272e+23   0.000000e+00  -9.246498e+23   0.000000e+00   0.000000e+00   7.479894e+12   7.479894e+12   7.479894e+12  -1.603811e+18   1.315464e+19   0.000000e+00  -9.839531e+31  -1.199632e+31   1.346655e+33   0.000000e+00   0.000000e+00   0.000000e+00   0.000000e+00   0.000000e+00   0.000000e+00   0.000000e+00   0.000000e+00   0.000000e+00   0.000000e+00   0.000000e+00   0.000000e+00   0.000000e+00
             70   3.386880e+07      1.0000000      0.0000000   5.683000e+26   0.000000e+00   5.683000e+26   0.000000e+00   0.000000e+00   0.000000e+00   0.000000e+00   0.000000e+00   0.000000e+00   4.620272e+23   0.000000e+00  -9.246498e+23   0.000000e+00   0.000000e+00   7.479894e+12   7.479894e+12   7.479894e+12  -1.603796e+18   1.315463e+19   0.000000e+00  -9.839527e+31  -1.199623e+31   1.346655e+33   0.000000e+00   0.000000e+00   0.000000e+00   0.000000e+00   0.000000e+00   0.000000e+00   0.000000e+00   0.000000e+00   0.000000e+00   0.000000e+00   0.000000e+00   0.000000e+00   0.000000e+00
             70   3.395520e+07      1.0000000      0.0000000   5.683000e+26   0.000000e+00   5.683000e+26   0.000000e+00   0.000000e+00   0.000000e+00   0.000000e+00   0.000000e+00   0.000000e+00   4.620272e+23   0.000000e+00  -9.246498e+23   0.000000e+00   0.000000e+00   7.479894e+12   7.479894e+12   7.479894e+12  -1.603814e+18   1.315465e+19   0.000000e+00  -9.839525e+31  -1.199636e+31   1.346655e+33   0.000000e+00   0.000000e+00   0.000000e+00   0.000000e+00   0.000000e+00   0.000000e+00   0.000000e+00   0.000000e+00   0.000000e+00   0.000000e+00   0.000000e+00   0.000000e+00   0.000000e+00
             70   3.404160e+07      1.0000000      0.0000000   5.683000e+26   0.000000e+00   5.683000e+26   0.000000e+00   0.000000e+00   0.000000e+00   0.000000e+00   0.000000e+00   0.000000e+00   4.620272e+23   0.000000e+00  -9.246498e+23   0.000000e+00   0.000000e+00   7.479894e+12   7.479894e+12   7.479894e+12  -1.603817e+18   1.315464e+19   0.000000e+00  -9.839525e+31  -1.199639e+31   1.346655e+33   0.000000e+00   0.000000e+00   0.000000e+00   0.000000e+00   0.000000e+00   0.000000e+00   0.000000e+00   0.000000e+00   0.000000e+00   0.000000e+00   0.000000e+00   0.000000e+00   0.000000e+00
             70   3.412800e+07      1.0000000      0.0000000   5.683000e+26   0.000000e+00   5.683000e+26   0.000000e+00   0.000000e+00   0.000000e+00   0.000000e+00   0.000000e+00   0.000000e+00   4.620272e+23   0.000000e+00  -9.246498e+23   0.000000e+00   0.000000e+00   7.479894e+12   7.479894e+12   7.479894e+12  -1.603808e+18   1.315463e+19   0.000000e+00  -9.839533e+31  -1.199632e+31   1.346656e+33   0.000000e+00   0.000000e+00   0.000000e+00   0.000000e+00   0.000000e+00   0.000000e+00   0.000000e+00   0.000000e+00   0.000000e+00   0.000000e+00   0.000000e+00   0.000000e+00   0.000000e+00
             71   3.421440e+07      1.0000000      0.0000000   5.683000e+26   0.000000e+00   5.683000e+26   0.000000e+00   0.000000e+00   0.000000e+00   0.000000e+00   0.000000e+00   0.000000e+00   4.620272e+23   0.000000e+00  -9.246498e+23   0.000000e+00   0.000000e+00   7.479894e+12   7.479894e+12   7.479894e+12  -1.603790e+18   1.315463e+19   0.000000e+00  -9.839523e+31  -1.199617e+31   1.346655e+33   0.000000e+00   0.000000e+00   0.000000e+00   0.000000e+00   0.000000e+00   0.000000e+00   0.000000e+00   0.000000e+00   0.000000e+00   0.000000e+00   0.000000e+00   0.000000e+00   0.000000e+00
             71   3.430080e+07      1.0000000      0.0000000   5.683000e+26   0.000000e+00   5.683000e+26   0.000000e+00   0.000000e+00   0.000000e+00   0.000000e+00   0.000000e+00   0.000000e+00   4.620272e+23   0.000000e+00  -9.246498e+23   0.000000e+00   0.000000e+00   7.479894e+12   7.479894e+12   7.479894e+12  -1.603788e+18   1.315463e+19   0.000000e+00  -9.839526e+31  -1.199621e+31   1.346655e+33   0.000000e+00   0.000000e+00   0.000000e+00   0.000000e+00   0.000000e+00   0.000000e+00   0.000000e+00   0.000000e+00   0.000000e+00   0.000000e+00   0.000000e+00   0.000000e+00   0.000000e+00
             71   3.438720e+07      1.0000000      0.0000000   5.683000e+26   0.000000e+00   5.683000e+26   0.000000e+00   0.000000e+00   0.000000e+00   0.000000e+00   0.000000e+00   0.000000e+00   4.620272e+23   0.000000e+00  -9.246498e+23   0.000000e+00   0.000000e+00   7.479894e+12   7.479894e+12   7.479894e+12  -1.603783e+18   1.315464e+19   0.000000e+00  -9.839531e+31  -1.199615e+31   1.346655e+33   0.000000e+00   0.000000e+00   0.000000e+00   0.000000e+00   0.000000e+00   0.000000e+00   0.000000e+00   0.000000e+00   0.000000e+00   0.000000e+00   0.000000e+00   0.000000e+00   0.000000e+00
             71   3.447360e+07      1.0000000      0.0000000   5.683000e+26   0.000000e+00   5.683000e+26   0.000000e+00   0.000000e+00   0.000000e+00   0.000000e+00   0.000000e+00   0.000000e+00   4.620272e+23   0.000000e+00  -9.246498e+23   0.000000e+00   0.000000e+00   7.479894e+12   7.479894e+12   7.479894e+12  -1.603804e+18   1.315465e+19   0.000000e+00  -9.839529e+31  -1.199627e+31   1.346655e+33   0.000000e+00   0.000000e+00   0.000000e+00   0.000000e+00   0.000000e+00   0.000000e+00   0.000000e+00   0.000000e+00   0.000000e+00   0.000000e+00   0.000000e+00   0.000000e+00   0.000000e+00
             71   3.456000e+07      1.0000000      0.0000000   5.683000e+26   0.000000e+00   5.683000e+26   0.000000e+00   0.000000e+00   0.000000e+00   0.000000e+00   0.000000e+00   0.000000e+00   4.620272e+23   0.000000e+00  -9.246498e+23   0.000000e+00   0.000000e+00   7.479894e+12   7.479894e+12   7.479894e+12  -1.603781e+18   1.315462e+19   0.000000e+00  -9.839525e+31  -1.199613e+31   1.346655e+33   0.000000e+00   0.000000e+00   0.000000e+00   0.000000e+00   0.000000e+00   0.000000e+00   0.000000e+00   0.000000e+00   0.000000e+00   0.000000e+00   0.000000e+00   0.000000e+00   0.000000e+00
             72   3.464640e+07      1.0000000      0.0000000   5.683000e+26   0.000000e+00   5.683000e+26   0.000000e+00   0.000000e+00   0.000000e+00   0.000000e+00   0.000000e+00   0.000000e+00   4.620272e+23   0.000000e+00  -9.246499e+23   0.000000e+00   0.000000e+00   7.479894e+12   7.479894e+12   7.479894e+12  -1.603817e+18   1.315463e+19   0.000000e+00  -9.839518e+31  -1.199633e+31   1.346655e+33   0.000000e+00   0.000000e+00   0.000000e+00   0.000000e+00   0.000000e+00   0.000000e+00   0.000000e+00   0.000000e+00   0.000000e+00   0.000000e+00   0.000000e+00   0.000000e+00   0.000000e+00
             72   3.473280e+07      1.0000000      0.0000000   5.683000e+26   0.000000e+00   5.683000e+26   0.000000e+00   0.000000e+00   0.000000e+00   0.000000e+00   0.000000e+00   0.000000e+00   4.620272e+23   0.000000e+00  -9.246499e+23   0.000000e+00   0.000000e+00   7.479894e+12   7.479894e+12   7.479894e+12  -1.603803e+18   1.315461e+19   0.000000e+00  -9.839515e+31  -1.199624e+31   1.346655e+33   0.000000e+00   0.000000e+00   0.000000e+00   0.000000e+00   0.000000e+00   0.000000e+00   0.000000e+00   0.000000e+00   0.000000e+00   0.000000e+00   0.000000e+00   0.000000e+00   0.000000e+00
             72   3.481920e+07      1.0000000      0.0000000   5.683000e+26   0.000000e+00   5.683000e+26   0.000000e+00   0.000000e+00   0.000000e+00   0.000000e+00   0.000000e+00   0.000000e+00   4.620272e+23   0.000000e+00  -9.246499e+23   0.000000e+00   0.000000e+00   7.479894e+12   7.479894e+12   7.479894e+12  -1.603812e+18   1.315461e+19   0.000000e+00  -9.839510e+31  -1.199632e+31   1.346655e+33   0.000000e+00   0.000000e+00   0.000000e+00   0.000000e+00   0.000000e+00   0.000000e+00   0.000000e+00   0.000000e+00   0.000000e+00   0.000000e+00   0.000000e+00   0.000000e+00   0.000000e+00
             72   3.490560e+07      1.0000000      0.0000000   5.683000e+26   0.000000e+00   5.683000e+26   0.000000e+00   0.000000e+00   0.000000e+00   0.000000e+00   0.000000e+00   0.000000e+00   4.620272e+23   0.000000e+00  -9.246499e+23   0.000000e+00   0.000000e+00   7.479894e+12   7.479894e+12   7.479894e+12  -1.603798e+18   1.315462e+19   0.000000e+00  -9.839515e+31  -1.199626e+31   1.346655e+33   0.000000e+00   0.000000e+00   0.000000e+00   0.000000e+00   0.000000e+00   0.000000e+00   0.000000e+00   0.000000e+00   0.000000e+00   0.000000e+00   0.000000e+00   0.000000e+00   0.000000e+00
             72   3.499200e+07      1.0000000      0.0000000   5.683000e+26   0.000000e+00   5.683000e+26   0.000000e+00   0.000000e+00   0.000000e+00   0.000000e+00   0.000000e+00   0.000000e+00   4.620272e+23   0.000000e+00  -9.246499e+23   0.000000e+00   0.000000e+00   7.479894e+12   7.479894e+12   7.479894e+12  -1.603813e+18   1.315460e+19   0.000000e+00  -9.839503e+31  -1.199632e+31   1.346655e+33   0.000000e+00   0.000000e+00   0.000000e+00   0.000000e+00   0.000000e+00   0.000000e+00   0.000000e+00   0.000000e+00   0.000000e+00   0.000000e+00   0.000000e+00   0.000000e+00   0.000000e+00
             72   3.507840e+07      1.0000000      0.0000000   5.683000e+26   0.000000e+00   5.683000e+26   0.000000e+00   0.000000e+00   0.000000e+00   0.000000e+00   0.000000e+00   0.000000e+00   4.620273e+23   0.000000e+00  -9.246499e+23   0.000000e+00   0.000000e+00   7.479894e+12   7.479894e+12   7.479894e+12  -1.603808e+18   1.315462e+19   0.000000e+00  -9.839517e+31  -1.199632e+31   1.346655e+33   0.000000e+00   0.000000e+00   0.000000e+00   0.000000e+00   0.000000e+00   0.000000e+00   0.000000e+00   0.000000e+00   0.000000e+00   0.000000e+00   0.000000e+00   0.000000e+00   0.000000e+00
             73   3.516480e+07      1.0000000      0.0000000   5.683000e+26   0.000000e+00   5.683000e+26   0.000000e+00   0.000000e+00   0.000000e+00   0.000000e+00   0.000000e+00   0.000000e+00   4.620272e+23   0.000000e+00  -9.246498e+23   0.000000e+00   0.000000e+00   7.479894e+12   7.479894e+12   7.479894e+12  -1.603800e+18   1.315462e+19   0.000000e+00  -9.839519e+31  -1.199622e+31   1.346655e+33   0.000000e+00   0.000000e+00   0.000000e+00   0.000000e+00   0.000000e+00   0.000000e+00   0.000000e+00   0.000000e+00   0.000000e+00   0.000000e+00   0.000000e+00   0.000000e+00   0.000000e+00
             73   3.525120e+07      1.0000000      0.0000000   5.683000e+26   0.000000e+00   5.683000e+26   0.000000e+00   0.000000e+00   0.000000e+00   0.000000e+00   0.000000e+00   0.000000e+00   4.620272e+23   0.000000e+00  -9.246498e+23   0.000000e+00   0.000000e+00   7.479894e+12   7.479894e+12   7.479894e+12  -1.603811e+18   1.315463e+19   0.000000e+00  -9.839521e+31  -1.199629e+31   1.346655e+33   0.000000e+00   0.000000e+00   0.000000e+00   0.000000e+00   0.000000e+00   0.000000e+00   0.000000e+00   0.000000e+00   0.000000e+00   0.000000e+00   0.000000e+00   0.000000e+00   0.000000e+00
             73   3.533760e+07      1.0000000      0.0000000   5.683000e+26   0.000000e+00   5.683000e+26   0.000000e+00   0.000000e+00   0.000000e+00   0.000000e+00   0.000000e+00   0.000000e+00   4.620272e+23   0.000000e+00  -9.246498e+23   0.000000e+00   0.000000e+00   7.479894e+12   7.479894e+12   7.479894e+12  -1.603785e+18   1.315463e+19   0.000000e+00  -9.839526e+31  -1.199622e+31   1.346655e+33   0.000000e+00   0.000000e+00   0.000000e+00   0.000000e+00   0.000000e+00   0.000000e+00   0.000000e+00   0.000000e+00   0.000000e+00   0.000000e+00   0.000000e+00   0.000000e+00   0.000000e+00
             73   3.542400e+07      1.0000000      0.0000000   5.683000e+26   0.000000e+00   5.683000e+26   0.000000e+00   0.000000e+00   0.000000e+00   0.000000e+00   0.000000e+00   0.000000e+00   4.620272e+23   0.000000e+00  -9.246498e+23   0.000000e+00   0.000000e+00   7.479894e+12   7.479894e+12   7.479894e+12  -1.603809e+18   1.315463e+19   0.000000e+00  -9.839520e+31  -1.199626e+31   1.346655e+33   0.000000e+00   0.000000e+00   0.000000e+00   0.000000e+00   0.000000e+00   0.000000e+00   0.000000e+00   0.000000e+00   0.000000e+00   0.000000e+00   0.000000e+00   0.000000e+00   0.000000e+00
             73   3.551040e+07      1.0000000      0.0000000   5.683000e+26   0.000000e+00   5.683000e+26   0.000000e+00   0.000000e+00   0.000000e+00   0.000000e+00   0.000000e+00   0.000000e+00   4.620273e+23   0.000000e+00  -9.246498e+23   0.000000e+00   0.000000e+00   7.479894e+12   7.479894e+12   7.479894e+12  -1.603785e+18   1.315463e+19   0.000000e+00  -9.839522e+31  -1.199615e+31   1.346655e+33   0.000000e+00   0.000000e+00   0.000000e+00   0.000000e+00   0.000000e+00   0.000000e+00   0.000000e+00   0.000000e+00   0.000000e+00   0.000000e+00   0.000000e+00   0.000000e+00   0.000000e+00
             74   3.559680e+07      1.0000000      0.0000000   5.683000e+26   0.000000e+00   5.683000e+26   0.000000e+00   0.000000e+00   0.000000e+00   0.000000e+00   0.000000e+00   0.000000e+00   4.620272e+23   0.000000e+00  -9.246499e+23   0.000000e+00   0.000000e+00   7.479894e+12   7.479894e+12   7.479894e+12  -1.603791e+18   1.315461e+19   0.000000e+00  -9.839507e+31  -1.199616e+31   1.346655e+33   0.000000e+00   0.000000e+00   0.000000e+00   0.000000e+00   0.000000e+00   0.000000e+00   0.000000e+00   0.000000e+00   0.000000e+00   0.000000e+00   0.000000e+00   0.000000e+00   0.000000e+00
             74   3.568320e+07      1.0000000      0.0000000   5.683000e+26   0.000000e+00   5.683000e+26   0.000000e+00   0.000000e+00   0.000000e+00   0.000000e+00   0.000000e+00   0.000000e+00   4.620272e+23   0.000000e+00  -9.246499e+23   0.000000e+00   0.000000e+00   7.479894e+12   7.479894e+12   7.479894e+12  -1.603795e+18   1.315461e+19   0.000000e+00  -9.839511e+31  -1.199621e+31   1.346655e+33   0.000000e+00   0.000000e+00   0.000000e+00   0.000000e+00   0.000000e+00   0.000000e+00   0.000000e+00   0.000000e+00   0.000000e+00   0.000000e+00   0.000000e+00   0.000000e+00   0.000000e+00
             74   3.576960e+07      1.0000000      0.0000000   5.683000e+26   0.000000e+00   5.683000e+26   0.000000e+00   0.000000e+00   0.000000e+00   0.000000e+00   0.000000e+00   0.000000e+00   4.620272e+23   0.000000e+00  -9.246499e+23   0.000000e+00   0.000000e+00   7.479894e+12   7.479894e+12   7.479894e+12  -1.603789e+18   1.315460e+19   0.000000e+00  -9.839505e+31  -1.199621e+31   1.346655e+33   0.000000e+00   0.000000e+00   0.000000e+00   0.000000e+00   0.000000e+00   0.000000e+00   0.000000e+00   0.000000e+00   0.000000e+00   0.000000e+00   0.000000e+00   0.000000e+00   0.000000e+00
             74   3.585600e+07      1.0000000      0.0000000   5.683000e+26   0.000000e+00   5.683000e+26   0.000000e+00   0.000000e+00   0.000000e+00   0.000000e+00   0.000000e+00   0.000000e+00   4.620272e+23   0.000000e+00  -9.246499e+23   0.000000e+00   0.000000e+00   7.479894e+12   7.479894e+12   7.479894e+12  -1.603787e+18   1.315461e+19   0.000000e+00  -9.839504e+31  -1.199619e+31   1.346655e+33   0.000000e+00   0.000000e+00   0.000000e+00   0.000000e+00   0.000000e+00   0.000000e+00   0.000000e+00   0.000000e+00   0.000000e+00   0.000000e+00   0.000000e+00   0.000000e+00   0.000000e+00
             74   3.594240e+07      1.0000000      0.0000000   5.683000e+26   0.000000e+00   5.683000e+26   0.000000e+00   0.000000e+00   0.000000e+00   0.000000e+00   0.000000e+00   0.000000e+00   4.620272e+23   0.000000e+00  -9.246499e+23   0.000000e+00   0.000000e+00   7.479894e+12   7.479894e+12   7.479894e+12  -1.603786e+18   1.315460e+19   0.000000e+00  -9.839505e+31  -1.199618e+31   1.346655e+33   0.000000e+00   0.000000e+00   0.000000e+00   0.000000e+00   0.000000e+00   0.000000e+00   0.000000e+00   0.000000e+00   0.000000e+00   0.000000e+00   0.000000e+00   0.000000e+00   0.000000e+00
             74   3.602880e+07      1.0000000      0.0000000   5.683000e+26   0.000000e+00   5.683000e+26   0.000000e+00   0.000000e+00   0.000000e+00   0.000000e+00   0.000000e+00   0.000000e+00   4.620273e+23   0.000000e+00  -9.246499e+23   0.000000e+00   0.000000e+00   7.479894e+12   7.479894e+12   7.479894e+12  -1.603793e+18   1.315460e+19   0.000000e+00  -9.839501e+31  -1.199618e+31   1.346655e+33   0.000000e+00   0.000000e+00   0.000000e+00   0.000000e+00   0.000000e+00   0.000000e+00   0.000000e+00   0.000000e+00   0.000000e+00   0.000000e+00   0.000000e+00   0.000000e+00   0.000000e+00
             75   3.611520e+07      1.0000000      0.0000000   5.683000e+26   0.000000e+00   5.683000e+26   0.000000e+00   0.000000e+00   0.000000e+00   0.000000e+00   0.000000e+00   0.000000e+00   4.620272e+23   0.000000e+00  -9.246498e+23   0.000000e+00   0.000000e+00   7.479894e+12   7.479894e+12   7.479894e+12  -1.603827e+18   1.315460e+19   0.000000e+00  -9.839506e+31  -1.199641e+31   1.346655e+33   0.000000e+00   0.000000e+00   0.000000e+00   0.000000e+00   0.000000e+00   0.000000e+00   0.000000e+00   0.000000e+00   0.000000e+00   0.000000e+00   0.000000e+00   0.000000e+00   0.000000e+00
             75   3.620160e+07      1.0000000      0.0000000   5.683000e+26   0.000000e+00   5.683000e+26   0.000000e+00   0.000000e+00   0.000000e+00   0.000000e+00   0.000000e+00   0.000000e+00   4.620272e+23   0.000000e+00  -9.246498e+23   0.000000e+00   0.000000e+00   7.479894e+12   7.479894e+12   7.479894e+12  -1.603805e+18   1.315460e+19   0.000000e+00  -9.839507e+31  -1.199628e+31   1.346655e+33   0.000000e+00   0.000000e+00   0.000000e+00   0.000000e+00   0.000000e+00   0.000000e+00   0.000000e+00   0.000000e+00   0.000000e+00   0.000000e+00   0.000000e+00   0.000000e+00   0.000000e+00
             75   3.628800e+07      1.0000000      0.0000000   5.683000e+26   0.000000e+00   5.683000e+26   0.000000e+00   0.000000e+00   0.000000e+00   0.000000e+00   0.000000e+00   0.000000e+00   4.620272e+23   0.000000e+00  -9.246498e+23   0.000000e+00   0.000000e+00   7.479894e+12   7.479894e+12   7.479894e+12  -1.603814e+18   1.315460e+19   0.000000e+00  -9.839504e+31  -1.199627e+31   1.346655e+33   0.000000e+00   0.000000e+00   0.000000e+00   0.000000e+00   0.000000e+00   0.000000e+00   0.000000e+00   0.000000e+00   0.000000e+00   0.000000e+00   0.000000e+00   0.000000e+00   0.000000e+00
             75   3.637440e+07      1.0000000      0.0000000   5.683000e+26   0.000000e+00   5.683000e+26   0.000000e+00   0.000000e+00   0.000000e+00   0.000000e+00   0.000000e+00   0.000000e+00   4.620272e+23   0.000000e+00  -9.246498e+23   0.000000e+00   0.000000e+00   7.479894e+12   7.479894e+12   7.479894e+12  -1.603800e+18   1.315461e+19   0.000000e+00  -9.839510e+31  -1.199622e+31   1.346655e+33   0.000000e+00   0.000000e+00   0.000000e+00   0.000000e+00   0.000000e+00   0.000000e+00   0.000000e+00   0.000000e+00   0.000000e+00   0.000000e+00   0.000000e+00   0.000000e+00   0.000000e+00
             75   3.646080e+07      1.0000000      0.0000000   5.683000e+26   0.000000e+00   5.683000e+26   0.000000e+00   0.000000e+00   0.000000e+00   0.000000e+00   0.000000e+00   0.000000e+00   4.620273e+23   0.000000e+00  -9.246498e+23   0.000000e+00   0.000000e+00   7.479894e+12   7.479894e+12   7.479894e+12  -1.603823e+18   1.315460e+19   0.000000e+00  -9.839508e+31  -1.199637e+31   1.346655e+33   0.000000e+00   0.000000e+00   0.000000e+00   0.000000e+00   0.000000e+00   0.000000e+00   0.000000e+00   0.000000e+00   0.000000e+00   0.000000e+00   0.000000e+00   0.000000e+00   0.000000e+00
             76   3.654720e+07      1.0000000      0.0000000   5.683000e+26   0.000000e+00   5.683000e+26   0.000000e+00   0.000000e+00   0.000000e+00   0.000000e+00   0.000000e+00   0.000000e+00   4.620272e+23   0.000000e+00  -9.246498e+23   0.000000e+00   0.000000e+00   7.479894e+12   7.479894e+12   7.479894e+12  -1.603813e+18   1.315461e+19   0.000000e+00  -9.839511e+31  -1.199636e+31   1.346655e+33   0.000000e+00   0.000000e+00   0.000000e+00   0.000000e+00   0.000000e+00   0.000000e+00   0.000000e+00   0.000000e+00   0.000000e+00   0.000000e+00   0.000000e+00   0.000000e+00   0.000000e+00
             76   3.663360e+07      1.0000000      0.0000000   5.683000e+26   0.000000e+00   5.683000e+26   0.000000e+00   0.000000e+00   0.000000e+00   0.000000e+00   0.000000e+00   0.000000e+00   4.620272e+23   0.000000e+00  -9.246498e+23   0.000000e+00   0.000000e+00   7.479894e+12   7.479894e+12   7.479894e+12  -1.603816e+18   1.315462e+19   0.000000e+00  -9.839518e+31  -1.199636e+31   1.346655e+33   0.000000e+00   0.000000e+00   0.000000e+00   0.000000e+00   0.000000e+00   0.000000e+00   0.000000e+00   0.000000e+00   0.000000e+00   0.000000e+00   0.000000e+00   0.000000e+00   0.000000e+00
             76   3.672000e+07      1.0000000      0.0000000   5.683000e+26   0.000000e+00   5.683000e+26   0.000000e+00   0.000000e+00   0.000000e+00   0.000000e+00   0.000000e+00   0.000000e+00   4.620272e+23   0.000000e+00  -9.246498e+23   0.000000e+00   0.000000e+00   7.479894e+12   7.479894e+12   7.479894e+12  -1.603808e+18   1.315463e+19   0.000000e+00  -9.839517e+31  -1.199634e+31   1.346655e+33   0.000000e+00   0.000000e+00   0.000000e+00   0.000000e+00   0.000000e+00   0.000000e+00   0.000000e+00   0.000000e+00   0.000000e+00   0.000000e+00   0.000000e+00   0.000000e+00   0.000000e+00
             76   3.680640e+07      1.0000000      0.0000000   5.683000e+26   0.000000e+00   5.683000e+26   0.000000e+00   0.000000e+00   0.000000e+00   0.000000e+00   0.000000e+00   0.000000e+00   4.620272e+23   0.000000e+00  -9.246498e+23   0.000000e+00   0.000000e+00   7.479894e+12   7.479894e+12   7.479894e+12  -1.603816e+18   1.315461e+19   0.000000e+00  -9.839513e+31  -1.199640e+31   1.346655e+33   0.000000e+00   0.000000e+00   0.000000e+00   0.000000e+00   0.000000e+00   0.000000e+00   0.000000e+00   0.000000e+00   0.000000e+00   0.000000e+00   0.000000e+00   0.000000e+00   0.000000e+00
             76   3.689280e+07      1.0000000      0.0000000   5.683000e+26   0.000000e+00   5.683000e+26   0.000000e+00   0.000000e+00   0.000000e+00   0.000000e+00   0.000000e+00   0.000000e+00   4.620273e+23   0.000000e+00  -9.246498e+23   0.000000e+00   0.000000e+00   7.479894e+12   7.479894e+12   7.479894e+12  -1.603816e+18   1.315461e+19   0.000000e+00  -9.839513e+31  -1.199637e+31   1.346655e+33   0.000000e+00   0.000000e+00   0.000000e+00   0.000000e+00   0.000000e+00   0.000000e+00   0.000000e+00   0.000000e+00   0.000000e+00   0.000000e+00   0.000000e+00   0.000000e+00   0.000000e+00
             76   3.697920e+07      1.0000000      0.0000000   5.683000e+26   0.000000e+00   5.683000e+26   0.000000e+00   0.000000e+00   0.000000e+00   0.000000e+00   0.000000e+00   0.000000e+00   4.620273e+23   0.000000e+00  -9.246498e+23   0.000000e+00   0.000000e+00   7.479894e+12   7.479894e+12   7.479894e+12  -1.603816e+18   1.315462e+19   0.000000e+00  -9.839515e+31  -1.199638e+31   1.346655e+33   0.000000e+00   0.000000e+00   0.000000e+00   0.000000e+00   0.000000e+00   0.000000e+00   0.000000e+00   0.000000e+00   0.000000e+00   0.000000e+00   0.000000e+00   0.000000e+00   0.000000e+00
             77   3.706560e+07      1.0000000      0.0000000   5.683000e+26   0.000000e+00   5.683000e+26   0.000000e+00   0.000000e+00   0.000000e+00   0.000000e+00   0.000000e+00   0.000000e+00   4.620272e+23   0.000000e+00  -9.246498e+23   0.000000e+00   0.000000e+00   7.479894e+12   7.479894e+12   7.479894e+12  -1.603816e+18   1.315462e+19   0.000000e+00  -9.839517e+31  -1.199633e+31   1.346655e+33   0.000000e+00   0.000000e+00   0.000000e+00   0.000000e+00   0.000000e+00   0.000000e+00   0.000000e+00   0.000000e+00   0.000000e+00   0.000000e+00   0.000000e+00   0.000000e+00   0.000000e+00
             77   3.715200e+07      1.0000000      0.0000000   5.683000e+26   0.000000e+00   5.683000e+26   0.000000e+00   0.000000e+00   0.000000e+00   0.000000e+00   0.000000e+00   0.000000e+00   4.620272e+23   0.000000e+00  -9.246498e+23   0.000000e+00   0.000000e+00   7.479894e+12   7.479894e+12   7.479894e+12  -1.603788e+18   1.315463e+19   0.000000e+00  -9.839515e+31  -1.199614e+31   1.346655e+33   0.000000e+00   0.000000e+00   0.000000e+00   0.000000e+00   0.000000e+00   0.000000e+00   0.000000e+00   0.000000e+00   0.000000e+00   0.000000e+00   0.000000e+00   0.000000e+00   0.000000e+00
             77   3.723840e+07      1.0000000      0.0000000   5.683000e+26   0.000000e+00   5.683000e+26   0.000000e+00   0.000000e+00   0.000000e+00   0.000000e+00   0.000000e+00   0.000000e+00   4.620272e+23   0.000000e+00  -9.246498e+23   0.000000e+00   0.000000e+00   7.479894e+12   7.479894e+12   7.479894e+12  -1.603796e+18   1.315462e+19   0.000000e+00  -9.839520e+31  -1.199623e+31   1.346655e+33   0.000000e+00   0.000000e+00   0.000000e+00   0.000000e+00   0.000000e+00   0.000000e+00   0.000000e+00   0.000000e+00   0.000000e+00   0.000000e+00   0.000000e+00   0.000000e+00   0.000000e+00
             77   3.732480e+07      1.0000000      0.0000000   5.683000e+26   0.000000e+00   5.683000e+26   0.000000e+00   0.000000e+00   0.000000e+00   0.000000e+00   0.000000e+00   0.000000e+00   4.620273e+23   0.000000e+00  -9.246498e+23   0.000000e+00   0.000000e+00   7.479894e+12   7.479894e+12   7.479894e+12  -1.603807e+18   1.315463e+19   0.000000e+00  -9.839525e+31  -1.199629e+31   1.346655e+33   0.000000e+00   0.000000e+00   0.000000e+00   0.000000e+00   0.000000e+00   0.000000e+00   0.000000e+00   0.000000e+00   0.000000e+00   0.000000e+00   0.000000e+00   0.000000e+00   0.000000e+00
             77   3.741120e+07      1.0000000      0.0000000   5.683000e+26   0.000000e+00   5.683000e+26   0.000000e+00   0.000000e+00   0.000000e+00   0.000000e+00   0.000000e+00   0.000000e+00   4.620273e+23   0.000000e+00  -9.246498e+23   0.000000e+00   0.000000e+00   7.479894e+12   7.479894e+12   7.479894e+12  -1.603793e+18   1.315463e+19   0.000000e+00  -9.839525e+31  -1.199622e+31   1.346655e+33   0.000000e+00   0.000000e+00   0.000000e+00   0.000000e+00   0.000000e+00   0.000000e+00   0.000000e+00   0.000000e+00   0.000000e+00   0.000000e+00   0.000000e+00   0.000000e+00   0.000000e+00
             77   3.749760e+07      1.0000000      0.0000000   5.683000e+26   0.000000e+00   5.683000e+26   0.000000e+00   0.000000e+00   0.000000e+00   0.000000e+00   0.000000e+00   0.000000e+00   4.620273e+23   0.000000e+00  -9.246498e+23   0.000000e+00   0.000000e+00   7.479894e+12   7.479894e+12   7.479894e+12  -1.603800e+18   1.315463e+19   0.000000e+00  -9.839528e+31  -1.199621e+31   1.346655e+33   0.000000e+00   0.000000e+00   0.000000e+00   0.000000e+00   0.000000e+00   0.000000e+00   0.000000e+00   0.000000e+00   0.000000e+00   0.000000e+00   0.000000e+00   0.000000e+00   0.000000e+00
             78   3.758400e+07      1.0000000      0.0000000   5.683000e+26   0.000000e+00   5.683000e+26   0.000000e+00   0.000000e+00   0.000000e+00   0.000000e+00   0.000000e+00   0.000000e+00   4.620272e+23   0.000000e+00  -9.246498e+23   0.000000e+00   0.000000e+00   7.479894e+12   7.479894e+12   7.479894e+12  -1.603812e+18   1.315458e+19   0.000000e+00  -9.839493e+31  -1.199631e+31   1.346655e+33   0.000000e+00   0.000000e+00   0.000000e+00   0.000000e+00   0.000000e+00   0.000000e+00   0.000000e+00   0.000000e+00   0.000000e+00   0.000000e+00   0.000000e+00   0.000000e+00   0.000000e+00
             78   3.767040e+07      1.0000000      0.0000000   5.683000e+26   0.000000e+00   5.683000e+26   0.000000e+00   0.000000e+00   0.000000e+00   0.000000e+00   0.000000e+00   0.000000e+00   4.620272e+23   0.000000e+00  -9.246498e+23   0.000000e+00   0.000000e+00   7.479894e+12   7.479894e+12   7.479894e+12  -1.603818e+18   1.315460e+19   0.000000e+00  -9.839494e+31  -1.199637e+31   1.346655e+33   0.000000e+00   0.000000e+00   0.000000e+00   0.000000e+00   0.000000e+00   0.000000e+00   0.000000e+00   0.000000e+00   0.000000e+00   0.000000e+00   0.000000e+00   0.000000e+00   0.000000e+00
             78   3.775680e+07      1.0000000      0.0000000   5.683000e+26   0.000000e+00   5.683000e+26   0.000000e+00   0.000000e+00   0.000000e+00   0.000000e+00   0.000000e+00   0.000000e+00   4.620273e+23   0.000000e+00  -9.246498e+23   0.000000e+00   0.000000e+00   7.479894e+12   7.479894e+12   7.479894e+12  -1.603807e+18   1.315459e+19   0.000000e+00  -9.839499e+31  -1.199633e+31   1.346655e+33   0.000000e+00   0.000000e+00   0.000000e+00   0.000000e+00   0.000000e+00   0.000000e+00   0.000000e+00   0.000000e+00   0.000000e+00   0.000000e+00   0.000000e+00   0.000000e+00   0.000000e+00
             78   3.784320e+07      1.0000000      0.0000000   5.683000e+26   0.000000e+00   5.683000e+26   0.000000e+00   0.000000e+00   0.000000e+00   0.000000e+00   0.000000e+00   0.000000e+00   4.620273e+23   0.000000e+00  -9.246498e+23   0.000000e+00   0.000000e+00   7.479894e+12   7.479894e+12   7.479894e+12  -1.603812e+18   1.315460e+19   0.000000e+00  -9.839495e+31  -1.199634e+31   1.346655e+33   0.000000e+00   0.000000e+00   0.000000e+00   0.000000e+00   0.000000e+00   0.000000e+00   0.000000e+00   0.000000e+00   0.000000e+00   0.000000e+00   0.000000e+00   0.000000e+00   0.000000e+00
             78   3.792960e+07      1.0000000      0.0000000   5.683000e+26   0.000000e+00   5.683000e+26   0.000000e+00   0.000000e+00   0.000000e+00   0.000000e+00   0.000000e+00   0.000000e+00   4.620273e+23   0.000000e+00  -9.246498e+23   0.000000e+00   0.000000e+00   7.479894e+12   7.479894e+12   7.479894e+12  -1.603823e+18   1.315459e+19   0.000000e+00  -9.839492e+31  -1.199638e+31   1.346655e+33   0.000000e+00   0.000000e+00   0.000000e+00   0.000000e+00   0.000000e+00   0.000000e+00   0.000000e+00   0.000000e+00   0.000000e+00   0.000000e+00   0.000000e+00   0.000000e+00   0.000000e+00
             79   3.801600e+07      1.0000000      0.0000000   5.683000e+26   0.000000e+00   5.683000e+26   0.000000e+00   0.000000e+00   0.000000e+00   0.000000e+00   0.000000e+00   0.000000e+00   4.620272e+23   0.000000e+00  -9.246499e+23   0.000000e+00   0.000000e+00   7.479894e+12   7.479894e+12   7.479894e+12  -1.603830e+18   1.315456e+19   0.000000e+00  -9.839477e+31  -1.199650e+31   1.346655e+33   0.000000e+00   0.000000e+00   0.000000e+00   0.000000e+00   0.000000e+00   0.000000e+00   0.000000e+00   0.000000e+00   0.000000e+00   0.000000e+00   0.000000e+00   0.000000e+00   0.000000e+00
             79   3.810240e+07      1.0000000      0.0000000   5.683000e+26   0.000000e+00   5.683000e+26   0.000000e+00   0.000000e+00   0.000000e+00   0.000000e+00   0.000000e+00   0.000000e+00   4.620272e+23   0.000000e+00  -9.246499e+23   0.000000e+00   0.000000e+00   7.479894e+12   7.479894e+12   7.479894e+12  -1.603838e+18   1.315457e+19   0.000000e+00  -9.839481e+31  -1.199649e+31   1.346655e+33   0.000000e+00   0.000000e+00   0.000000e+00   0.000000e+00   0.000000e+00   0.000000e+00   0.000000e+00   0.000000e+00   0.000000e+00   0.000000e+00   0.000000e+00   0.000000e+00   0.000000e+00
             79   3.818880e+07      1.0000000      0.0000000   5.683000e+26   0.000000e+00   5.683000e+26   0.000000e+00   0.000000e+00   0.000000e+00   0.000000e+00   0.000000e+00   0.000000e+00   4.620272e+23   0.000000e+00  -9.246499e+23   0.000000e+00   0.000000e+00   7.479894e+12   7.479894e+12   7.479894e+12  -1.603825e+18   1.315457e+19   0.000000e+00  -9.839479e+31  -1.199645e+31   1.346655e+33   0.000000e+00   0.000000e+00   0.000000e+00   0.000000e+00   0.000000e+00   0.000000e+00   0.000000e+00   0.000000e+00   0.000000e+00   0.000000e+00   0.000000e+00   0.000000e+00   0.000000e+00
             79   3.827520e+07      1.0000000      0.0000000   5.683000e+26   0.000000e+00   5.683000e+26   0.000000e+00   0.000000e+00   0.000000e+00   0.000000e+00   0.000000e+00   0.000000e+00   4.620273e+23   0.000000e+00  -9.246499e+23   0.000000e+00   0.000000e+00   7.479894e+12   7.479894e+12   7.479894e+12  -1.603811e+18   1.315457e+19   0.000000e+00  -9.839480e+31  -1.199639e+31   1.346655e+33   0.000000e+00   0.000000e+00   0.000000e+00   0.000000e+00   0.000000e+00   0.000000e+00   0.000000e+00   0.000000e+00   0.000000e+00   0.000000e+00   0.000000e+00   0.000000e+00   0.000000e+00
             79   3.836160e+07      1.0000000      0.0000000   5.683000e+26   0.000000e+00   5.683000e+26   0.000000e+00   0.000000e+00   0.000000e+00   0.000000e+00   0.000000e+00   0.000000e+00   4.620273e+23   0.000000e+00  -9.246499e+23   0.000000e+00   0.000000e+00   7.479894e+12   7.479894e+12   7.479894e+12  -1.603836e+18   1.315458e+19   0.000000e+00  -9.839486e+31  -1.199649e+31   1.346655e+33   0.000000e+00   0.000000e+00   0.000000e+00   0.000000e+00   0.000000e+00   0.000000e+00   0.000000e+00   0.000000e+00   0.000000e+00   0.000000e+00   0.000000e+00   0.000000e+00   0.000000e+00
             79   3.844800e+07      1.0000000      0.0000000   5.683000e+26   0.000000e+00   5.683000e+26   0.000000e+00   0.000000e+00   0.000000e+00   0.000000e+00   0.000000e+00   0.000000e+00   4.620273e+23   0.000000e+00  -9.246499e+23   0.000000e+00   0.000000e+00   7.479894e+12   7.479894e+12   7.479894e+12  -1.603831e+18   1.315457e+19   0.000000e+00  -9.839479e+31  -1.199644e+31   1.346655e+33   0.000000e+00   0.000000e+00   0.000000e+00   0.000000e+00   0.000000e+00   0.000000e+00   0.000000e+00   0.000000e+00   0.000000e+00   0.000000e+00   0.000000e+00   0.000000e+00   0.000000e+00
             80   3.853440e+07      1.0000000      0.0000000   5.683000e+26   0.000000e+00   5.683000e+26   0.000000e+00   0.000000e+00   0.000000e+00   0.000000e+00   0.000000e+00   0.000000e+00   4.620272e+23   0.000000e+00  -9.246499e+23   0.000000e+00   0.000000e+00   7.479894e+12   7.479894e+12   7.479894e+12  -1.603831e+18   1.315455e+19   0.000000e+00  -9.839463e+31  -1.199648e+31   1.346655e+33   0.000000e+00   0.000000e+00   0.000000e+00   0.000000e+00   0.000000e+00   0.000000e+00   0.000000e+00   0.000000e+00   0.000000e+00   0.000000e+00   0.000000e+00   0.000000e+00   0.000000e+00
             80   3.862080e+07      1.0000000      0.0000000   5.683000e+26   0.000000e+00   5.683000e+26   0.000000e+00   0.000000e+00   0.000000e+00   0.000000e+00   0.000000e+00   0.000000e+00   4.620272e+23   0.000000e+00  -9.246499e+23   0.000000e+00   0.000000e+00   7.479894e+12   7.479894e+12   7.479894e+12  -1.603846e+18   1.315456e+19   0.000000e+00  -9.839468e+31  -1.199656e+31   1.346655e+33   0.000000e+00   0.000000e+00   0.000000e+00   0.000000e+00   0.000000e+00   0.000000e+00   0.000000e+00   0.000000e+00   0.000000e+00   0.000000e+00   0.000000e+00   0.000000e+00   0.000000e+00
             80   3.870720e+07      1.0000000      0.0000000   5.683000e+26   0.000000e+00   5.683000e+26   0.000000e+00   0.000000e+00   0.000000e+00   0.000000e+00   0.000000e+00   0.000000e+00   4.620273e+23   0.000000e+00  -9.246499e+23   0.000000e+00   0.000000e+00   7.479894e+12   7.479894e+12   7.479894e+12  -1.603836e+18   1.315456e+19   0.000000e+00  -9.839470e+31  -1.199652e+31   1.346655e+33   0.000000e+00   0.000000e+00   0.000000e+00   0.000000e+00   0.000000e+00   0.000000e+00   0.000000e+00   0.000000e+00   0.000000e+00   0.000000e+00   0.000000e+00   0.000000e+00   0.000000e+00
             80   3.879360e+07      1.0000000      0.0000000   5.683000e+26   0.000000e+00   5.683000e+26   0.000000e+00   0.000000e+00   0.000000e+00   0.000000e+00   0.000000e+00   0.000000e+00   4.620273e+23   0.000000e+00  -9.246499e+23   0.000000e+00   0.000000e+00   7.479894e+12   7.479894e+12   7.479894e+12  -1.603832e+18   1.315456e+19   0.000000e+00  -9.839468e+31  -1.199653e+31   1.346655e+33   0.000000e+00   0.000000e+00   0.000000e+00   0.000000e+00   0.000000e+00   0.000000e+00   0.000000e+00   0.000000e+00   0.000000e+00   0.000000e+00   0.000000e+00   0.000000e+00   0.000000e+00
             80   3.888000e+07      1.0000000      0.0000000   5.683000e+26   0.000000e+00   5.683000e+26   0.000000e+00   0.000000e+00   0.000000e+00   0.000000e+00   0.000000e+00   0.000000e+00   4.620273e+23   0.000000e+00  -9.246499e+23   0.000000e+00   0.000000e+00   7.479894e+12   7.479894e+12   7.479894e+12  -1.603833e+18   1.315458e+19   0.000000e+00  -9.839482e+31  -1.199653e+31   1.346655e+33   0.000000e+00   0.000000e+00   0.000000e+00   0.000000e+00   0.000000e+00   0.000000e+00   0.000000e+00   0.000000e+00   0.000000e+00   0.000000e+00   0.000000e+00   0.000000e+00   0.000000e+00
             81   3.896640e+07      1.0000000      0.0000000   5.683000e+26   0.000000e+00   5.683000e+26   0.000000e+00   0.000000e+00   0.000000e+00   0.000000e+00   0.000000e+00   0.000000e+00   4.620272e+23   0.000000e+00  -9.246498e+23   0.000000e+00   0.000000e+00   7.479894e+12   7.479894e+12   7.479894e+12  -1.603812e+18   1.315456e+19   0.000000e+00  -9.839467e+31  -1.199631e+31   1.346655e+33   0.000000e+00   0.000000e+00   0.000000e+00   0.000000e+00   0.000000e+00   0.000000e+00   0.000000e+00   0.000000e+00   0.000000e+00   0.000000e+00   0.000000e+00   0.000000e+00   0.000000e+00
             81   3.905280e+07      1.0000000      0.0000000   5.683000e+26   0.000000e+00   5.683000e+26   0.000000e+00   0.000000e+00   0.000000e+00   0.000000e+00   0.000000e+00   0.000000e+00   4.620273e+23   0.000000e+00  -9.246498e+23   0.000000e+00   0.000000e+00   7.479894e+12   7.479894e+12   7.479894e+12  -1.603826e+18   1.315455e+19   0.000000e+00  -9.839466e+31  -1.199633e+31   1.346655e+33   0.000000e+00   0.000000e+00   0.000000e+00   0.000000e+00   0.000000e+00   0.000000e+00   0.000000e+00   0.000000e+00   0.000000e+00   0.000000e+00   0.000000e+00   0.000000e+00   0.000000e+00
             81   3.913920e+07      1.0000000      0.0000000   5.683000e+26   0.000000e+00   5.683000e+26   0.000000e+00   0.000000e+00   0.000000e+00   0.000000e+00   0.000000e+00   0.000000e+00   4.620273e+23   0.000000e+00  -9.246498e+23   0.000000e+00   0.000000e+00   7.479894e+12   7.479894e+12   7.479894e+12  -1.603811e+18   1.315455e+19   0.000000e+00  -9.839470e+31  -1.199630e+31   1.346655e+33   0.000000e+00   0.000000e+00   0.000000e+00   0.000000e+00   0.000000e+00   0.000000e+00   0.000000e+00   0.000000e+00   0.000000e+00   0.000000e+00   0.000000e+00   0.000000e+00   0.000000e+00
             81   3.922560e+07      1.0000000      0.0000000   5.683000e+26   0.000000e+00   5.683000e+26   0.000000e+00   0.000000e+00   0.000000e+00   0.000000e+00   0.000000e+00   0.000000e+00   4.620273e+23   0.000000e+00  -9.246498e+23   0.000000e+00   0.000000e+00   7.479894e+12   7.479894e+12   7.479894e+12  -1.603819e+18   1.315456e+19   0.000000e+00  -9.839467e+31  -1.199640e+31   1.346655e+33   0.000000e+00   0.000000e+00   0.000000e+00   0.000000e+00   0.000000e+00   0.000000e+00   0.000000e+00   0.000000e+00   0.000000e+00   0.000000e+00   0.000000e+00   0.000000e+00   0.000000e+00
             81   3.931200e+07      1.0000000      0.0000000   5.683000e+26   0.000000e+00   5.683000e+26   0.000000e+00   0.000000e+00   0.000000e+00   0.000000e+00   0.000000e+00   0.000000e+00   4.620273e+23   0.000000e+00  -9.246498e+23   0.000000e+00   0.000000e+00   7.479894e+12   7.479894e+12   7.479894e+12  -1.603811e+18   1.315456e+19   0.000000e+00  -9.839471e+31  -1.199637e+31   1.346655e+33   0.000000e+00   0.000000e+00   0.000000e+00   0.000000e+00   0.000000e+00   0.000000e+00   0.000000e+00   0.000000e+00   0.000000e+00   0.000000e+00   0.000000e+00   0.000000e+00   0.000000e+00
             81   3.939840e+07      1.0000000      0.0000000   5.683000e+26   0.000000e+00   5.683000e+26   0.000000e+00   0.000000e+00   0.000000e+00   0.000000e+00   0.000000e+00   0.000000e+00   4.620273e+23   0.000000e+00  -9.246498e+23   0.000000e+00   0.000000e+00   7.479894e+12   7.479894e+12   7.479894e+12  -1.603822e+18   1.315457e+19   0.000000e+00  -9.839466e+31  -1.199639e+31   1.346655e+33   0.000000e+00   0.000000e+00   0.000000e+00   0.000000e+00   0.000000e+00   0.000000e+00   0.000000e+00   0.000000e+00   0.000000e+00   0.000000e+00   0.000000e+00   0.000000e+00   0.000000e+00
             82   3.948480e+07      1.0000000      0.0000000   5.683000e+26   0.000000e+00   5.683000e+26   0.000000e+00   0.000000e+00   0.000000e+00   0.000000e+00   0.000000e+00   0.000000e+00   4.620272e+23   0.000000e+00  -9.246499e+23   0.000000e+00   0.000000e+00   7.479894e+12   7.479894e+12   7.479894e+12  -1.603807e+18   1.315453e+19   0.000000e+00  -9.839455e+31  -1.199629e+31   1.346655e+33   0.000000e+00   0.000000e+00   0.000000e+00   0.000000e+00   0.000000e+00   0.000000e+00   0.000000e+00   0.000000e+00   0.000000e+00   0.000000e+00   0.000000e+00   0.000000e+00   0.000000e+00
             82   3.957120e+07      1.0000000      0.0000000   5.683000e+26   0.000000e+00   5.683000e+26   0.000000e+00   0.000000e+00   0.000000e+00   0.000000e+00   0.000000e+00   0.000000e+00   4.620273e+23   0.000000e+00  -9.246499e+23   0.000000e+00   0.000000e+00   7.479894e+12   7.479894e+12   7.479894e+12  -1.603805e+18   1.315454e+19   0.000000e+00  -9.839455e+31  -1.199626e+31   1.346655e+33   0.000000e+00   0.000000e+00   0.000000e+00   0.000000e+00   0.000000e+00   0.000000e+00   0.000000e+00   0.000000e+00   0.000000e+00   0.000000e+00   0.000000e+00   0.000000e+00   0.000000e+00
             82   3.965760e+07      1.0000000      0.0000000   5.683000e+26   0.000000e+00   5.683000e+26   0.000000e+00   0.000000e+00   0.000000e+00   0.000000e+00   0.000000e+00   0.000000e+00   4.620273e+23   0.000000e+00  -9.246499e+23   0.000000e+00   0.000000e+00   7.479894e+12   7.479894e+12   7.479894e+12  -1.603808e+18   1.315453e+19   0.000000e+00  -9.839450e+31  -1.199631e+31   1.346655e+33   0.000000e+00   0.000000e+00   0.000000e+00   0.000000e+00   0.000000e+00   0.000000e+00   0.000000e+00   0.000000e+00   0.000000e+00   0.000000e+00   0.000000e+00   0.000000e+00   0.000000e+00
             82   3.974400e+07      1.0000000      0.0000000   5.683000e+26   0.000000e+00   5.683000e+26   0.000000e+00   0.000000e+00   0.000000e+00   0.000000e+00   0.000000e+00   0.000000e+00   4.620273e+23   0.000000e+00  -9.246499e+23   0.000000e+00   0.000000e+00   7.479894e+12   7.479894e+12   7.479894e+12  -1.603794e+18   1.315453e+19   0.000000e+00  -9.839450e+31  -1.199622e+31   1.346655e+33   0.000000e+00   0.000000e+00   0.000000e+00   0.000000e+00   0.000000e+00   0.000000e+00   0.000000e+00   0.000000e+00   0.000000e+00   0.000000e+00   0.000000e+00   0.000000e+00   0.000000e+00
             82   3.983040e+07      1.0000000      0.0000000   5.683000e+26   0.000000e+00   5.683000e+26   0.000000e+00   0.000000e+00   0.000000e+00   0.000000e+00   0.000000e+00   0.000000e+00   4.620273e+23   0.000000e+00  -9.246499e+23   0.000000e+00   0.000000e+00   7.479894e+12   7.479894e+12   7.479894e+12  -1.603809e+18   1.315454e+19   0.000000e+00  -9.839456e+31  -1.199630e+31   1.346655e+33   0.000000e+00   0.000000e+00   0.000000e+00   0.000000e+00   0.000000e+00   0.000000e+00   0.000000e+00   0.000000e+00   0.000000e+00   0.000000e+00   0.000000e+00   0.000000e+00   0.000000e+00
             83   3.991680e+07      1.0000000      0.0000000   5.683000e+26   0.000000e+00   5.683000e+26   0.000000e+00   0.000000e+00   0.000000e+00   0.000000e+00   0.000000e+00   0.000000e+00   4.620273e+23   0.000000e+00  -9.246499e+23   0.000000e+00   0.000000e+00   7.479894e+12   7.479894e+12   7.479894e+12  -1.603804e+18   1.315453e+19   0.000000e+00  -9.839448e+31  -1.199628e+31   1.346655e+33   0.000000e+00   0.000000e+00   0.000000e+00   0.000000e+00   0.000000e+00   0.000000e+00   0.000000e+00   0.000000e+00   0.000000e+00   0.000000e+00   0.000000e+00   0.000000e+00   0.000000e+00
             83   4.000320e+07      1.0000000      0.0000000   5.683000e+26   0.000000e+00   5.683000e+26   0.000000e+00   0.000000e+00   0.000000e+00   0.000000e+00   0.000000e+00   0.000000e+00   4.620273e+23   0.000000e+00  -9.246499e+23   0.000000e+00   0.000000e+00   7.479894e+12   7.479894e+12   7.479894e+12  -1.603801e+18   1.315456e+19   0.000000e+00  -9.839461e+31  -1.199631e+31   1.346655e+33   0.000000e+00   0.000000e+00   0.000000e+00   0.000000e+00   0.000000e+00   0.000000e+00   0.000000e+00   0.000000e+00   0.000000e+00   0.000000e+00   0.000000e+00   0.000000e+00   0.000000e+00
             83   4.008960e+07      1.0000000      0.0000000   5.683000e+26   0.000000e+00   5.683000e+26   0.000000e+00   0.000000e+00   0.000000e+00   0.000000e+00   0.000000e+00   0.000000e+00   4.620273e+23   0.000000e+00  -9.246499e+23   0.000000e+00   0.000000e+00   7.479894e+12   7.479894e+12   7.479894e+12  -1.603798e+18   1.315454e+19   0.000000e+00  -9.839451e+31  -1.199623e+31   1.346655e+33   0.000000e+00   0.000000e+00   0.000000e+00   0.000000e+00   0.000000e+00   0.000000e+00   0.000000e+00   0.000000e+00   0.000000e+00   0.000000e+00   0.000000e+00   0.000000e+00   0.000000e+00
             83   4.017600e+07      1.0000000      0.0000000   5.683000e+26   0.000000e+00   5.683000e+26   0.000000e+00   0.000000e+00   0.000000e+00   0.000000e+00   0.000000e+00   0.000000e+00   4.620273e+23   0.000000e+00  -9.246499e+23   0.000000e+00   0.000000e+00   7.479894e+12   7.479894e+12   7.479894e+12  -1.603807e+18   1.315454e+19   0.000000e+00  -9.839456e+31  -1.199633e+31   1.346655e+33   0.000000e+00   0.000000e+00   0.000000e+00   0.000000e+00   0.000000e+00   0.000000e+00   0.000000e+00   0.000000e+00   0.000000e+00   0.000000e+00   0.000000e+00   0.000000e+00   0.000000e+00
             83   4.026240e+07      1.0000000      0.0000000   5.683000e+26   0.000000e+00   5.683000e+26   0.000000e+00   0.000000e+00   0.000000e+00   0.000000e+00   0.000000e+00   0.000000e+00   4.620273e+23   0.000000e+00  -9.246499e+23   0.000000e+00   0.000000e+00   7.479894e+12   7.479894e+12   7.479894e+12  -1.603803e+18   1.315453e+19   0.000000e+00  -9.839447e+31  -1.199623e+31   1.346655e+33   0.000000e+00   0.000000e+00   0.000000e+00   0.000000e+00   0.000000e+00   0.000000e+00   0.000000e+00   0.000000e+00   0.000000e+00   0.000000e+00   0.000000e+00   0.000000e+00   0.000000e+00
             83   4.034880e+07      1.0000000      0.0000000   5.683000e+26   0.000000e+00   5.683000e+26   0.000000e+00   0.000000e+00   0.000000e+00   0.000000e+00   0.000000e+00   0.000000e+00   4.620273e+23   0.000000e+00  -9.246499e+23   0.000000e+00   0.000000e+00   7.479894e+12   7.479894e+12   7.479894e+12  -1.603799e+18   1.315454e+19   0.000000e+00  -9.839454e+31  -1.199623e+31   1.346655e+33   0.000000e+00   0.000000e+00   0.000000e+00   0.000000e+00   0.000000e+00   0.000000e+00   0.000000e+00   0.000000e+00   0.000000e+00   0.000000e+00   0.000000e+00   0.000000e+00   0.000000e+00
             84   4.043520e+07      1.0000000      0.0000000   5.683000e+26   0.000000e+00   5.683000e+26   0.000000e+00   0.000000e+00   0.000000e+00   0.000000e+00   0.000000e+00   0.000000e+00   4.620273e+23   0.000000e+00  -9.246499e+23   0.000000e+00   0.000000e+00   7.479894e+12   7.479894e+12   7.479894e+12  -1.603824e+18   1.315452e+19   0.000000e+00  -9.839431e+31  -1.199644e+31   1.346655e+33   0.000000e+00   0.000000e+00   0.000000e+00   0.000000e+00   0.000000e+00   0.000000e+00   0.000000e+00   0.000000e+00   0.000000e+00   0.000000e+00   0.000000e+00   0.000000e+00   0.000000e+00
             84   4.052160e+07      1.0000000      0.0000000   5.683000e+26   0.000000e+00   5.683000e+26   0.000000e+00   0.000000e+00   0.000000e+00   0.000000e+00   0.000000e+00   0.000000e+00   4.620273e+23   0.000000e+00  -9.246499e+23   0.000000e+00   0.000000e+00   7.479894e+12   7.479894e+12   7.479894e+12  -1.603820e+18   1.315452e+19   0.000000e+00  -9.839436e+31  -1.199641e+31   1.346655e+33   0.000000e+00   0.000000e+00   0.000000e+00   0.000000e+00   0.000000e+00   0.000000e+00   0.000000e+00   0.000000e+00   0.000000e+00   0.000000e+00   0.000000e+00   0.000000e+00   0.000000e+00
             84   4.060800e+07      1.0000000      0.0000000   5.683000e+26   0.000000e+00   5.683000e+26   0.000000e+00   0.000000e+00   0.000000e+00   0.000000e+00   0.000000e+00   0.000000e+00   4.620273e+23   0.000000e+00  -9.246499e+23   0.000000e+00   0.000000e+00   7.479894e+12   7.479894e+12   7.479894e+12  -1.603837e+18   1.315451e+19   0.000000e+00  -9.839435e+31  -1.199650e+31   1.346655e+33   0.000000e+00   0.000000e+00   0.000000e+00   0.000000e+00   0.000000e+00   0.000000e+00   0.000000e+00   0.000000e+00   0.000000e+00   0.000000e+00   0.000000e+00   0.000000e+00   0.000000e+00
             84   4.069440e+07      1.0000000      0.0000000   5.683000e+26   0.000000e+00   5.683000e+26   0.000000e+00   0.000000e+00   0.000000e+00   0.000000e+00   0.000000e+00   0.000000e+00   4.620273e+23   0.000000e+00  -9.246499e+23   0.000000e+00   0.000000e+00   7.479894e+12   7.479894e+12   7.479894e+12  -1.603829e+18   1.315451e+19   0.000000e+00  -9.839438e+31  -1.199645e+31   1.346655e+33   0.000000e+00   0.000000e+00   0.000000e+00   0.000000e+00   0.000000e+00   0.000000e+00   0.000000e+00   0.000000e+00   0.000000e+00   0.000000e+00   0.000000e+00   0.000000e+00   0.000000e+00
             84   4.078080e+07      1.0000000      0.0000000   5.683000e+26   0.000000e+00   5.683000e+26   0.000000e+00   0.000000e+00   0.000000e+00   0.000000e+00   0.000000e+00   0.000000e+00   4.620273e+23   0.000000e+00  -9.246499e+23   0.000000e+00   0.000000e+00   7.479894e+12   7.479894e+12   7.479894e+12  -1.603823e+18   1.315451e+19   0.000000e+00  -9.839436e+31  -1.199632e+31   1.346655e+33   0.000000e+00   0.000000e+00   0.000000e+00   0.000000e+00   0.000000e+00   0.000000e+00   0.000000e+00   0.000000e+00   0.000000e+00   0.000000e+00   0.000000e+00   0.000000e+00   0.000000e+00
             85   4.086720e+07      1.0000000      0.0000000   5.683000e+26   0.000000e+00   5.683000e+26   0.000000e+00   0.000000e+00   0.000000e+00   0.000000e+00   0.000000e+00   0.000000e+00   4.620273e+23   0.000000e+00  -9.246500e+23   0.000000e+00   0.000000e+00   7.479894e+12   7.479894e+12   7.479894e+12  -1.603794e+18   1.315450e+19   0.000000e+00  -9.839431e+31  -1.199618e+31   1.346654e+33   0.000000e+00   0.000000e+00   0.000000e+00   0.000000e+00   0.000000e+00   0.000000e+00   0.000000e+00   0.000000e+00   0.000000e+00   0.000000e+00   0.000000e+00   0.000000e+00   0.000000e+00
             85   4.095360e+07      1.0000000      0.0000000   5.683000e+26   0.000000e+00   5.683000e+26   0.000000e+00   0.000000e+00   0.000000e+00   0.000000e+00   0.000000e+00   0.000000e+00   4.620273e+23   0.000000e+00  -9.246500e+23   0.000000e+00   0.000000e+00   7.479894e+12   7.479894e+12   7.479894e+12  -1.603797e+18   1.315451e+19   0.000000e+00  -9.839429e+31  -1.199624e+31   1.346654e+33   0.000000e+00   0.000000e+00   0.000000e+00   0.000000e+00   0.000000e+00   0.000000e+00   0.000000e+00   0.000000e+00   0.000000e+00   0.000000e+00   0.000000e+00   0.000000e+00   0.000000e+00
             85   4.104000e+07      1.0000000      0.0000000   5.683000e+26   0.000000e+00   5.683000e+26   0.000000e+00   0.000000e+00   0.000000e+00   0.000000e+00   0.000000e+00   0.000000e+00   4.620273e+23   0.000000e+00  -9.246500e+23   0.000000e+00   0.000000e+00   7.479894e+12   7.479894e+12   7.479894e+12  -1.603803e+18   1.315450e+19   0.000000e+00  -9.839426e+31  -1.199623e+31   1.346654e+33   0.000000e+00   0.000000e+00   0.000000e+00   0.000000e+00   0.000000e+00   0.000000e+00   0.000000e+00   0.000000e+00   0.000000e+00   0.000000e+00   0.000000e+00   0.000000e+00   0.000000e+00
             85   4.112640e+07      1.0000000      0.0000000   5.683000e+26   0.000000e+00   5.683000e+26   0.000000e+00   0.000000e+00   0.000000e+00   0.000000e+00   0.000000e+00   0.000000e+00   4.620273e+23   0.000000e+00  -9.246500e+23   0.000000e+00   0.000000e+00   7.479894e+12   7.479894e+12   7.479894e+12  -1.603800e+18   1.315448e+19   0.000000e+00  -9.839421e+31  -1.199624e+31   1.346654e+33   0.000000e+00   0.000000e+00   0.000000e+00   0.000000e+00   0.000000e+00   0.000000e+00   0.000000e+00   0.000000e+00   0.000000e+00   0.000000e+00   0.000000e+00   0.000000e+00   0.000000e+00
             85   4.121280e+07      1.0000000      0.0000000   5.683000e+26   0.000000e+00   5.683000e+26   0.000000e+00   0.000000e+00   0.000000e+00   0.000000e+00   0.000000e+00   0.000000e+00   4.620273e+23   0.000000e+00  -9.246500e+23   0.000000e+00   0.000000e+00   7.479894e+12   7.479894e+12   7.479894e+12  -1.603801e+18   1.315451e+19   0.000000e+00  -9.839435e+31  -1.199627e+31   1.346654e+33   0.000000e+00   0.000000e+00   0.000000e+00   0.000000e+00   0.000000e+00   0.000000e+00   0.000000e+00   0.000000e+00   0.000000e+00   0.000000e+00   0.000000e+00   0.000000e+00   0.000000e+00
             85   4.129920e+07      1.0000000      0.0000000   5.683000e+26   0.000000e+00   5.683000e+26   0.000000e+00   0.000000e+00   0.000000e+00   0.000000e+00   0.000000e+00   0.000000e+00   4.620273e+23   0.000000e+00  -9.246500e+23   0.000000e+00   0.000000e+00   7.479894e+12   7.479894e+12   7.479894e+12  -1.603791e+18   1.315452e+19   0.000000e+00  -9.839439e+31  -1.199619e+31   1.346654e+33   0.000000e+00   0.000000e+00   0.000000e+00   0.000000e+00   0.000000e+00   0.000000e+00   0.000000e+00   0.000000e+00   0.000000e+00   0.000000e+00   0.000000e+00   0.000000e+00   0.000000e+00
             86   4.138560e+07      1.0000000      0.0000000   5.683000e+26   0.000000e+00   5.683000e+26   0.000000e+00   0.000000e+00   0.000000e+00   0.000000e+00   0.000000e+00   0.000000e+00   4.620273e+23   0.000000e+00  -9.246499e+23   0.000000e+00   0.000000e+00   7.479894e+12   7.479894e+12   7.479894e+12  -1.603807e+18   1.315449e+19   0.000000e+00  -9.839419e+31  -1.199630e+31   1.346654e+33   0.000000e+00   0.000000e+00   0.000000e+00   0.000000e+00   0.000000e+00   0.000000e+00   0.000000e+00   0.000000e+00   0.000000e+00   0.000000e+00   0.000000e+00   0.000000e+00   0.000000e+00
             86   4.147200e+07      1.0000000      0.0000000   5.683000e+26   0.000000e+00   5.683000e+26   0.000000e+00   0.000000e+00   0.000000e+00   0.000000e+00   0.000000e+00   0.000000e+00   4.620273e+23   0.000000e+00  -9.246499e+23   0.000000e+00   0.000000e+00   7.479894e+12   7.479894e+12   7.479894e+12  -1.603812e+18   1.315448e+19   0.000000e+00  -9.839415e+31  -1.199625e+31   1.346654e+33   0.000000e+00   0.000000e+00   0.000000e+00   0.000000e+00   0.000000e+00   0.000000e+00   0.000000e+00   0.000000e+00   0.000000e+00   0.000000e+00   0.000000e+00   0.000000e+00   0.000000e+00
             86   4.155840e+07      1.0000000      0.0000000   5.683000e+26   0.000000e+00   5.683000e+26   0.000000e+00   0.000000e+00   0.000000e+00   0.000000e+00   0.000000e+00   0.000000e+00   4.620273e+23   0.000000e+00  -9.246499e+23   0.000000e+00   0.000000e+00   7.479894e+12   7.479894e+12   7.479894e+12  -1.603801e+18   1.315449e+19   0.000000e+00  -9.839413e+31  -1.199626e+31   1.346654e+33   0.000000e+00   0.000000e+00   0.000000e+00   0.000000e+00   0.000000e+00   0.000000e+00   0.000000e+00   0.000000e+00   0.000000e+00   0.000000e+00   0.000000e+00   0.000000e+00   0.000000e+00
             86   4.164480e+07      1.0000000      0.0000000   5.683000e+26   0.000000e+00   5.683000e+26   0.000000e+00   0.000000e+00   0.000000e+00   0.000000e+00   0.000000e+00   0.000000e+00   4.620273e+23   0.000000e+00  -9.246499e+23   0.000000e+00   0.000000e+00   7.479894e+12   7.479894e+12   7.479894e+12  -1.603793e+18   1.315450e+19   0.000000e+00  -9.839421e+31  -1.199620e+31   1.346654e+33   0.000000e+00   0.000000e+00   0.000000e+00   0.000000e+00   0.000000e+00   0.000000e+00   0.000000e+00   0.000000e+00   0.000000e+00   0.000000e+00   0.000000e+00   0.000000e+00   0.000000e+00
             86   4.173120e+07      1.0000000      0.0000000   5.683000e+26   0.000000e+00   5.683000e+26   0.000000e+00   0.000000e+00   0.000000e+00   0.000000e+00   0.000000e+00   0.000000e+00   4.620273e+23   0.000000e+00  -9.246499e+23   0.000000e+00   0.000000e+00   7.479894e+12   7.479894e+12   7.479894e+12  -1.603807e+18   1.315448e+19   0.000000e+00  -9.839415e+31  -1.199628e+31   1.346654e+33   0.000000e+00   0.000000e+00   0.000000e+00   0.000000e+00   0.000000e+00   0.000000e+00   0.000000e+00   0.000000e+00   0.000000e+00   0.000000e+00   0.000000e+00   0.000000e+00   0.000000e+00
             86   4.181760e+07      1.0000000      0.0000000   5.683000e+26   0.000000e+00   5.683000e+26   0.000000e+00   0.000000e+00   0.000000e+00   0.000000e+00   0.000000e+00   0.000000e+00   4.620273e+23   0.000000e+00  -9.246499e+23   0.000000e+00   0.000000e+00   7.479894e+12   7.479894e+12   7.479894e+12  -1.603806e+18   1.315450e+19   0.000000e+00  -9.839427e+31  -1.199625e+31   1.346654e+33   0.000000e+00   0.000000e+00   0.000000e+00   0.000000e+00   0.000000e+00   0.000000e+00   0.000000e+00   0.000000e+00   0.000000e+00   0.000000e+00   0.000000e+00   0.000000e+00   0.000000e+00
             87   4.190400e+07      1.0000000      0.0000000   5.683000e+26   0.000000e+00   5.683000e+26   0.000000e+00   0.000000e+00   0.000000e+00   0.000000e+00   0.000000e+00   0.000000e+00   4.620273e+23   0.000000e+00  -9.246499e+23   0.000000e+00   0.000000e+00   7.479894e+12   7.479894e+12   7.479894e+12  -1.603819e+18   1.315447e+19   0.000000e+00  -9.839405e+31  -1.199636e+31   1.346654e+33   0.000000e+00   0.000000e+00   0.000000e+00   0.000000e+00   0.000000e+00   0.000000e+00   0.000000e+00   0.000000e+00   0.000000e+00   0.000000e+00   0.000000e+00   0.000000e+00   0.000000e+00
             87   4.199040e+07      1.0000000      0.0000000   5.683000e+26   0.000000e+00   5.683000e+26   0.000000e+00   0.000000e+00   0.000000e+00   0.000000e+00   0.000000e+00   0.000000e+00   4.620273e+23   0.000000e+00  -9.246499e+23   0.000000e+00   0.000000e+00   7.479894e+12   7.479894e+12   7.479894e+12  -1.603808e+18   1.315448e+19   0.000000e+00  -9.839409e+31  -1.199633e+31   1.346654e+33   0.000000e+00   0.000000e+00   0.000000e+00   0.000000e+00   0.000000e+00   0.000000e+00   0.000000e+00   0.000000e+00   0.000000e+00   0.000000e+00   0.000000e+00   0.000000e+00   0.000000e+00
             87   4.207680e+07      1.0000000      0.0000000   5.683000e+26   0.000000e+00   5.683000e+26   0.000000e+00   0.000000e+00   0.000000e+00   0.000000e+00   0.000000e+00   0.000000e+00   4.620273e+23   0.000000e+00  -9.246499e+23   0.000000e+00   0.000000e+00   7.479894e+12   7.479894e+12   7.479894e+12  -1.603802e+18   1.315447e+19   0.000000e+00  -9.839412e+31  -1.199627e+31   1.346654e+33   0.000000e+00   0.000000e+00   0.000000e+00   0.000000e+00   0.000000e+00   0.000000e+00   0.000000e+00   0.000000e+00   0.000000e+00   0.000000e+00   0.000000e+00   0.000000e+00   0.000000e+00
             87   4.216320e+07      1.0000000      0.0000000   5.683000e+26   0.000000e+00   5.683000e+26   0.000000e+00   0.000000e+00   0.000000e+00   0.000000e+00   0.000000e+00   0.000000e+00   4.620273e+23   0.000000e+00  -9.246499e+23   0.000000e+00   0.000000e+00   7.479894e+12   7.479894e+12   7.479894e+12  -1.603807e+18   1.315446e+19   0.000000e+00  -9.839402e+31  -1.199632e+31   1.346654e+33   0.000000e+00   0.000000e+00   0.000000e+00   0.000000e+00   0.000000e+00   0.000000e+00   0.000000e+00   0.000000e+00   0.000000e+00   0.000000e+00   0.000000e+00   0.000000e+00   0.000000e+00
             87   4.224960e+07      1.0000000      0.0000000   5.683000e+26   0.000000e+00   5.683000e+26   0.000000e+00   0.000000e+00   0.000000e+00   0.000000e+00   0.000000e+00   0.000000e+00   4.620273e+23   0.000000e+00  -9.246499e+23   0.000000e+00   0.000000e+00   7.479894e+12   7.479894e+12   7.479894e+12  -1.603806e+18   1.315448e+19   0.000000e+00  -9.839415e+31  -1.199632e+31   1.346654e+33   0.000000e+00   0.000000e+00   0.000000e+00   0.000000e+00   0.000000e+00   0.000000e+00   0.000000e+00   0.000000e+00   0.000000e+00   0.000000e+00   0.000000e+00   0.000000e+00   0.000000e+00
             88   4.233600e+07      1.0000000      0.0000000   5.683000e+26   0.000000e+00   5.683000e+26   0.000000e+00   0.000000e+00   0.000000e+00   0.000000e+00   0.000000e+00   0.000000e+00   4.620273e+23   0.000000e+00  -9.246500e+23   0.000000e+00   0.000000e+00   7.479894e+12   7.479894e+12   7.479894e+12  -1.603791e+18   1.315448e+19   0.000000e+00  -9.839406e+31  -1.199618e+31   1.346654e+33   0.000000e+00   0.000000e+00   0.000000e+00   0.000000e+00   0.000000e+00   0.000000e+00   0.000000e+00   0.000000e+00   0.000000e+00   0.000000e+00   0.000000e+00   0.000000e+00   0.000000e+00
             88   4.242240e+07      1.0000000      0.0000000   5.683000e+26   0.000000e+00   5.683000e+26   0.000000e+00   0.000000e+00   0.000000e+00   0.000000e+00   0.000000e+00   0.000000e+00   4.620273e+23   0.000000e+00  -9.246500e+23   0.000000e+00   0.000000e+00   7.479894e+12   7.479894e+12   7.479894e+12  -1.603802e+18   1.315447e+19   0.000000e+00  -9.839401e+31  -1.199629e+31   1.346654e+33   0.000000e+00   0.000000e+00   0.000000e+00   0.000000e+00   0.000000e+00   0.000000e+00   0.000000e+00   0.000000e+00   0.000000e+00   0.000000e+00   0.000000e+00   0.000000e+00   0.000000e+00
             88   4.250880e+07      1.0000000      0.0000000   5.683000e+26   0.000000e+00   5.683000e+26   0.000000e+00   0.000000e+00   0.000000e+00   0.000000e+00   0.000000e+00   0.000000e+00   4.620273e+23   0.000000e+00  -9.246500e+23   0.000000e+00   0.000000e+00   7.479894e+12   7.479894e+12   7.479894e+12  -1.603797e+18   1.315446e+19   0.000000e+00  -9.839400e+31  -1.199624e+31   1.346654e+33   0.000000e+00   0.000000e+00   0.000000e+00   0.000000e+00   0.000000e+00   0.000000e+00   0.000000e+00   0.000000e+00   0.000000e+00   0.000000e+00   0.000000e+00   0.000000e+00   0.000000e+00
             88   4.259520e+07      1.0000000      0.0000000   5.683000e+26   0.000000e+00   5.683000e+26   0.000000e+00   0.000000e+00   0.000000e+00   0.000000e+00   0.000000e+00   0.000000e+00   4.620273e+23   0.000000e+00  -9.246500e+23   0.000000e+00   0.000000e+00   7.479894e+12   7.479894e+12   7.479894e+12  -1.603802e+18   1.315446e+19   0.000000e+00  -9.839399e+31  -1.199625e+31   1.346654e+33   0.000000e+00   0.000000e+00   0.000000e+00   0.000000e+00   0.000000e+00   0.000000e+00   0.000000e+00   0.000000e+00   0.000000e+00   0.000000e+00   0.000000e+00   0.000000e+00   0.000000e+00
             88   4.268160e+07      1.0000000      0.0000000   5.683000e+26   0.000000e+00   5.683000e+26   0.000000e+00   0.000000e+00   0.000000e+00   0.000000e+00   0.000000e+00   0.000000e+00   4.620273e+23   0.000000e+00  -9.246500e+23   0.000000e+00   0.000000e+00   7.479894e+12   7.479894e+12   7.479894e+12  -1.603808e+18   1.315447e+19   0.000000e+00  -9.839399e+31  -1.199626e+31   1.346654e+33   0.000000e+00   0.000000e+00   0.000000e+00   0.000000e+00   0.000000e+00   0.000000e+00   0.000000e+00   0.000000e+00   0.000000e+00   0.000000e+00   0.000000e+00   0.000000e+00   0.000000e+00
             88   4.276800e+07      1.0000000      0.0000000   5.683000e+26   0.000000e+00   5.683000e+26   0.000000e+00   0.000000e+00   0.000000e+00   0.000000e+00   0.000000e+00   0.000000e+00   4.620273e+23   0.000000e+00  -9.246500e+23   0.000000e+00   0.000000e+00   7.479894e+12   7.479894e+12   7.479894e+12  -1.603797e+18   1.315446e+19   0.000000e+00  -9.839398e+31  -1.199622e+31   1.346654e+33   0.000000e+00   0.000000e+00   0.000000e+00   0.000000e+00   0.000000e+00   0.000000e+00   0.000000e+00   0.000000e+00   0.000000e+00   0.000000e+00   0.000000e+00   0.000000e+00   0.000000e+00
             89   4.285440e+07      1.0000000      0.0000000   5.683000e+26   0.000000e+00   5.683000e+26   0.000000e+00   0.000000e+00   0.000000e+00   0.000000e+00   0.000000e+00   0.000000e+00   4.620273e+23   0.000000e+00  -9.246499e+23   0.000000e+00   0.000000e+00   7.479894e+12   7.479894e+12   7.479894e+12  -1.603801e+18   1.315447e+19   0.000000e+00  -9.839402e+31  -1.199626e+31   1.346654e+33   0.000000e+00   0.000000e+00   0.000000e+00   0.000000e+00   0.000000e+00   0.000000e+00   0.000000e+00   0.000000e+00   0.000000e+00   0.000000e+00   0.000000e+00   0.000000e+00   0.000000e+00
             89   4.294080e+07      1.0000000      0.0000000   5.683000e+26   0.000000e+00   5.683000e+26   0.000000e+00   0.000000e+00   0.000000e+00   0.000000e+00   0.000000e+00   0.000000e+00   4.620273e+23   0.000000e+00  -9.246499e+23   0.000000e+00   0.000000e+00   7.479894e+12   7.479894e+12   7.479894e+12  -1.603817e+18   1.315446e+19   0.000000e+00  -9.839395e+31  -1.199642e+31   1.346654e+33   0.000000e+00   0.000000e+00   0.000000e+00   0.000000e+00   0.000000e+00   0.000000e+00   0.000000e+00   0.000000e+00   0.000000e+00   0.000000e+00   0.000000e+00   0.000000e+00   0.000000e+00
             89   4.302720e+07      1.0000000      0.0000000   5.683000e+26   0.000000e+00   5.683000e+26   0.000000e+00   0.000000e+00   0.000000e+00   0.000000e+00   0.000000e+00   0.000000e+00   4.620273e+23   0.000000e+00  -9.246499e+23   0.000000e+00   0.000000e+00   7.479894e+12   7.479894e+12   7.479894e+12  -1.603801e+18   1.315447e+19   0.000000e+00  -9.839401e+31  -1.199627e+31   1.346654e+33   0.000000e+00   0.000000e+00   0.000000e+00   0.000000e+00   0.000000e+00   0.000000e+00   0.000000e+00   0.000000e+00   0.000000e+00   0.000000e+00   0.000000e+00   0.000000e+00   0.000000e+00
             89   4.311360e+07      1.0000000      0.0000000   5.683000e+26   0.000000e+00   5.683000e+26   0.000000e+00   0.000000e+00   0.000000e+00   0.000000e+00   0.000000e+00   0.000000e+00   4.620273e+23   0.000000e+00  -9.246499e+23   0.000000e+00   0.000000e+00   7.479894e+12   7.479894e+12   7.479894e+12  -1.603805e+18   1.315446e+19   0.000000e+00  -9.839404e+31  -1.199632e+31   1.346654e+33   0.000000e+00   0.000000e+00   0.000000e+00   0.000000e+00   0.000000e+00   0.000000e+00   0.000000e+00   0.000000e+00   0.000000e+00   0.000000e+00   0.000000e+00   0.000000e+00   0.000000e+00
             89   4.320000e+07      1.0000000      0.0000000   5.683000e+26   0.000000e+00   5.683000e+26   0.000000e+00   0.000000e+00   0.000000e+00   0.000000e+00   0.000000e+00   0.000000e+00   4.620273e+23   0.000000e+00  -9.246499e+23   0.000000e+00   0.000000e+00   7.479894e+12   7.479894e+12   7.479894e+12  -1.603807e+18   1.315447e+19   0.000000e+00  -9.839401e+31  -1.199631e+31   1.346654e+33   0.000000e+00   0.000000e+00   0.000000e+00   0.000000e+00   0.000000e+00   0.000000e+00   0.000000e+00   0.000000e+00   0.000000e+00   0.000000e+00   0.000000e+00   0.000000e+00   0.000000e+00
             90   4.328640e+07      1.0000000      0.0000000   5.683000e+26   0.000000e+00   5.683000e+26   0.000000e+00   0.000000e+00   0.000000e+00   0.000000e+00   0.000000e+00   0.000000e+00   4.620273e+23   0.000000e+00  -9.246499e+23   0.000000e+00   0.000000e+00   7.479894e+12   7.479894e+12   7.479894e+12  -1.603799e+18   1.315448e+19   0.000000e+00  -9.839416e+31  -1.199629e+31   1.346654e+33   0.000000e+00   0.000000e+00   0.000000e+00   0.000000e+00   0.000000e+00   0.000000e+00   0.000000e+00   0.000000e+00   0.000000e+00   0.000000e+00   0.000000e+00   0.000000e+00   0.000000e+00
             90   4.337280e+07      1.0000000      0.0000000   5.683000e+26   0.000000e+00   5.683000e+26   0.000000e+00   0.000000e+00   0.000000e+00   0.000000e+00   0.000000e+00   0.000000e+00   4.620273e+23   0.000000e+00  -9.246499e+23   0.000000e+00   0.000000e+00   7.479894e+12   7.479894e+12   7.479894e+12  -1.603812e+18   1.315448e+19   0.000000e+00  -9.839417e+31  -1.199628e+31   1.346654e+33   0.000000e+00   0.000000e+00   0.000000e+00   0.000000e+00   0.000000e+00   0.000000e+00   0.000000e+00   0.000000e+00   0.000000e+00   0.000000e+00   0.000000e+00   0.000000e+00   0.000000e+00
             90   4.345920e+07      1.0000000      0.0000000   5.683000e+26   0.000000e+00   5.683000e+26   0.000000e+00   0.000000e+00   0.000000e+00   0.000000e+00   0.000000e+00   0.000000e+00   4.620273e+23   0.000000e+00  -9.246499e+23   0.000000e+00   0.000000e+00   7.479894e+12   7.479894e+12   7.479894e+12  -1.603788e+18   1.315448e+19   0.000000e+00  -9.839415e+31  -1.199618e+31   1.346654e+33   0.000000e+00   0.000000e+00   0.000000e+00   0.000000e+00   0.000000e+00   0.000000e+00   0.000000e+00   0.000000e+00   0.000000e+00   0.000000e+00   0.000000e+00   0.000000e+00   0.000000e+00
             90   4.354560e+07      1.0000000      0.0000000   5.683000e+26   0.000000e+00   5.683000e+26   0.000000e+00   0.000000e+00   0.000000e+00   0.000000e+00   0.000000e+00   0.000000e+00   4.620273e+23   0.000000e+00  -9.246499e+23   0.000000e+00   0.000000e+00   7.479894e+12   7.479894e+12   7.479894e+12  -1.603808e+18   1.315449e+19   0.000000e+00  -9.839413e+31  -1.199632e+31   1.346654e+33   0.000000e+00   0.000000e+00   0.000000e+00   0.000000e+00   0.000000e+00   0.000000e+00   0.000000e+00   0.000000e+00   0.000000e+00   0.000000e+00   0.000000e+00   0.000000e+00   0.000000e+00
             90   4.363200e+07      1.0000000      0.0000000   5.683000e+26   0.000000e+00   5.683000e+26   0.000000e+00   0.000000e+00   0.000000e+00   0.000000e+00   0.000000e+00   0.000000e+00   4.620273e+23   0.000000e+00  -9.246499e+23   0.000000e+00   0.000000e+00   7.479894e+12   7.479894e+12   7.479894e+12  -1.603787e+18   1.315449e+19   0.000000e+00  -9.839419e+31  -1.199621e+31   1.346654e+33   0.000000e+00   0.000000e+00   0.000000e+00   0.000000e+00   0.000000e+00   0.000000e+00   0.000000e+00   0.000000e+00   0.000000e+00   0.000000e+00   0.000000e+00   0.000000e+00   0.000000e+00
             90   4.371840e+07      1.0000000      0.0000000   5.683000e+26   0.000000e+00   5.683000e+26   0.000000e+00   0.000000e+00   0.000000e+00   0.000000e+00   0.000000e+00   0.000000e+00   4.620273e+23   0.000000e+00  -9.246499e+23   0.000000e+00   0.000000e+00   7.479894e+12   7.479894e+12   7.479894e+12  -1.603787e+18   1.315449e+19   0.000000e+00  -9.839419e+31  -1.199618e+31   1.346654e+33   0.000000e+00   0.000000e+00   0.000000e+00   0.000000e+00   0.000000e+00   0.000000e+00   0.000000e+00   0.000000e+00   0.000000e+00   0.000000e+00   0.000000e+00   0.000000e+00   0.000000e+00
             91   4.380480e+07      1.0000000      0.0000000   5.683000e+26   0.000000e+00   5.683000e+26   0.000000e+00   0.000000e+00   0.000000e+00   0.000000e+00   0.000000e+00   0.000000e+00   4.620273e+23   0.000000e+00  -9.246500e+23   0.000000e+00   0.000000e+00   7.479894e+12   7.479894e+12   7.479894e+12  -1.603826e+18   1.315448e+19   0.000000e+00  -9.839414e+31  -1.199641e+31   1.346654e+33   0.000000e+00   0.000000e+00   0.000000e+00   0.000000e+00   0.000000e+00   0.000000e+00   0.000000e+00   0.000000e+00   0.000000e+00   0.000000e+00   0.000000e+00   0.000000e+00   0.000000e+00
             91   4.389120e+07      1.0000000      0.0000000   5.683000e+26   0.000000e+00   5.683000e+26   0.000000e+00   0.000000e+00   0.000000e+00   0.000000e+00   0.000000e+00   0.000000e+00   4.620273e+23   0.000000e+00  -9.246500e+23   0.000000e+00   0.000000e+00   7.479894e+12   7.479894e+12   7.479894e+12  -1.603815e+18   1.315448e+19   0.000000e+00  -9.839415e+31  -1.199635e+31   1.346654e+33   0.000000e+00   0.000000e+00   0.000000e+00   0.000000e+00   0.000000e+00   0.000000e+00   0.000000e+00   0.000000e+00   0.000000e+00   0.000000e+00   0.000000e+00   0.000000e+00   0.000000e+00
             91   4.397760e+07      1.0000000      0.0000000   5.683000e+26   0.000000e+00   5.683000e+26   0.000000e+00   0.000000e+00   0.000000e+00   0.000000e+00   0.000000e+00   0.000000e+00   4.620273e+23   0.000000e+00  -9.246500e+23   0.000000e+00   0.000000e+00   7.479894e+12   7.479894e+12   7.479894e+12  -1.603812e+18   1.315449e+19   0.000000e+00  -9.839413e+31  -1.199627e+31   1.346654e+33   0.000000e+00   0.000000e+00   0.000000e+00   0.000000e+00   0.000000e+00   0.000000e+00   0.000000e+00   0.000000e+00   0.000000e+00   0.000000e+00   0.000000e+00   0.000000e+00   0.000000e+00
             91   4.406400e+07      1.0000000      0.0000000   5.683000e+26   0.000000e+00   5.683000e+26   0.000000e+00   0.000000e+00   0.000000e+00   0.000000e+00   0.000000e+00   0.000000e+00   4.620273e+23   0.000000e+00  -9.246500e+23   0.000000e+00   0.000000e+00   7.479894e+12   7.479894e+12   7.479894e+12  -1.603830e+18   1.315449e+19   0.000000e+00  -9.839417e+31  -1.199645e+31   1.346654e+33   0.000000e+00   0.000000e+00   0.000000e+00   0.000000e+00   0.000000e+00   0.000000e+00   0.000000e+00   0.000000e+00   0.000000e+00   0.000000e+00   0.000000e+00   0.000000e+00   0.000000e+00
             91   4.415040e+07      1.0000000      0.0000000   5.683000e+26   0.000000e+00   5.683000e+26   0.000000e+00   0.000000e+00   0.000000e+00   0.000000e+00   0.000000e+00   0.000000e+00   4.620273e+23   0.000000e+00  -9.246500e+23   0.000000e+00   0.000000e+00   7.479894e+12   7.479894e+12   7.479894e+12  -1.603796e+18   1.315449e+19   0.000000e+00  -9.839412e+31  -1.199630e+31   1.346654e+33   0.000000e+00   0.000000e+00   0.000000e+00   0.000000e+00   0.000000e+00   0.000000e+00   0.000000e+00   0.000000e+00   0.000000e+00   0.000000e+00   0.000000e+00   0.000000e+00   0.000000e+00
             92   4.423680e+07      1.0000000      0.0000000   5.683000e+26   0.000000e+00   5.683000e+26   0.000000e+00   0.000000e+00   0.000000e+00   0.000000e+00   0.000000e+00   0.000000e+00   4.620273e+23   0.000000e+00  -9.246499e+23   0.000000e+00   0.000000e+00   7.479894e+12   7.479894e+12   7.479894e+12  -1.603815e+18   1.315447e+19   0.000000e+00  -9.839413e+31  -1.199641e+31   1.346654e+33   0.000000e+00   0.000000e+00   0.000000e+00   0.000000e+00   0.000000e+00   0.000000e+00   0.000000e+00   0.000000e+00   0.000000e+00   0.000000e+00   0.000000e+00   0.000000e+00   0.000000e+00
             92   4.432320e+07      1.0000000      0.0000000   5.683000e+26   0.000000e+00   5.683000e+26   0.000000e+00   0.000000e+00   0.000000e+00   0.000000e+00   0.000000e+00   0.000000e+00   4.620273e+23   0.000000e+00  -9.246499e+23   0.000000e+00   0.000000e+00   7.479894e+12   7.479894e+12   7.479894e+12  -1.603822e+18   1.315450e+19   0.000000e+00  -9.839425e+31  -1.199636e+31   1.346654e+33   0.000000e+00   0.000000e+00   0.000000e+00   0.000000e+00   0.000000e+00   0.000000e+00   0.000000e+00   0.000000e+00   0.000000e+00   0.000000e+00   0.000000e+00   0.000000e+00   0.000000e+00
             92   4.440960e+07      1.0000000      0.0000000   5.683000e+26   0.000000e+00   5.683000e+26   0.000000e+00   0.000000e+00   0.000000e+00   0.000000e+00   0.000000e+00   0.000000e+00   4.620273e+23   0.000000e+00  -9.246499e+23   0.000000e+00   0.000000e+00   7.479894e+12   7.479894e+12   7.479894e+12  -1.603820e+18   1.315450e+19   0.000000e+00  -9.839425e+31  -1.199637e+31   1.346654e+33   0.000000e+00   0.000000e+00   0.000000e+00   0.000000e+00   0.000000e+00   0.000000e+00   0.000000e+00   0.000000e+00   0.000000e+00   0.000000e+00   0.000000e+00   0.000000e+00   0.000000e+00
             92   4.449600e+07      1.0000000      0.0000000   5.683000e+26   0.000000e+00   5.683000e+26   0.000000e+00   0.000000e+00   0.000000e+00   0.000000e+00   0.000000e+00   0.000000e+00   4.620273e+23   0.000000e+00  -9.246499e+23   0.000000e+00   0.000000e+00   7.479894e+12   7.479894e+12   7.479894e+12  -1.603807e+18   1.315448e+19   0.000000e+00  -9.839412e+31  -1.199633e+31   1.346654e+33   0.000000e+00   0.000000e+00   0.000000e+00   0.000000e+00   0.000000e+00   0.000000e+00   0.000000e+00   0.000000e+00   0.000000e+00   0.000000e+00   0.000000e+00   0.000000e+00   0.000000e+00
             92   4.458240e+07      1.0000000      0.0000000   5.683000e+26   0.000000e+00   5.683000e+26   0.000000e+00   0.000000e+00   0.000000e+00   0.000000e+00   0.000000e+00   0.000000e+00   4.620274e+23   0.000000e+00  -9.246499e+23   0.000000e+00   0.000000e+00   7.479894e+12   7.479894e+12   7.479894e+12  -1.603822e+18   1.315449e+19   0.000000e+00  -9.839414e+31  -1.199643e+31   1.346654e+33   0.000000e+00   0.000000e+00   0.000000e+00   0.000000e+00   0.000000e+00   0.000000e+00   0.000000e+00   0.000000e+00   0.000000e+00   0.000000e+00   0.000000e+00   0.000000e+00   0.000000e+00
             92   4.466880e+07      1.0000000      0.0000000   5.683000e+26   0.000000e+00   5.683000e+26   0.000000e+00   0.000000e+00   0.000000e+00   0.000000e+00   0.000000e+00   0.000000e+00   4.620274e+23   0.000000e+00  -9.246499e+23   0.000000e+00   0.000000e+00   7.479894e+12   7.479894e+12   7.479894e+12  -1.603799e+18   1.315449e+19   0.000000e+00  -9.839419e+31  -1.199632e+31   1.346654e+33   0.000000e+00   0.000000e+00   0.000000e+00   0.000000e+00   0.000000e+00   0.000000e+00   0.000000e+00   0.000000e+00   0.000000e+00   0.000000e+00   0.000000e+00   0.000000e+00   0.000000e+00
             93   4.475520e+07      1.0000000      0.0000000   5.683000e+26   0.000000e+00   5.683000e+26   0.000000e+00   0.000000e+00   0.000000e+00   0.000000e+00   0.000000e+00   0.000000e+00   4.620273e+23   0.000000e+00  -9.246500e+23   0.000000e+00   0.000000e+00   7.479894e+12   7.479894e+12   7.479894e+12  -1.603816e+18   1.315447e+19   0.000000e+00  -9.839411e+31  -1.199638e+31   1.346654e+33   0.000000e+00   0.000000e+00   0.000000e+00   0.000000e+00   0.000000e+00   0.000000e+00   0.000000e+00   0.000000e+00   0.000000e+00   0.000000e+00   0.000000e+00   0.000000e+00   0.000000e+00
             93   4.484160e+07      1.0000000      0.0000000   5.683000e+26   0.000000e+00   5.683000e+26   0.000000e+00   0.000000e+00   0.000000e+00   0.000000e+00   0.000000e+00   0.000000e+00   4.620273e+23   0.000000e+00  -9.246500e+23   0.000000e+00   0.000000e+00   7.479894e+12   7.479894e+12   7.479894e+12  -1.603833e+18   1.315448e+19   0.000000e+00  -9.839412e+31  -1.199644e+31   1.346654e+33   0.000000e+00   0.000000e+00   0.000000e+00   0.000000e+00   0.000000e+00   0.000000e+00   0.000000e+00   0.000000e+00   0.000000e+00   0.000000e+00   0.000000e+00   0.000000e+00   0.000000e+00
             93   4.492800e+07      1.0000000      0.0000000   5.683000e+26   0.000000e+00   5.683000e+26   0.000000e+00   0.000000e+00   0.000000e+00   0.000000e+00   0.000000e+00   0.000000e+00   4.620273e+23   0.000000e+00  -9.246500e+23   0.000000e+00   0.000000e+00   7.479894e+12   7.479894e+12   7.479894e+12  -1.603823e+18   1.315448e+19   0.000000e+00  -9.839411e+31  -1.199642e+31   1.346654e+33   0.000000e+00   0.000000e+00   0.000000e+00   0.000000e+00   0.000000e+00   0.000000e+00   0.000000e+00   0.000000e+00   0.000000e+00   0.000000e+00   0.000000e+00   0.000000e+00   0.000000e+00
             93   4.501440e+07      1.0000000      0.0000000   5.683000e+26   0.000000e+00   5.683000e+26   0.000000e+00   0.000000e+00   0.000000e+00   0.000000e+00   0.000000e+00   0.000000e+00   4.620274e+23   0.000000e+00  -9.246500e+23   0.000000e+00   0.000000e+00   7.479894e+12   7.479894e+12   7.479894e+12  -1.603818e+18   1.315447e+19   0.000000e+00  -9.839409e+31  -1.199635e+31   1.346654e+33   0.000000e+00   0.000000e+00   0.000000e+00   0.000000e+00   0.000000e+00   0.000000e+00   0.000000e+00   0.000000e+00   0.000000e+00   0.000000e+00   0.000000e+00   0.000000e+00   0.000000e+00
             93   4.510080e+07      1.0000000      0.0000000   5.683000e+26   0.000000e+00   5.683000e+26   0.000000e+00   0.000000e+00   0.000000e+00   0.000000e+00   0.000000e+00   0.000000e+00   4.620274e+23   0.000000e+00  -9.246500e+23   0.000000e+00   0.000000e+00   7.479894e+12   7.479894e+12   7.479894e+12  -1.603814e+18   1.315449e+19   0.000000e+00  -9.839415e+31  -1.199635e+31   1.346654e+33   0.000000e+00   0.000000e+00   0.000000e+00   0.000000e+00   0.000000e+00   0.000000e+00   0.000000e+00   0.000000e+00   0.000000e+00   0.000000e+00   0.000000e+00   0.000000e+00   0.000000e+00
             93   4.518720e+07      1.0000000      0.0000000   5.683000e+26   0.000000e+00   5.683000e+26   0.000000e+00   0.000000e+00   0.000000e+00   0.000000e+00   0.000000e+00   0.000000e+00   4.620274e+23   0.000000e+00  -9.246500e+23   0.000000e+00   0.000000e+00   7.479894e+12   7.479894e+12   7.479894e+12  -1.603823e+18   1.315448e+19   0.000000e+00  -9.839410e+31  -1.199640e+31   1.346654e+33   0.000000e+00   0.000000e+00   0.000000e+00   0.000000e+00   0.000000e+00   0.000000e+00   0.000000e+00   0.000000e+00   0.000000e+00   0.000000e+00   0.000000e+00   0.000000e+00   0.000000e+00
             94   4.527360e+07      1.0000000      0.0000000   5.683000e+26   0.000000e+00   5.683000e+26   0.000000e+00   0.000000e+00   0.000000e+00   0.000000e+00   0.000000e+00   0.000000e+00   4.620273e+23   0.000000e+00  -9.246500e+23   0.000000e+00   0.000000e+00   7.479894e+12   7.479894e+12   7.479894e+12  -1.603806e+18   1.315445e+19   0.000000e+00  -9.839396e+31  -1.199628e+31   1.346654e+33   0.000000e+00   0.000000e+00   0.000000e+00   0.000000e+00   0.000000e+00   0.000000e+00   0.000000e+00   0.000000e+00   0.000000e+00   0.000000e+00   0.000000e+00   0.000000e+00   0.000000e+00
             94   4.536000e+07      1.0000000      0.0000000   5.683000e+26   0.000000e+00   5.683000e+26   0.000000e+00   0.000000e+00   0.000000e+00   0.000000e+00   0.000000e+00   0.000000e+00   4.620273e+23   0.000000e+00  -9.246500e+23   0.000000e+00   0.000000e+00   7.479894e+12   7.479894e+12   7.479894e+12  -1.603810e+18   1.315447e+19   0.000000e+00  -9.839404e+31  -1.199633e+31   1.346654e+33   0.000000e+00   0.000000e+00   0.000000e+00   0.000000e+00   0.000000e+00   0.000000e+00   0.000000e+00   0.000000e+00   0.000000e+00   0.000000e+00   0.000000e+00   0.000000e+00   0.000000e+00
             94   4.544640e+07      1.0000000      0.0000000   5.683000e+26   0.000000e+00   5.683000e+26   0.000000e+00   0.000000e+00   0.000000e+00   0.000000e+00   0.000000e+00   0.000000e+00   4.620273e+23   0.000000e+00  -9.246500e+23   0.000000e+00   0.000000e+00   7.479894e+12   7.479894e+12   7.479894e+12  -1.603806e+18   1.315446e+19   0.000000e+00  -9.839398e+31  -1.199631e+31   1.346654e+33   0.000000e+00   0.000000e+00   0.000000e+00   0.000000e+00   0.000000e+00   0.000000e+00   0.000000e+00   0.000000e+00   0.000000e+00   0.000000e+00   0.000000e+00   0.000000e+00   0.000000e+00
             94   4.553280e+07      1.0000000      0.0000000   5.683000e+26   0.000000e+00   5.683000e+26   0.000000e+00   0.000000e+00   0.000000e+00   0.000000e+00   0.000000e+00   0.000000e+00   4.620274e+23   0.000000e+00  -9.246500e+23   0.000000e+00   0.000000e+00   7.479894e+12   7.479894e+12   7.479894e+12  -1.603810e+18   1.315447e+19   0.000000e+00  -9.839399e+31  -1.199635e+31   1.346654e+33   0.000000e+00   0.000000e+00   0.000000e+00   0.000000e+00   0.000000e+00   0.000000e+00   0.000000e+00   0.000000e+00   0.000000e+00   0.000000e+00   0.000000e+00   0.000000e+00   0.000000e+00
             94   4.561920e+07      1.0000000      0.0000000   5.683000e+26   0.000000e+00   5.683000e+26   0.000000e+00   0.000000e+00   0.000000e+00   0.000000e+00   0.000000e+00   0.000000e+00   4.620274e+23   0.000000e+00  -9.246500e+23   0.000000e+00   0.000000e+00   7.479894e+12   7.479894e+12   7.479894e+12  -1.603808e+18   1.315445e+19   0.000000e+00  -9.839391e+31  -1.199630e+31   1.346654e+33   0.000000e+00   0.000000e+00   0.000000e+00   0.000000e+00   0.000000e+00   0.000000e+00   0.000000e+00   0.000000e+00   0.000000e+00   0.000000e+00   0.000000e+00   0.000000e+00   0.000000e+00
             95   4.570560e+07      1.0000000      0.0000000   5.683000e+26   0.000000e+00   5.683000e+26   0.000000e+00   0.000000e+00   0.000000e+00   0.000000e+00   0.000000e+00   0.000000e+00   4.620273e+23   0.000000e+00  -9.246500e+23   0.000000e+00   0.000000e+00   7.479894e+12   7.479894e+12   7.479894e+12  -1.603801e+18   1.315449e+19   0.000000e+00  -9.839423e+31  -1.199624e+31   1.346654e+33   0.000000e+00   0.000000e+00   0.000000e+00   0.000000e+00   0.000000e+00   0.000000e+00   0.000000e+00   0.000000e+00   0.000000e+00   0.000000e+00   0.000000e+00   0.000000e+00   0.000000e+00
             95   4.579200e+07      1.0000000      0.0000000   5.683000e+26   0.000000e+00   5.683000e+26   0.000000e+00   0.000000e+00   0.000000e+00   0.000000e+00   0.000000e+00   0.000000e+00   4.620273e+23   0.000000e+00  -9.246500e+23   0.000000e+00   0.000000e+00   7.479894e+12   7.479894e+12   7.479894e+12  -1.603790e+18   1.315449e+19   0.000000e+00  -9.839417e+31  -1.199614e+31   1.346654e+33   0.000000e+00   0.000000e+00   0.000000e+00   0.000000e+00   0.000000e+00   0.000000e+00   0.000000e+00   0.000000e+00   0.000000e+00   0.000000e+00   0.000000e+00   0.000000e+00   0.000000e+00
             95   4.587840e+07      1.0000000      0.0000000   5.683000e+26   0.000000e+00   5.683000e+26   0.000000e+00   0.000000e+00   0.000000e+00   0.000000e+00   0.000000e+00   0.000000e+00   4.620273e+23   0.000000e+00  -9.246500e+23   0.000000e+00   0.000000e+00   7.479894e+12   7.479894e+12   7.479894e+12  -1.603790e+18   1.315449e+19   0.000000e+00  -9.839416e+31  -1.199616e+31   1.346654e+33   0.000000e+00   0.000000e+00   0.000000e+00   0.000000e+00   0.000000e+00   0.000000e+00   0.000000e+00   0.000000e+00   0.000000e+00   0.000000e+00   0.000000e+00   0.000000e+00   0.000000e+00
             95   4.596480e+07      1.0000000      0.0000000   5.683000e+26   0.000000e+00   5.683000e+26   0.000000e+00   0.000000e+00   0.000000e+00   0.000000e+00   0.000000e+00   0.000000e+00   4.620274e+23   0.000000e+00  -9.246500e+23   0.000000e+00   0.000000e+00   7.479894e+12   7.479894e+12   7.479894e+12  -1.603786e+18   1.315449e+19   0.000000e+00  -9.839414e+31  -1.199614e+31   1.346654e+33   0.000000e+00   0.000000e+00   0.000000e+00   0.000000e+00   0.000000e+00   0.000000e+00   0.000000e+00   0.000000e+00   0.000000e+00   0.000000e+00   0.000000e+00   0.000000e+00   0.000000e+00
             95   4.605120e+07      1.0000000      0.0000000   5.683000e+26   0.000000e+00   5.683000e+26   0.000000e+00   0.000000e+00   0.000000e+00   0.000000e+00   0.000000e+00   0.000000e+00   4.620274e+23   0.000000e+00  -9.246500e+23   0.000000e+00   0.000000e+00   7.479894e+12   7.479894e+12   7.479894e+12  -1.603805e+18   1.315448e+19   0.000000e+00  -9.839419e+31  -1.199621e+31   1.346654e+33   0.000000e+00   0.000000e+00   0.000000e+00   0.000000e+00   0.000000e+00   0.000000e+00   0.000000e+00   0.000000e+00   0.000000e+00   0.000000e+00   0.000000e+00   0.000000e+00   0.000000e+00
             95   4.613760e+07      1.0000000      0.0000000   5.683000e+26   0.000000e+00   5.683000e+26   0.000000e+00   0.000000e+00   0.000000e+00   0.000000e+00   0.000000e+00   0.000000e+00   4.620274e+23   0.000000e+00  -9.246500e+23   0.000000e+00   0.000000e+00   7.479894e+12   7.479894e+12   7.479894e+12  -1.603781e+18   1.315449e+19   0.000000e+00  -9.839417e+31  -1.199614e+31   1.346654e+33   0.000000e+00   0.000000e+00   0.000000e+00   0.000000e+00   0.000000e+00   0.000000e+00   0.000000e+00   0.000000e+00   0.000000e+00   0.000000e+00   0.000000e+00   0.000000e+00   0.000000e+00
             96   4.622400e+07      1.0000000      0.0000000   5.683000e+26   0.000000e+00   5.683000e+26   0.000000e+00   0.000000e+00   0.000000e+00   0.000000e+00   0.000000e+00   0.000000e+00   4.620273e+23   0.000000e+00  -9.246499e+23   0.000000e+00   0.000000e+00   7.479894e+12   7.479894e+12   7.479894e+12  -1.603785e+18   1.315449e+19   0.000000e+00  -9.839414e+31  -1.199622e+31   1.346654e+33   0.000000e+00   0.000000e+00   0.000000e+00   0.000000e+00   0.000000e+00   0.000000e+00   0.000000e+00   0.000000e+00   0.000000e+00   0.000000e+00   0.000000e+00   0.000000e+00   0.000000e+00
             96   4.631040e+07      1.0000000      0.0000000   5.683000e+26   0.000000e+00   5.683000e+26   0.000000e+00   0.000000e+00   0.000000e+00   0.000000e+00   0.000000e+00   0.000000e+00   4.620273e+23   0.000000e+00  -9.246499e+23   0.000000e+00   0.000000e+00   7.479894e+12   7.479894e+12   7.479894e+12  -1.603791e+18   1.315449e+19   0.000000e+00  -9.839417e+31  -1.199618e+31   1.346654e+33   0.000000e+00   0.000000e+00   0.000000e+00   0.000000e+00   0.000000e+00   0.000000e+00   0.000000e+00   0.000000e+00   0.000000e+00   0.000000e+00   0.000000e+00   0.000000e+00   0.000000e+00
             96   4.639680e+07      1.0000000      0.0000000   5.683000e+26   0.000000e+00   5.683000e+26   0.000000e+00   0.000000e+00   0.000000e+00   0.000000e+00   0.000000e+00   0.000000e+00   4.620274e+23   0.000000e+00  -9.246499e+23   0.000000e+00   0.000000e+00   7.479894e+12   7.479894e+12   7.479894e+12  -1.603793e+18   1.315450e+19   0.000000e+00  -9.839416e+31  -1.199622e+31   1.346654e+33   0.000000e+00   0.000000e+00   0.000000e+00   0.000000e+00   0.000000e+00   0.000000e+00   0.000000e+00   0.000000e+00   0.000000e+00   0.000000e+00   0.000000e+00   0.000000e+00   0.000000e+00
             96   4.648320e+07      1.0000000      0.0000000   5.683000e+26   0.000000e+00   5.683000e+26   0.000000e+00   0.000000e+00   0.000000e+00   0.000000e+00   0.000000e+00   0.000000e+00   4.620274e+23   0.000000e+00  -9.246499e+23   0.000000e+00   0.000000e+00   7.479894e+12   7.479894e+12   7.479894e+12  -1.603794e+18   1.315447e+19   0.000000e+00  -9.839407e+31  -1.199621e+31   1.346654e+33   0.000000e+00   0.000000e+00   0.000000e+00   0.000000e+00   0.000000e+00   0.000000e+00   0.000000e+00   0.000000e+00   0.000000e+00   0.000000e+00   0.000000e+00   0.000000e+00   0.000000e+00
             96   4.656960e+07      1.0000000      0.0000000   5.683000e+26   0.000000e+00   5.683000e+26   0.000000e+00   0.000000e+00   0.000000e+00   0.000000e+00   0.000000e+00   0.000000e+00   4.620274e+23   0.000000e+00  -9.246499e+23   0.000000e+00   0.000000e+00   7.479894e+12   7.479894e+12   7.479894e+12  -1.603795e+18   1.315448e+19   0.000000e+00  -9.839417e+31  -1.199620e+31   1.346654e+33   0.000000e+00   0.000000e+00   0.000000e+00   0.000000e+00   0.000000e+00   0.000000e+00   0.000000e+00   0.000000e+00   0.000000e+00   0.000000e+00   0.000000e+00   0.000000e+00   0.000000e+00
             97   4.665600e+07      1.0000000      0.0000000   5.683000e+26   0.000000e+00   5.683000e+26   0.000000e+00   0.000000e+00   0.000000e+00   0.000000e+00   0.000000e+00   0.000000e+00   4.620273e+23   0.000000e+00  -9.246501e+23   0.000000e+00   0.000000e+00   7.479894e+12   7.479894e+12   7.479894e+12  -1.603793e+18   1.315448e+19   0.000000e+00  -9.839417e+31  -1.199613e+31   1.346654e+33   0.000000e+00   0.000000e+00   0.000000e+00   0.000000e+00   0.000000e+00   0.000000e+00   0.000000e+00   0.000000e+00   0.000000e+00   0.000000e+00   0.000000e+00   0.000000e+00   0.000000e+00
             97   4.674240e+07      1.0000000      0.0000000   5.683000e+26   0.000000e+00   5.683000e+26   0.000000e+00   0.000000e+00   0.000000e+00   0.000000e+00   0.000000e+00   0.000000e+00   4.620274e+23   0.000000e+00  -9.246501e+23   0.000000e+00   0.000000e+00   7.479894e+12   7.479894e+12   7.479894e+12  -1.603788e+18   1.315449e+19   0.000000e+00  -9.839415e+31  -1.199616e+31   1.346654e+33   0.000000e+00   0.000000e+00   0.000000e+00   0.000000e+00   0.000000e+00   0.000000e+00   0.000000e+00   0.000000e+00   0.000000e+00   0.000000e+00   0.000000e+00   0.000000e+00   0.000000e+00
             97   4.682880e+07      1.0000000      0.0000000   5.683000e+26   0.000000e+00   5.683000e+26   0.000000e+00   0.000000e+00   0.000000e+00   0.000000e+00   0.000000e+00   0.000000e+00   4.620274e+23   0.000000e+00  -9.246501e+23   0.000000e+00   0.000000e+00   7.479894e+12   7.479894e+12   7.479894e+12  -1.603786e+18   1.315448e+19   0.000000e+00  -9.839412e+31  -1.199613e+31   1.346654e+33   0.000000e+00   0.000000e+00   0.000000e+00   0.000000e+00   0.000000e+00   0.000000e+00   0.000000e+00   0.000000e+00   0.000000e+00   0.000000e+00   0.000000e+00   0.000000e+00   0.000000e+00
             97   4.691520e+07      1.0000000      0.0000000   5.683000e+26   0.000000e+00   5.683000e+26   0.000000e+00   0.000000e+00   0.000000e+00   0.000000e+00   0.000000e+00   0.000000e+00   4.620274e+23   0.000000e+00  -9.246501e+23   0.000000e+00   0.000000e+00   7.479894e+12   7.479894e+12   7.479894e+12  -1.603784e+18   1.315447e+19   0.000000e+00  -9.839405e+31  -1.199610e+31   1.346654e+33   0.000000e+00   0.000000e+00   0.000000e+00   0.000000e+00   0.000000e+00   0.000000e+00   0.000000e+00   0.000000e+00   0.000000e+00   0.000000e+00   0.000000e+00   0.000000e+00   0.000000e+00
             97   4.700160e+07      1.0000000      0.0000000   5.683000e+26   0.000000e+00   5.683000e+26   0.000000e+00   0.000000e+00   0.000000e+00   0.000000e+00   0.000000e+00   0.000000e+00   4.620274e+23   0.000000e+00  -9.246501e+23   0.000000e+00   0.000000e+00   7.479894e+12   7.479894e+12   7.479894e+12  -1.603774e+18   1.315446e+19   0.000000e+00  -9.839404e+31  -1.199611e+31   1.346654e+33   0.000000e+00   0.000000e+00   0.000000e+00   0.000000e+00   0.000000e+00   0.000000e+00   0.000000e+00   0.000000e+00   0.000000e+00   0.000000e+00   0.000000e+00   0.000000e+00   0.000000e+00
             97   4.708800e+07      1.0000000      0.0000000   5.683000e+26   0.000000e+00   5.683000e+26   0.000000e+00   0.000000e+00   0.000000e+00   0.000000e+00   0.000000e+00   0.000000e+00   4.620274e+23   0.000000e+00  -9.246501e+23   0.000000e+00   0.000000e+00   7.479894e+12   7.479894e+12   7.479894e+12  -1.603785e+18   1.315448e+19   0.000000e+00  -9.839411e+31  -1.199612e+31   1.346654e+33   0.000000e+00   0.000000e+00   0.000000e+00   0.000000e+00   0.000000e+00   0.000000e+00   0.000000e+00   0.000000e+00   0.000000e+00   0.000000e+00   0.000000e+00   0.000000e+00   0.000000e+00
             98   4.717440e+07      1.0000000      0.0000000   5.683000e+26   0.000000e+00   5.683000e+26   0.000000e+00   0.000000e+00   0.000000e+00   0.000000e+00   0.000000e+00   0.000000e+00   4.620274e+23   0.000000e+00  -9.246500e+23   0.000000e+00   0.000000e+00   7.479894e+12   7.479894e+12   7.479894e+12  -1.603762e+18   1.315446e+19   0.000000e+00  -9.839402e+31  -1.199591e+31   1.346654e+33   0.000000e+00   0.000000e+00   0.000000e+00   0.000000e+00   0.000000e+00   0.000000e+00   0.000000e+00   0.000000e+00   0.000000e+00   0.000000e+00   0.000000e+00   0.000000e+00   0.000000e+00
             98   4.726080e+07      1.0000000      0.0000000   5.683000e+26   0.000000e+00   5.683000e+26   0.000000e+00   0.000000e+00   0.000000e+00   0.000000e+00   0.000000e+00   0.000000e+00   4.620274e+23   0.000000e+00  -9.246500e+23   0.000000e+00   0.000000e+00   7.479894e+12   7.479894e+12   7.479894e+12  -1.603758e+18   1.315446e+19   0.000000e+00  -9.839397e+31  -1.199593e+31   1.346654e+33   0.000000e+00   0.000000e+00   0.000000e+00   0.000000e+00   0.000000e+00   0.000000e+00   0.000000e+00   0.000000e+00   0.000000e+00   0.000000e+00   0.000000e+00   0.000000e+00   0.000000e+00
             98   4.734720e+07      1.0000000      0.0000000   5.683000e+26   0.000000e+00   5.683000e+26   0.000000e+00   0.000000e+00   0.000000e+00   0.000000e+00   0.000000e+00   0.000000e+00   4.620274e+23   0.000000e+00  -9.246500e+23   0.000000e+00   0.000000e+00   7.479894e+12   7.479894e+12   7.479894e+12  -1.603755e+18   1.315446e+19   0.000000e+00  -9.839398e+31  -1.199594e+31   1.346654e+33   0.000000e+00   0.000000e+00   0.000000e+00   0.000000e+00   0.000000e+00   0.000000e+00   0.000000e+00   0.000000e+00   0.000000e+00   0.000000e+00   0.000000e+00   0.000000e+00   0.000000e+00
             98   4.743360e+07      1.0000000      0.0000000   5.683000e+26   0.000000e+00   5.683000e+26   0.000000e+00   0.000000e+00   0.000000e+00   0.000000e+00   0.000000e+00   0.000000e+00   4.620274e+23   0.000000e+00  -9.246500e+23   0.000000e+00   0.000000e+00   7.479894e+12   7.479894e+12   7.479894e+12  -1.603765e+18   1.315446e+19   0.000000e+00  -9.839400e+31  -1.199600e+31   1.346654e+33   0.000000e+00   0.000000e+00   0.000000e+00   0.000000e+00   0.000000e+00   0.000000e+00   0.000000e+00   0.000000e+00   0.000000e+00   0.000000e+00   0.000000e+00   0.000000e+00   0.000000e+00
             98   4.752000e+07      1.0000000      0.0000000   5.683000e+26   0.000000e+00   5.683000e+26   0.000000e+00   0.000000e+00   0.000000e+00   0.000000e+00   0.000000e+00   0.000000e+00   4.620274e+23   0.000000e+00  -9.246500e+23   0.000000e+00   0.000000e+00   7.479894e+12   7.479894e+12   7.479894e+12  -1.603754e+18   1.315447e+19   0.000000e+00  -9.839398e+31  -1.199590e+31   1.346654e+33   0.000000e+00   0.000000e+00   0.000000e+00   0.000000e+00   0.000000e+00   0.000000e+00   0.000000e+00   0.000000e+00   0.000000e+00   0.000000e+00   0.000000e+00   0.000000e+00   0.000000e+00
             99   4.760640e+07      1.0000000      0.0000000   5.683000e+26   0.000000e+00   5.683000e+26   0.000000e+00   0.000000e+00   0.000000e+00   0.000000e+00   0.000000e+00   0.000000e+00   4.620274e+23   0.000000e+00  -9.246500e+23   0.000000e+00   0.000000e+00   7.479894e+12   7.479894e+12   7.479894e+12  -1.603779e+18   1.315449e+19   0.000000e+00  -9.839415e+31  -1.199612e+31   1.346654e+33   0.000000e+00   0.000000e+00   0.000000e+00   0.000000e+00   0.000000e+00   0.000000e+00   0.000000e+00   0.000000e+00   0.000000e+00   0.000000e+00   0.000000e+00   0.000000e+00   0.000000e+00
             99   4.769280e+07      1.0000000      0.0000000   5.683000e+26   0.000000e+00   5.683000e+26   0.000000e+00   0.000000e+00   0.000000e+00   0.000000e+00   0.000000e+00   0.000000e+00   4.620274e+23   0.000000e+00  -9.246500e+23   0.000000e+00   0.000000e+00   7.479894e+12   7.479894e+12   7.479894e+12  -1.603764e+18   1.315450e+19   0.000000e+00  -9.839419e+31  -1.199606e+31   1.346654e+33   0.000000e+00   0.000000e+00   0.000000e+00   0.000000e+00   0.000000e+00   0.000000e+00   0.000000e+00   0.000000e+00   0.000000e+00   0.000000e+00   0.000000e+00   0.000000e+00   0.000000e+00
             99   4.777920e+07      1.0000000      0.0000000   5.683000e+26   0.000000e+00   5.683000e+26   0.000000e+00   0.000000e+00   0.000000e+00   0.000000e+00   0.000000e+00   0.000000e+00   4.620274e+23   0.000000e+00  -9.246500e+23   0.000000e+00   0.000000e+00   7.479894e+12   7.479894e+12   7.479894e+12  -1.603775e+18   1.315450e+19   0.000000e+00  -9.839422e+31  -1.199614e+31   1.346654e+33   0.000000e+00   0.000000e+00   0.000000e+00   0.000000e+00   0.000000e+00   0.000000e+00   0.000000e+00   0.000000e+00   0.000000e+00   0.000000e+00   0.000000e+00   0.000000e+00   0.000000e+00
             99   4.786560e+07      1.0000000      0.0000000   5.683000e+26   0.000000e+00   5.683000e+26   0.000000e+00   0.000000e+00   0.000000e+00   0.000000e+00   0.000000e+00   0.000000e+00   4.620274e+23   0.000000e+00  -9.246500e+23   0.000000e+00   0.000000e+00   7.479894e+12   7.479894e+12   7.479894e+12  -1.603776e+18   1.315448e+19   0.000000e+00  -9.839410e+31  -1.199608e+31   1.346654e+33   0.000000e+00   0.000000e+00   0.000000e+00   0.000000e+00   0.000000e+00   0.000000e+00   0.000000e+00   0.000000e+00   0.000000e+00   0.000000e+00   0.000000e+00   0.000000e+00   0.000000e+00
             99   4.795200e+07      1.0000000      0.0000000   5.683000e+26   0.000000e+00   5.683000e+26   0.000000e+00   0.000000e+00   0.000000e+00   0.000000e+00   0.000000e+00   0.000000e+00   4.620274e+23   0.000000e+00  -9.246500e+23   0.000000e+00   0.000000e+00   7.479894e+12   7.479894e+12   7.479894e+12  -1.603779e+18   1.315450e+19   0.000000e+00  -9.839424e+31  -1.199605e+31   1.346654e+33   0.000000e+00   0.000000e+00   0.000000e+00   0.000000e+00   0.000000e+00   0.000000e+00   0.000000e+00   0.000000e+00   0.000000e+00   0.000000e+00   0.000000e+00   0.000000e+00   0.000000e+00
             99   4.803840e+07      1.0000000      0.0000000   5.683000e+26   0.000000e+00   5.683000e+26   0.000000e+00   0.000000e+00   0.000000e+00   0.000000e+00   0.000000e+00   0.000000e+00   4.620274e+23   0.000000e+00  -9.246500e+23   0.000000e+00   0.000000e+00   7.479894e+12   7.479894e+12   7.479894e+12  -1.603784e+18   1.315448e+19   0.000000e+00  -9.839408e+31  -1.199614e+31   1.346654e+33   0.000000e+00   0.000000e+00   0.000000e+00   0.000000e+00   0.000000e+00   0.000000e+00   0.000000e+00   0.000000e+00   0.000000e+00   0.000000e+00   0.000000e+00   0.000000e+00   0.000000e+00
            100   4.812480e+07      1.0000000      0.0000000   5.683000e+26   0.000000e+00   5.683000e+26   0.000000e+00   0.000000e+00   0.000000e+00   0.000000e+00   0.000000e+00   0.000000e+00   4.620274e+23   0.000000e+00  -9.246501e+23   0.000000e+00   0.000000e+00   7.479894e+12   7.479894e+12   7.479894e+12  -1.603805e+18   1.315447e+19   0.000000e+00  -9.839402e+31  -1.199625e+31   1.346654e+33   0.000000e+00   0.000000e+00   0.000000e+00   0.000000e+00   0.000000e+00   0.000000e+00   0.000000e+00   0.000000e+00   0.000000e+00   0.000000e+00   0.000000e+00   0.000000e+00   0.000000e+00
            100   4.821120e+07      1.0000000      0.0000000   5.683000e+26   0.000000e+00   5.683000e+26   0.000000e+00   0.000000e+00   0.000000e+00   0.000000e+00   0.000000e+00   0.000000e+00   4.620274e+23   0.000000e+00  -9.246501e+23   0.000000e+00   0.000000e+00   7.479894e+12   7.479894e+12   7.479894e+12  -1.603790e+18   1.315447e+19   0.000000e+00  -9.839402e+31  -1.199614e+31   1.346654e+33   0.000000e+00   0.000000e+00   0.000000e+00   0.000000e+00   0.000000e+00   0.000000e+00   0.000000e+00   0.000000e+00   0.000000e+00   0.000000e+00   0.000000e+00   0.000000e+00   0.000000e+00
            100   4.829760e+07      1.0000000      0.0000000   5.683000e+26   0.000000e+00   5.683000e+26   0.000000e+00   0.000000e+00   0.000000e+00   0.000000e+00   0.000000e+00   0.000000e+00   4.620274e+23   0.000000e+00  -9.246501e+23   0.000000e+00   0.000000e+00   7.479894e+12   7.479894e+12   7.479894e+12  -1.603785e+18   1.315448e+19   0.000000e+00  -9.839410e+31  -1.199614e+31   1.346654e+33   0.000000e+00   0.000000e+00   0.000000e+00   0.000000e+00   0.000000e+00   0.000000e+00   0.000000e+00   0.000000e+00   0.000000e+00   0.000000e+00   0.000000e+00   0.000000e+00   0.000000e+00
            100   4.838400e+07      1.0000000      0.0000000   5.683000e+26   0.000000e+00   5.683000e+26   0.000000e+00   0.000000e+00   0.000000e+00   0.000000e+00   0.000000e+00   0.000000e+00   4.620274e+23   0.000000e+00  -9.246501e+23   0.000000e+00   0.000000e+00   7.479894e+12   7.479894e+12   7.479894e+12  -1.603780e+18   1.315448e+19   0.000000e+00  -9.839411e+31  -1.199615e+31   1.346654e+33   0.000000e+00   0.000000e+00   0.000000e+00   0.000000e+00   0.000000e+00   0.000000e+00   0.000000e+00   0.000000e+00   0.000000e+00   0.000000e+00   0.000000e+00   0.000000e+00   0.000000e+00
            100   4.847040e+07      1.0000000      0.0000000   5.683000e+26   0.000000e+00   5.683000e+26   0.000000e+00   0.000000e+00   0.000000e+00   0.000000e+00   0.000000e+00   0.000000e+00   4.620274e+23   0.000000e+00  -9.246501e+23   0.000000e+00   0.000000e+00   7.479894e+12   7.479894e+12   7.479894e+12  -1.603794e+18   1.315447e+19   0.000000e+00  -9.839399e+31  -1.199616e+31   1.346654e+33   0.000000e+00   0.000000e+00   0.000000e+00   0.000000e+00   0.000000e+00   0.000000e+00   0.000000e+00   0.000000e+00   0.000000e+00   0.000000e+00   0.000000e+00   0.000000e+00   0.000000e+00
            101   4.855680e+07      1.0000000      0.0000000   5.683000e+26   0.000000e+00   5.683000e+26   0.000000e+00   0.000000e+00   0.000000e+00   0.000000e+00   0.000000e+00   0.000000e+00   4.620274e+23   0.000000e+00  -9.246500e+23   0.000000e+00   0.000000e+00   7.479894e+12   7.479894e+12   7.479894e+12  -1.603794e+18   1.315450e+19   0.000000e+00  -9.839426e+31  -1.199619e+31   1.346654e+33   0.000000e+00   0.000000e+00   0.000000e+00   0.000000e+00   0.000000e+00   0.000000e+00   0.000000e+00   0.000000e+00   0.000000e+00   0.000000e+00   0.000000e+00   0.000000e+00   0.000000e+00
            101   4.864320e+07      1.0000000      0.0000000   5.683000e+26   0.000000e+00   5.683000e+26   0.000000e+00   0.000000e+00   0.000000e+00   0.000000e+00   0.000000e+00   0.000000e+00   4.620274e+23   0.000000e+00  -9.246500e+23   0.000000e+00   0.000000e+00   7.479894e+12   7.479894e+12   7.479894e+12  -1.603787e+18   1.315450e+19   0.000000e+00  -9.839424e+31  -1.199617e+31   1.346654e+33   0.000000e+00   0.000000e+00   0.000000e+00   0.000000e+00   0.000000e+00   0.000000e+00   0.000000e+00   0.000000e+00   0.000000e+00   0.000000e+00   0.000000e+00   0.000000e+00   0.000000e+00
            101   4.872960e+07      1.0000000      0.0000000   5.683000e+26   0.000000e+00   5.683000e+26   0.000000e+00   0.000000e+00   0.000000e+00   0.000000e+00   0.000000e+00   0.000000e+00   4.620274e+23   0.000000e+00  -9.246500e+23   0.000000e+00   0.000000e+00   7.479894e+12   7.479894e+12   7.479894e+12  -1.603794e+18   1.315450e+19   0.000000e+00  -9.839424e+31  -1.199628e+31   1.346654e+33   0.000000e+00   0.000000e+00   0.000000e+00   0.000000e+00   0.000000e+00   0.000000e+00   0.000000e+00   0.000000e+00   0.000000e+00   0.000000e+00   0.000000e+00   0.000000e+00   0.000000e+00
            101   4.881600e+07      1.0000000      0.0000000   5.683000e+26   0.000000e+00   5.683000e+26   0.000000e+00   0.000000e+00   0.000000e+00   0.000000e+00   0.000000e+00   0.000000e+00   4.620274e+23   0.000000e+00  -9.246500e+23   0.000000e+00   0.000000e+00   7.479894e+12   7.479894e+12   7.479894e+12  -1.603778e+18   1.315451e+19   0.000000e+00  -9.839424e+31  -1.199610e+31   1.346654e+33   0.000000e+00   0.000000e+00   0.000000e+00   0.000000e+00   0.000000e+00   0.000000e+00   0.000000e+00   0.000000e+00   0.000000e+00   0.000000e+00   0.000000e+00   0.000000e+00   0.000000e+00
            101   4.890240e+07      1.0000000      0.0000000   5.683000e+26   0.000000e+00   5.683000e+26   0.000000e+00   0.000000e+00   0.000000e+00   0.000000e+00   0.000000e+00   0.000000e+00   4.620274e+23   0.000000e+00  -9.246500e+23   0.000000e+00   0.000000e+00   7.479894e+12   7.479894e+12   7.479894e+12  -1.603792e+18   1.315449e+19   0.000000e+00  -9.839426e+31  -1.199621e+31   1.346654e+33   0.000000e+00   0.000000e+00   0.000000e+00   0.000000e+00   0.000000e+00   0.000000e+00   0.000000e+00   0.000000e+00   0.000000e+00   0.000000e+00   0.000000e+00   0.000000e+00   0.000000e+00
            101   4.898880e+07      1.0000000      0.0000000   5.683000e+26   0.000000e+00   5.683000e+26   0.000000e+00   0.000000e+00   0.000000e+00   0.000000e+00   0.000000e+00   0.000000e+00   4.620275e+23   0.000000e+00  -9.246500e+23   0.000000e+00   0.000000e+00   7.479894e+12   7.479894e+12   7.479894e+12  -1.603791e+18   1.315449e+19   0.000000e+00  -9.839425e+31  -1.199615e+31   1.346654e+33   0.000000e+00   0.000000e+00   0.000000e+00   0.000000e+00   0.000000e+00   0.000000e+00   0.000000e+00   0.000000e+00   0.000000e+00   0.000000e+00   0.000000e+00   0.000000e+00   0.000000e+00
            102   4.907520e+07      1.0000000      0.0000000   5.683000e+26   0.000000e+00   5.683000e+26   0.000000e+00   0.000000e+00   0.000000e+00   0.000000e+00   0.000000e+00   0.000000e+00   4.620274e+23   0.000000e+00  -9.246501e+23   0.000000e+00   0.000000e+00   7.479894e+12   7.479894e+12   7.479894e+12  -1.603780e+18   1.315448e+19   0.000000e+00  -9.839422e+31  -1.199605e+31   1.346654e+33   0.000000e+00   0.000000e+00   0.000000e+00   0.000000e+00   0.000000e+00   0.000000e+00   0.000000e+00   0.000000e+00   0.000000e+00   0.000000e+00   0.000000e+00   0.000000e+00   0.000000e+00
            102   4.916160e+07      1.0000000      0.0000000   5.683000e+26   0.000000e+00   5.683000e+26   0.000000e+00   0.000000e+00   0.000000e+00   0.000000e+00   0.000000e+00   0.000000e+00   4.620274e+23   0.000000e+00  -9.246501e+23   0.000000e+00   0.000000e+00   7.479894e+12   7.479894e+12   7.479894e+12  -1.603773e+18   1.315448e+19   0.000000e+00  -9.839420e+31  -1.199607e+31   1.346654e+33   0.000000e+00   0.000000e+00   0.000000e+00   0.000000e+00   0.000000e+00   0.000000e+00   0.000000e+00   0.000000e+00   0.000000e+00   0.000000e+00   0.000000e+00   0.000000e+00   0.000000e+00
            102   4.924800e+07      1.0000000      0.0000000   5.683000e+26   0.000000e+00   5.683000e+26   0.000000e+00   0.000000e+00   0.000000e+00   0.000000e+00   0.000000e+00   0.000000e+00   4.620274e+23   0.000000e+00  -9.246501e+23   0.000000e+00   0.000000e+00   7.479894e+12   7.479894e+12   7.479894e+12  -1.603771e+18   1.315449e+19   0.000000e+00  -9.839417e+31  -1.199608e+31   1.346654e+33   0.000000e+00   0.000000e+00   0.000000e+00   0.000000e+00   0.000000e+00   0.000000e+00   0.000000e+00   0.000000e+00   0.000000e+00   0.000000e+00   0.000000e+00   0.000000e+00   0.000000e+00
            102   4.933440e+07      1.0000000      0.0000000   5.683000e+26   0.000000e+00   5.683000e+26   0.000000e+00   0.000000e+00   0.000000e+00   0.000000e+00   0.000000e+00   0.000000e+00   4.620274e+23   0.000000e+00  -9.246501e+23   0.000000e+00   0.000000e+00   7.479894e+12   7.479894e+12   7.479894e+12  -1.603779e+18   1.315448e+19   0.000000e+00  -9.839410e+31  -1.199607e+31   1.346654e+33   0.000000e+00   0.000000e+00   0.000000e+00   0.000000e+00   0.000000e+00   0.000000e+00   0.000000e+00   0.000000e+00   0.000000e+00   0.000000e+00   0.000000e+00   0.000000e+00   0.000000e+00
            102   4.942080e+07      1.0000000      0.0000000   5.683000e+26   0.000000e+00   5.683000e+26   0.000000e+00   0.000000e+00   0.000000e+00   0.000000e+00   0.000000e+00   0.000000e+00   4.620274e+23   0.000000e+00  -9.246501e+23   0.000000e+00   0.000000e+00   7.479894e+12   7.479894e+12   7.479894e+12  -1.603778e+18   1.315449e+19   0.000000e+00  -9.839419e+31  -1.199606e+31   1.346654e+33   0.000000e+00   0.000000e+00   0.000000e+00   0.000000e+00   0.000000e+00   0.000000e+00   0.000000e+00   0.000000e+00   0.000000e+00   0.000000e+00   0.000000e+00   0.000000e+00   0.000000e+00
            102   4.950720e+07      1.0000000      0.0000000   5.683000e+26   0.000000e+00   5.683000e+26   0.000000e+00   0.000000e+00   0.000000e+00   0.000000e+00   0.000000e+00   0.000000e+00   4.620275e+23   0.000000e+00  -9.246501e+23   0.000000e+00   0.000000e+00   7.479894e+12   7.479894e+12   7.479894e+12  -1.603775e+18   1.315448e+19   0.000000e+00  -9.839414e+31  -1.199610e+31   1.346654e+33   0.000000e+00   0.000000e+00   0.000000e+00   0.000000e+00   0.000000e+00   0.000000e+00   0.000000e+00   0.000000e+00   0.000000e+00   0.000000e+00   0.000000e+00   0.000000e+00   0.000000e+00
            103   4.959360e+07      1.0000000      0.0000000   5.683000e+26   0.000000e+00   5.683000e+26   0.000000e+00   0.000000e+00   0.000000e+00   0.000000e+00   0.000000e+00   0.000000e+00   4.620274e+23   0.000000e+00  -9.246501e+23   0.000000e+00   0.000000e+00   7.479894e+12   7.479894e+12   7.479894e+12  -1.603765e+18   1.315449e+19   0.000000e+00  -9.839418e+31  -1.199600e+31   1.346654e+33   0.000000e+00   0.000000e+00   0.000000e+00   0.000000e+00   0.000000e+00   0.000000e+00   0.000000e+00   0.000000e+00   0.000000e+00   0.000000e+00   0.000000e+00   0.000000e+00   0.000000e+00
            103   4.968000e+07      1.0000000      0.0000000   5.683000e+26   0.000000e+00   5.683000e+26   0.000000e+00   0.000000e+00   0.000000e+00   0.000000e+00   0.000000e+00   0.000000e+00   4.620274e+23   0.000000e+00  -9.246501e+23   0.000000e+00   0.000000e+00   7.479894e+12   7.479894e+12   7.479894e+12  -1.603789e+18   1.315451e+19   0.000000e+00  -9.839428e+31  -1.199610e+31   1.346654e+33   0.000000e+00   0.000000e+00   0.000000e+00   0.000000e+00   0.000000e+00   0.000000e+00   0.000000e+00   0.000000e+00   0.000000e+00   0.000000e+00   0.000000e+00   0.000000e+00   0.000000e+00
            103   4.976640e+07      1.0000000      0.0000000   5.683000e+26   0.000000e+00   5.683000e+26   0.000000e+00   0.000000e+00   0.000000e+00   0.000000e+00   0.000000e+00   0.000000e+00   4.620274e+23   0.000000e+00  -9.246501e+23   0.000000e+00   0.000000e+00   7.479894e+12   7.479894e+12   7.479894e+12  -1.603767e+18   1.315448e+19   0.000000e+00  -9.839416e+31  -1.199601e+31   1.346654e+33   0.000000e+00   0.000000e+00   0.000000e+00   0.000000e+00   0.000000e+00   0.000000e+00   0.000000e+00   0.000000e+00   0.000000e+00   0.000000e+00   0.000000e+00   0.000000e+00   0.000000e+00
            103   4.985280e+07      1.0000000      0.0000000   5.683000e+26   0.000000e+00   5.683000e+26   0.000000e+00   0.000000e+00   0.000000e+00   0.000000e+00   0.000000e+00   0.000000e+00   4.620274e+23   0.000000e+00  -9.246501e+23   0.000000e+00   0.000000e+00   7.479894e+12   7.479894e+12   7.479894e+12  -1.603776e+18   1.315450e+19   0.000000e+00  -9.839426e+31  -1.199612e+31   1.346654e+33   0.000000e+00   0.000000e+00   0.000000e+00   0.000000e+00   0.000000e+00   0.000000e+00   0.000000e+00   0.000000e+00   0.000000e+00   0.000000e+00   0.000000e+00   0.000000e+00   0.000000e+00
            103   4.993920e+07      1.0000000      0.0000000   5.683000e+26   0.000000e+00   5.683000e+26   0.000000e+00   0.000000e+00   0.000000e+00   0.000000e+00   0.000000e+00   0.000000e+00   4.620275e+23   0.000000e+00  -9.246501e+23   0.000000e+00   0.000000e+00   7.479894e+12   7.479894e+12   7.479894e+12  -1.603766e+18   1.315450e+19   0.000000e+00  -9.839423e+31  -1.199601e+31   1.346654e+33   0.000000e+00   0.000000e+00   0.000000e+00   0.000000e+00   0.000000e+00   0.000000e+00   0.000000e+00   0.000000e+00   0.000000e+00   0.000000e+00   0.000000e+00   0.000000e+00   0.000000e+00
            104   5.002560e+07      1.0000000      0.0000000   5.683000e+26   0.000000e+00   5.683000e+26   0.000000e+00   0.000000e+00   0.000000e+00   0.000000e+00   0.000000e+00   0.000000e+00   4.620274e+23   0.000000e+00  -9.246501e+23   0.000000e+00   0.000000e+00   7.479894e+12   7.479894e+12   7.479894e+12  -1.603749e+18   1.315447e+19   0.000000e+00  -9.839403e+31  -1.199589e+31   1.346654e+33   0.000000e+00   0.000000e+00   0.000000e+00   0.000000e+00   0.000000e+00   0.000000e+00   0.000000e+00   0.000000e+00   0.000000e+00   0.000000e+00   0.000000e+00   0.000000e+00   0.000000e+00
            104   5.011200e+07      1.0000000      0.0000000   5.683000e+26   0.000000e+00   5.683000e+26   0.000000e+00   0.000000e+00   0.000000e+00   0.000000e+00   0.000000e+00   0.000000e+00   4.620274e+23   0.000000e+00  -9.246501e+23   0.000000e+00   0.000000e+00   7.479894e+12   7.479894e+12   7.479894e+12  -1.603752e+18   1.315447e+19   0.000000e+00  -9.839407e+31  -1.199586e+31   1.346654e+33   0.000000e+00   0.000000e+00   0.000000e+00   0.000000e+00   0.000000e+00   0.000000e+00   0.000000e+00   0.000000e+00   0.000000e+00   0.000000e+00   0.000000e+00   0.000000e+00   0.000000e+00
            104   5.019840e+07      1.0000000      0.0000000   5.683000e+26   0.000000e+00   5.683000e+26   0.000000e+00   0.000000e+00   0.000000e+00   0.000000e+00   0.000000e+00   0.000000e+00   4.620274e+23   0.000000e+00  -9.246501e+23   0.000000e+00   0.000000e+00   7.479894e+12   7.479894e+12   7.479894e+12  -1.603732e+18   1.315447e+19   0.000000e+00  -9.839402e+31  -1.199577e+31   1.346654e+33   0.000000e+00   0.000000e+00   0.000000e+00   0.000000e+00   0.000000e+00   0.000000e+00   0.000000e+00   0.000000e+00   0.000000e+00   0.000000e+00   0.000000e+00   0.000000e+00   0.000000e+00
            104   5.028480e+07      1.0000000      0.0000000   5.683000e+26   0.000000e+00   5.683000e+26   0.000000e+00   0.000000e+00   0.000000e+00   0.000000e+00   0.000000e+00   0.000000e+00   4.620274e+23   0.000000e+00  -9.246501e+23   0.000000e+00   0.000000e+00   7.479894e+12   7.479894e+12   7.479894e+12  -1.603745e+18   1.315446e+19   0.000000e+00  -9.839400e+31  -1.199583e+31   1.346654e+33   0.000000e+00   0.000000e+00   0.000000e+00   0.000000e+00   0.000000e+00   0.000000e+00   0.000000e+00   0.000000e+00   0.000000e+00   0.000000e+00   0.000000e+00   0.000000e+00   0.000000e+00
            104   5.037120e+07      1.0000000      0.0000000   5.683000e+26   0.000000e+00   5.683000e+26   0.000000e+00   0.000000e+00   0.000000e+00   0.000000e+00   0.000000e+00   0.000000e+00   4.620275e+23   0.000000e+00  -9.246501e+23   0.000000e+00   0.000000e+00   7.479894e+12   7.479894e+12   7.479894e+12  -1.603742e+18   1.315446e+19   0.000000e+00  -9.839396e+31  -1.199587e+31   1.346654e+33   0.000000e+00   0.000000e+00   0.000000e+00   0.000000e+00   0.000000e+00   0.000000e+00   0.000000e+00   0.000000e+00   0.000000e+00   0.000000e+00   0.000000e+00   0.000000e+00   0.000000e+00
            104   5.045760e+07      1.0000000      0.0000000   5.683000e+26   0.000000e+00   5.683000e+26   0.000000e+00   0.000000e+00   0.000000e+00   0.000000e+00   0.000000e+00   0.000000e+00   4.620275e+23   0.000000e+00  -9.246501e+23   0.000000e+00   0.000000e+00   7.479894e+12   7.479894e+12   7.479894e+12  -1.603739e+18   1.315446e+19   0.000000e+00  -9.839399e+31  -1.199581e+31   1.346654e+33   0.000000e+00   0.000000e+00   0.000000e+00   0.000000e+00   0.000000e+00   0.000000e+00   0.000000e+00   0.000000e+00   0.000000e+00   0.000000e+00   0.000000e+00   0.000000e+00   0.000000e+00
            105   5.054400e+07      1.0000000      0.0000000   5.683000e+26   0.000000e+00   5.683000e+26   0.000000e+00   0.000000e+00   0.000000e+00   0.000000e+00   0.000000e+00   0.000000e+00   4.620274e+23   0.000000e+00  -9.246500e+23   0.000000e+00   0.000000e+00   7.479894e+12   7.479894e+12   7.479894e+12  -1.603754e+18   1.315448e+19   0.000000e+00  -9.839415e+31  -1.199590e+31   1.346654e+33   0.000000e+00   0.000000e+00   0.000000e+00   0.000000e+00   0.000000e+00   0.000000e+00   0.000000e+00   0.000000e+00   0.000000e+00   0.000000e+00   0.000000e+00   0.000000e+00   0.000000e+00
            105   5.063040e+07      1.0000000      0.0000000   5.683000e+26   0.000000e+00   5.683000e+26   0.000000e+00   0.000000e+00   0.000000e+00   0.000000e+00   0.000000e+00   0.000000e+00   4.620274e+23   0.000000e+00  -9.246500e+23   0.000000e+00   0.000000e+00   7.479894e+12   7.479894e+12   7.479894e+12  -1.603751e+18   1.315449e+19   0.000000e+00  -9.839417e+31  -1.199593e+31   1.346654e+33   0.000000e+00   0.000000e+00   0.000000e+00   0.000000e+00   0.000000e+00   0.000000e+00   0.000000e+00   0.000000e+00   0.000000e+00   0.000000e+00   0.000000e+00   0.000000e+00   0.000000e+00
            105   5.071680e+07      1.0000000      0.0000000   5.683000e+26   0.000000e+00   5.683000e+26   0.000000e+00   0.000000e+00   0.000000e+00   0.000000e+00   0.000000e+00   0.000000e+00   4.620274e+23   0.000000e+00  -9.246500e+23   0.000000e+00   0.000000e+00   7.479894e+12   7.479894e+12   7.479894e+12  -1.603748e+18   1.315447e+19   0.000000e+00  -9.839408e+31  -1.199593e+31   1.346654e+33   0.000000e+00   0.000000e+00   0.000000e+00   0.000000e+00   0.000000e+00   0.000000e+00   0.000000e+00   0.000000e+00   0.000000e+00   0.000000e+00   0.000000e+00   0.000000e+00   0.000000e+00
            105   5.080320e+07      1.0000000      0.0000000   5.683000e+26   0.000000e+00   5.683000e+26   0.000000e+00   0.000000e+00   0.000000e+00   0.000000e+00   0.000000e+00   0.000000e+00   4.620275e+23   0.000000e+00  -9.246500e+23   0.000000e+00   0.000000e+00   7.479894e+12   7.479894e+12   7.479894e+12  -1.603750e+18   1.315448e+19   0.000000e+00  -9.839409e+31  -1.199592e+31   1.346654e+33   0.000000e+00   0.000000e+00   0.000000e+00   0.000000e+00   0.000000e+00   0.000000e+00   0.000000e+00   0.000000e+00   0.000000e+00   0.000000e+00   0.000000e+00   0.000000e+00   0.000000e+00
            105   5.088960e+07      1.0000000      0.0000000   5.683000e+26   0.000000e+00   5.683000e+26   0.000000e+00   0.000000e+00   0.000000e+00   0.000000e+00   0.000000e+00   0.000000e+00   4.620275e+23   0.000000e+00  -9.246500e+23   0.000000e+00   0.000000e+00   7.479894e+12   7.479894e+12   7.479894e+12  -1.603755e+18   1.315449e+19   0.000000e+00  -9.839415e+31  -1.199588e+31   1.346654e+33   0.000000e+00   0.000000e+00   0.000000e+00   0.000000e+00   0.000000e+00   0.000000e+00   0.000000e+00   0.000000e+00   0.000000e+00   0.000000e+00   0.000000e+00   0.000000e+00   0.000000e+00
            106   5.097600e+07      1.0000000      0.0000000   5.683000e+26   0.000000e+00   5.683000e+26   0.000000e+00   0.000000e+00   0.000000e+00   0.000000e+00   0.000000e+00   0.000000e+00   4.620274e+23   0.000000e+00  -9.246501e+23   0.000000e+00   0.000000e+00   7.479894e+12   7.479894e+12   7.479894e+12  -1.603743e+18   1.315446e+19   0.000000e+00  -9.839399e+31  -1.199581e+31   1.346654e+33   0.000000e+00   0.000000e+00   0.000000e+00   0.000000e+00   0.000000e+00   0.000000e+00   0.000000e+00   0.000000e+00   0.000000e+00   0.000000e+00   0.000000e+00   0.000000e+00   0.000000e+00
            106   5.106240e+07      1.0000000      0.0000000   5.683000e+26   0.000000e+00   5.683000e+26   0.000000e+00   0.000000e+00   0.000000e+00   0.000000e+00   0.000000e+00   0.000000e+00   4.620274e+23   0.000000e+00  -9.246501e+23   0.000000e+00   0.000000e+00   7.479894e+12   7.479894e+12   7.479894e+12  -1.603759e+18   1.315445e+19   0.000000e+00  -9.839389e+31  -1.199588e+31   1.346654e+33   0.000000e+00   0.000000e+00   0.000000e+00   0.000000e+00   0.000000e+00   0.000000e+00   0.000000e+00   0.000000e+00   0.000000e+00   0.000000e+00   0.000000e+00   0.000000e+00   0.000000e+00
            106   5.114880e+07      1.0000000      0.0000000   5.683000e+26   0.000000e+00   5.683000e+26   0.000000e+00   0.000000e+00   0.000000e+00   0.000000e+00   0.000000e+00   0.000000e+00   4.620274e+23   0.000000e+00  -9.246501e+23   0.000000e+00   0.000000e+00   7.479894e+12   7.479894e+12   7.479894e+12  -1.603751e+18   1.315447e+19   0.000000e+00  -9.839395e+31  -1.199592e+31   1.346654e+33   0.000000e+00   0.000000e+00   0.000000e+00   0.000000e+00   0.000000e+00   0.000000e+00   0.000000e+00   0.000000e+00   0.000000e+00   0.000000e+00   0.000000e+00   0.000000e+00   0.000000e+00
            106   5.123520e+07      1.0000000      0.0000000   5.683000e+26   0.000000e+00   5.683000e+26   0.000000e+00   0.000000e+00   0.000000e+00   0.000000e+00   0.000000e+00   0.000000e+00   4.620275e+23   0.000000e+00  -9.246501e+23   0.000000e+00   0.000000e+00   7.479894e+12   7.479894e+12   7.479894e+12  -1.603752e+18   1.315445e+19   0.000000e+00  -9.839393e+31  -1.199590e+31   1.346654e+33   0.000000e+00   0.000000e+00   0.000000e+00   0.000000e+00   0.000000e+00   0.000000e+00   0.000000e+00   0.000000e+00   0.000000e+00   0.000000e+00   0.000000e+00   0.000000e+00   0.000000e+00
            106   5.132160e+07      1.0000000      0.0000000   5.683000e+26   0.000000e+00   5.683000e+26   0.000000e+00   0.000000e+00   0.000000e+00   0.000000e+00   0.000000e+00   0.000000e+00   4.620275e+23   0.000000e+00  -9.246501e+23   0.000000e+00   0.000000e+00   7.479894e+12   7.479894e+12   7.479894e+12  -1.603736e+18   1.315445e+19   0.000000e+00  -9.839387e+31  -1.199577e+31   1.346653e+33   0.000000e+00   0.000000e+00   0.000000e+00   0.000000e+00   0.000000e+00   0.000000e+00   0.000000e+00   0.000000e+00   0.000000e+00   0.000000e+00   0.000000e+00   0.000000e+00   0.000000e+00
            106   5.140800e+07      1.0000000      0.0000000   5.683000e+26   0.000000e+00   5.683000e+26   0.000000e+00   0.000000e+00   0.000000e+00   0.000000e+00   0.000000e+00   0.000000e+00   4.620275e+23   0.000000e+00  -9.246501e+23   0.000000e+00   0.000000e+00   7.479894e+12   7.479894e+12   7.479894e+12  -1.603736e+18   1.315445e+19   0.000000e+00  -9.839392e+31  -1.199579e+31   1.346654e+33   0.000000e+00   0.000000e+00   0.000000e+00   0.000000e+00   0.000000e+00   0.000000e+00   0.000000e+00   0.000000e+00   0.000000e+00   0.000000e+00   0.000000e+00   0.000000e+00   0.000000e+00
            107   5.149440e+07      1.0000000      0.0000000   5.683000e+26   0.000000e+00   5.683000e+26   0.000000e+00   0.000000e+00   0.000000e+00   0.000000e+00   0.000000e+00   0.000000e+00   4.620274e+23   0.000000e+00  -9.246501e+23   0.000000e+00   0.000000e+00   7.479894e+12   7.479894e+12   7.479894e+12  -1.603736e+18   1.315447e+19   0.000000e+00  -9.839406e+31  -1.199576e+31   1.346654e+33   0.000000e+00   0.000000e+00   0.000000e+00   0.000000e+00   0.000000e+00   0.000000e+00   0.000000e+00   0.000000e+00   0.000000e+00   0.000000e+00   0.000000e+00   0.000000e+00   0.000000e+00
            107   5.158080e+07      1.0000000      0.0000000   5.683000e+26   0.000000e+00   5.683000e+26   0.000000e+00   0.000000e+00   0.000000e+00   0.000000e+00   0.000000e+00   0.000000e+00   4.620274e+23   0.000000e+00  -9.246501e+23   0.000000e+00   0.000000e+00   7.479894e+12   7.479894e+12   7.479894e+12  -1.603732e+18   1.315447e+19   0.000000e+00  -9.839405e+31  -1.199578e+31   1.346654e+33   0.000000e+00   0.000000e+00   0.000000e+00   0.000000e+00   0.000000e+00   0.000000e+00   0.000000e+00   0.000000e+00   0.000000e+00   0.000000e+00   0.000000e+00   0.000000e+00   0.000000e+00
            107   5.166720e+07      1.0000000      0.0000000   5.683000e+26   0.000000e+00   5.683000e+26   0.000000e+00   0.000000e+00   0.000000e+00   0.000000e+00   0.000000e+00   0.000000e+00   4.620275e+23   0.000000e+00  -9.246501e+23   0.000000e+00   0.000000e+00   7.479894e+12   7.479894e+12   7.479894e+12  -1.603743e+18   1.315447e+19   0.000000e+00  -9.839403e+31  -1.199580e+31   1.346654e+33   0.000000e+00   0.000000e+00   0.000000e+00   0.000000e+00   0.000000e+00   0.000000e+00   0.000000e+00   0.000000e+00   0.000000e+00   0.000000e+00   0.000000e+00   0.000000e+00   0.000000e+00
            107   5.175360e+07      1.0000000      0.0000000   5.683000e+26   0.000000e+00   5.683000e+26   0.000000e+00   0.000000e+00   0.000000e+00   0.000000e+00   0.000000e+00   0.000000e+00   4.620275e+23   0.000000e+00  -9.246501e+23   0.000000e+00   0.000000e+00   7.479894e+12   7.479894e+12   7.479894e+12  -1.603747e+18   1.315448e+19   0.000000e+00  -9.839407e+31  -1.199580e+31   1.346654e+33   0.000000e+00   0.000000e+00   0.000000e+00   0.000000e+00   0.000000e+00   0.000000e+00   0.000000e+00   0.000000e+00   0.000000e+00   0.000000e+00   0.000000e+00   0.000000e+00   0.000000e+00
            107   5.184000e+07      1.0000000      0.0000000   5.683000e+26   0.000000e+00   5.683000e+26   0.000000e+00   0.000000e+00   0.000000e+00   0.000000e+00   0.000000e+00   0.000000e+00   4.620275e+23   0.000000e+00  -9.246501e+23   0.000000e+00   0.000000e+00   7.479894e+12   7.479894e+12   7.479894e+12  -1.603732e+18   1.315448e+19   0.000000e+00  -9.839409e+31  -1.199574e+31   1.346654e+33   0.000000e+00   0.000000e+00   0.000000e+00   0.000000e+00   0.000000e+00   0.000000e+00   0.000000e+00   0.000000e+00   0.000000e+00   0.000000e+00   0.000000e+00   0.000000e+00   0.000000e+00
            108   5.192640e+07      1.0000000      0.0000000   5.683000e+26   0.000000e+00   5.683000e+26   0.000000e+00   0.000000e+00   0.000000e+00   0.000000e+00   0.000000e+00   0.000000e+00   4.620275e+23   0.000000e+00  -9.246502e+23   0.000000e+00   0.000000e+00   7.479894e+12   7.479894e+12   7.479894e+12  -1.603743e+18   1.315446e+19   0.000000e+00  -9.839400e+31  -1.199583e+31   1.346654e+33   0.000000e+00   0.000000e+00   0.000000e+00   0.000000e+00   0.000000e+00   0.000000e+00   0.000000e+00   0.000000e+00   0.000000e+00   0.000000e+00   0.000000e+00   0.000000e+00   0.000000e+00
            108   5.201280e+07      1.0000000      0.0000000   5.683000e+26   0.000000e+00   5.683000e+26   0.000000e+00   0.000000e+00   0.000000e+00   0.000000e+00   0.000000e+00   0.000000e+00   4.620275e+23   0.000000e+00  -9.246502e+23   0.000000e+00   0.000000e+00   7.479894e+12   7.479894e+12   7.479894e+12  -1.603749e+18   1.315447e+19   0.000000e+00  -9.839405e+31  -1.199587e+31   1.346654e+33   0.000000e+00   0.000000e+00   0.000000e+00   0.000000e+00   0.000000e+00   0.000000e+00   0.000000e+00   0.000000e+00   0.000000e+00   0.000000e+00   0.000000e+00   0.000000e+00   0.000000e+00
            108   5.209920e+07      1.0000000      0.0000000   5.683000e+26   0.000000e+00   5.683000e+26   0.000000e+00   0.000000e+00   0.000000e+00   0.000000e+00   0.000000e+00   0.000000e+00   4.620275e+23   0.000000e+00  -9.246502e+23   0.000000e+00   0.000000e+00   7.479894e+12   7.479894e+12   7.479894e+12  -1.603750e+18   1.315446e+19   0.000000e+00  -9.839401e+31  -1.199586e+31   1.346654e+33   0.000000e+00   0.000000e+00   0.000000e+00   0.000000e+00   0.000000e+00   0.000000e+00   0.000000e+00   0.000000e+00   0.000000e+00   0.000000e+00   0.000000e+00   0.000000e+00   0.000000e+00
            108   5.218560e+07      1.0000000      0.0000000   5.683000e+26   0.000000e+00   5.683000e+26   0.000000e+00   0.000000e+00   0.000000e+00   0.000000e+00   0.000000e+00   0.000000e+00   4.620275e+23   0.000000e+00  -9.246502e+23   0.000000e+00   0.000000e+00   7.479894e+12   7.479894e+12   7.479894e+12  -1.603734e+18   1.315445e+19   0.000000e+00  -9.839403e+31  -1.199580e+31   1.346654e+33   0.000000e+00   0.000000e+00   0.000000e+00   0.000000e+00   0.000000e+00   0.000000e+00   0.000000e+00   0.000000e+00   0.000000e+00   0.000000e+00   0.000000e+00   0.000000e+00   0.000000e+00
            108   5.227200e+07      1.0000000      0.0000000   5.683000e+26   0.000000e+00   5.683000e+26   0.000000e+00   0.000000e+00   0.000000e+00   0.000000e+00   0.000000e+00   0.000000e+00   4.620275e+23   0.000000e+00  -9.246502e+23   0.000000e+00   0.000000e+00   7.479894e+12   7.479894e+12   7.479894e+12  -1.603757e+18   1.315447e+19   0.000000e+00  -9.839398e+31  -1.199590e+31   1.346654e+33   0.000000e+00   0.000000e+00   0.000000e+00   0.000000e+00   0.000000e+00   0.000000e+00   0.000000e+00   0.000000e+00   0.000000e+00   0.000000e+00   0.000000e+00   0.000000e+00   0.000000e+00
            108   5.235840e+07      1.0000000      0.0000000   5.683000e+26   0.000000e+00   5.683000e+26   0.000000e+00   0.000000e+00   0.000000e+00   0.000000e+00   0.000000e+00   0.000000e+00   4.620275e+23   0.000000e+00  -9.246502e+23   0.000000e+00   0.000000e+00   7.479894e+12   7.479894e+12   7.479894e+12  -1.603751e+18   1.315447e+19   0.000000e+00  -9.839399e+31  -1.199587e+31   1.346654e+33   0.000000e+00   0.000000e+00   0.000000e+00   0.000000e+00   0.000000e+00   0.000000e+00   0.000000e+00   0.000000e+00   0.000000e+00   0.000000e+00   0.000000e+00   0.000000e+00   0.000000e+00
            109   5.244480e+07      1.0000000      0.0000000   5.683000e+26   0.000000e+00   5.683000e+26   0.000000e+00   0.000000e+00   0.000000e+00   0.000000e+00   0.000000e+00   0.000000e+00   4.620275e+23   0.000000e+00  -9.246500e+23   0.000000e+00   0.000000e+00   7.479894e+12   7.479894e+12   7.479894e+12  -1.603745e+18   1.315449e+19   0.000000e+00  -9.839429e+31  -1.199592e+31   1.346654e+33   0.000000e+00   0.000000e+00   0.000000e+00   0.000000e+00   0.000000e+00   0.000000e+00   0.000000e+00   0.000000e+00   0.000000e+00   0.000000e+00   0.000000e+00   0.000000e+00   0.000000e+00
            109   5.253120e+07      1.0000000      0.0000000   5.683000e+26   0.000000e+00   5.683000e+26   0.000000e+00   0.000000e+00   0.000000e+00   0.000000e+00   0.000000e+00   0.000000e+00   4.620275e+23   0.000000e+00  -9.246500e+23   0.000000e+00   0.000000e+00   7.479894e+12   7.479894e+12   7.479894e+12  -1.603760e+18   1.315448e+19   0.000000e+00  -9.839416e+31  -1.199589e+31   1.346654e+33   0.000000e+00   0.000000e+00   0.000000e+00   0.000000e+00   0.000000e+00   0.000000e+00   0.000000e+00   0.000000e+00   0.000000e+00   0.000000e+00   0.000000e+00   0.000000e+00   0.000000e+00
            109   5.261760e+07      1.0000000      0.0000000   5.683000e+26   0.000000e+00   5.683000e+26   0.000000e+00   0.000000e+00   0.000000e+00   0.000000e+00   0.000000e+00   0.000000e+00   4.620275e+23   0.000000e+00  -9.246500e+23   0.000000e+00   0.000000e+00   7.479894e+12   7.479894e+12   7.479894e+12  -1.603747e+18   1.315449e+19   0.000000e+00  -9.839416e+31  -1.199591e+31   1.346654e+33   0.000000e+00   0.000000e+00   0.000000e+00   0.000000e+00   0.000000e+00   0.000000e+00   0.000000e+00   0.000000e+00   0.000000e+00   0.000000e+00   0.000000e+00   0.000000e+00   0.000000e+00
            109   5.270400e+07      1.0000000      0.0000000   5.683000e+26   0.000000e+00   5.683000e+26   0.000000e+00   0.000000e+00   0.000000e+00   0.000000e+00   0.000000e+00   0.000000e+00   4.620275e+23   0.000000e+00  -9.246500e+23   0.000000e+00   0.000000e+00   7.479894e+12   7.479894e+12   7.479894e+12  -1.603758e+18   1.315450e+19   0.000000e+00  -9.839431e+31  -1.199593e+31   1.346654e+33   0.000000e+00   0.000000e+00   0.000000e+00   0.000000e+00   0.000000e+00   0.000000e+00   0.000000e+00   0.000000e+00   0.000000e+00   0.000000e+00   0.000000e+00   0.000000e+00   0.000000e+00
            109   5.279040e+07      1.0000000      0.0000000   5.683000e+26   0.000000e+00   5.683000e+26   0.000000e+00   0.000000e+00   0.000000e+00   0.000000e+00   0.000000e+00   0.000000e+00   4.620275e+23   0.000000e+00  -9.246500e+23   0.000000e+00   0.000000e+00   7.479894e+12   7.479894e+12   7.479894e+12  -1.603743e+18   1.315449e+19   0.000000e+00  -9.839422e+31  -1.199589e+31   1.346654e+33   0.000000e+00   0.000000e+00   0.000000e+00   0.000000e+00   0.000000e+00   0.000000e+00   0.000000e+00   0.000000e+00   0.000000e+00   0.000000e+00   0.000000e+00   0.000000e+00   0.000000e+00
            109   5.287680e+07      1.0000000      0.0000000   5.683000e+26   0.000000e+00   5.683000e+26   0.000000e+00   0.000000e+00   0.000000e+00   0.000000e+00   0.000000e+00   0.000000e+00   4.620275e+23   0.000000e+00  -9.246500e+23   0.000000e+00   0.000000e+00   7.479894e+12   7.479894e+12   7.479894e+12  -1.603754e+18   1.315449e+19   0.000000e+00  -9.839422e+31  -1.199589e+31   1.346654e+33   0.000000e+00   0.000000e+00   0.000000e+00   0.000000e+00   0.000000e+00   0.000000e+00   0.000000e+00   0.000000e+00   0.000000e+00   0.000000e+00   0.000000e+00   0.000000e+00   0.000000e+00
            110   5.296320e+07      1.0000000      0.0000000   5.683000e+26   0.000000e+00   5.683000e+26   0.000000e+00   0.000000e+00   0.000000e+00   0.000000e+00   0.000000e+00   0.000000e+00   4.620275e+23   0.000000e+00  -9.246501e+23   0.000000e+00   0.000000e+00   7.479894e+12   7.479894e+12   7.479894e+12  -1.603764e+18   1.315447e+19   0.000000e+00  -9.839404e+31  -1.199590e+31   1.346654e+33   0.000000e+00   0.000000e+00   0.000000e+00   0.000000e+00   0.000000e+00   0.000000e+00   0.000000e+00   0.000000e+00   0.000000e+00   0.000000e+00   0.000000e+00   0.000000e+00   0.000000e+00
            110   5.304960e+07      1.0000000      0.0000000   5.683000e+26   0.000000e+00   5.683000e+26   0.000000e+00   0.000000e+00   0.000000e+00   0.000000e+00   0.000000e+00   0.000000e+00   4.620275e+23   0.000000e+00  -9.246501e+23   0.000000e+00   0.000000e+00   7.479894e+12   7.479894e+12   7.479894e+12  -1.603745e+18   1.315445e+19   0.000000e+00  -9.839393e+31  -1.199589e+31   1.346654e+33   0.000000e+00   0.000000e+00   0.000000e+00   0.000000e+00   0.000000e+00   0.000000e+00   0.000000e+00   0.000000e+00   0.000000e+00   0.000000e+00   0.000000e+00   0.000000e+00   0.000000e+00
            110   5.313600e+07      1.0000000      0.0000000   5.683000e+26   0.000000e+00   5.683000e+26   0.000000e+00   0.000000e+00   0.000000e+00   0.000000e+00   0.000000e+00   0.000000e+00   4.620275e+23   0.000000e+00  -9.246501e+23   0.000000e+00   0.000000e+00   7.479894e+12   7.479894e+12   7.479894e+12  -1.603755e+18   1.315447e+19   0.000000e+00  -9.839397e+31  -1.199593e+31   1.346654e+33   0.000000e+00   0.000000e+00   0.000000e+00   0.000000e+00   0.000000e+00   0.000000e+00   0.000000e+00   0.000000e+00   0.000000e+00   0.000000e+00   0.000000e+00   0.000000e+00   0.000000e+00
            110   5.322240e+07      1.0000000      0.0000000   5.683000e+26   0.000000e+00   5.683000e+26   0.000000e+00   0.000000e+00   0.000000e+00   0.000000e+00   0.000000e+00   0.000000e+00   4.620275e+23   0.000000e+00  -9.246501e+23   0.000000e+00   0.000000e+00   7.479894e+12   7.479894e+12   7.479894e+12  -1.603767e+18   1.315446e+19   0.000000e+00  -9.839395e+31  -1.199605e+31   1.346654e+33   0.000000e+00   0.000000e+00   0.000000e+00   0.000000e+00   0.000000e+00   0.000000e+00   0.000000e+00   0.000000e+00   0.000000e+00   0.000000e+00   0.000000e+00   0.000000e+00   0.000000e+00
            110   5.330880e+07      1.0000000      0.0000000   5.683000e+26   0.000000e+00   5.683000e+26   0.000000e+00   0.000000e+00   0.000000e+00   0.000000e+00   0.000000e+00   0.000000e+00   4.620275e+23   0.000000e+00  -9.246501e+23   0.000000e+00   0.000000e+00   7.479894e+12   7.479894e+12   7.479894e+12  -1.603745e+18   1.315446e+19   0.000000e+00  -9.839396e+31  -1.199588e+31   1.346654e+33   0.000000e+00   0.000000e+00   0.000000e+00   0.000000e+00   0.000000e+00   0.000000e+00   0.000000e+00   0.000000e+00   0.000000e+00   0.000000e+00   0.000000e+00   0.000000e+00   0.000000e+00
            111   5.339520e+07      1.0000000      0.0000000   5.683000e+26   0.000000e+00   5.683000e+26   0.000000e+00   0.000000e+00   0.000000e+00   0.000000e+00   0.000000e+00   0.000000e+00   4.620275e+23   0.000000e+00  -9.246502e+23   0.000000e+00   0.000000e+00   7.479894e+12   7.479894e+12   7.479894e+12  -1.603761e+18   1.315447e+19   0.000000e+00  -9.839401e+31  -1.199598e+31   1.346654e+33   0.000000e+00   0.000000e+00   0.000000e+00   0.000000e+00   0.000000e+00   0.000000e+00   0.000000e+00   0.000000e+00   0.000000e+00   0.000000e+00   0.000000e+00   0.000000e+00   0.000000e+00
            111   5.348160e+07      1.0000000      0.0000000   5.683000e+26   0.000000e+00   5.683000e+26   0.000000e+00   0.000000e+00   0.000000e+00   0.000000e+00   0.000000e+00   0.000000e+00   4.620275e+23   0.000000e+00  -9.246502e+23   0.000000e+00   0.000000e+00   7.479894e+12   7.479894e+12   7.479894e+12  -1.603746e+18   1.315448e+19   0.000000e+00  -9.839405e+31  -1.199588e+31   1.346654e+33   0.000000e+00   0.000000e+00   0.000000e+00   0.000000e+00   0.000000e+00   0.000000e+00   0.000000e+00   0.000000e+00   0.000000e+00   0.000000e+00   0.000000e+00   0.000000e+00   0.000000e+00
            111   5.356800e+07      1.0000000      0.0000000   5.683000e+26   0.000000e+00   5.683000e+26   0.000000e+00   0.000000e+00   0.000000e+00   0.000000e+00   0.000000e+00   0.000000e+00   4.620275e+23   0.000000e+00  -9.246502e+23   0.000000e+00   0.000000e+00   7.479894e+12   7.479894e+12   7.479894e+12  -1.603758e+18   1.315447e+19   0.000000e+00  -9.839402e+31  -1.199599e+31   1.346654e+33   0.000000e+00   0.000000e+00   0.000000e+00   0.000000e+00   0.000000e+00   0.000000e+00   0.000000e+00   0.000000e+00   0.000000e+00   0.000000e+00   0.000000e+00   0.000000e+00   0.000000e+00
            111   5.365440e+07      1.0000000      0.0000000   5.683000e+26   0.000000e+00   5.683000e+26   0.000000e+00   0.000000e+00   0.000000e+00   0.000000e+00   0.000000e+00   0.000000e+00   4.620275e+23   0.000000e+00  -9.246502e+23   0.000000e+00   0.000000e+00   7.479894e+12   7.479894e+12   7.479894e+12  -1.603749e+18   1.315445e+19   0.000000e+00  -9.839397e+31  -1.199584e+31   1.346654e+33   0.000000e+00   0.000000e+00   0.000000e+00   0.000000e+00   0.000000e+00   0.000000e+00   0.000000e+00   0.000000e+00   0.000000e+00   0.000000e+00   0.000000e+00   0.000000e+00   0.000000e+00
            111   5.374080e+07      1.0000000      0.0000000   5.683000e+26   0.000000e+00   5.683000e+26   0.000000e+00   0.000000e+00   0.000000e+00   0.000000e+00   0.000000e+00   0.000000e+00   4.620275e+23   0.000000e+00  -9.246502e+23   0.000000e+00   0.000000e+00   7.479894e+12   7.479894e+12   7.479894e+12  -1.603747e+18   1.315448e+19   0.000000e+00  -9.839408e+31  -1.199589e+31   1.346654e+33   0.000000e+00   0.000000e+00   0.000000e+00   0.000000e+00   0.000000e+00   0.000000e+00   0.000000e+00   0.000000e+00   0.000000e+00   0.000000e+00   0.000000e+00   0.000000e+00   0.000000e+00
            111   5.382720e+07      1.0000000      0.0000000   5.683000e+26   0.000000e+00   5.683000e+26   0.000000e+00   0.000000e+00   0.000000e+00   0.000000e+00   0.000000e+00   0.000000e+00   4.620276e+23   0.000000e+00  -9.246502e+23   0.000000e+00   0.000000e+00   7.479894e+12   7.479894e+12   7.479894e+12  -1.603751e+18   1.315447e+19   0.000000e+00  -9.839407e+31  -1.199587e+31   1.346654e+33   0.000000e+00   0.000000e+00   0.000000e+00   0.000000e+00   0.000000e+00   0.000000e+00   0.000000e+00   0.000000e+00   0.000000e+00   0.000000e+00   0.000000e+00   0.000000e+00   0.000000e+00
            112   5.391360e+07      1.0000000      0.0000000   5.683000e+26   0.000000e+00   5.683000e+26   0.000000e+00   0.000000e+00   0.000000e+00   0.000000e+00   0.000000e+00   0.000000e+00   4.620275e+23   0.000000e+00  -9.246502e+23   0.000000e+00   0.000000e+00   7.479894e+12   7.479894e+12   7.479894e+12  -1.603732e+18   1.315450e+19   0.000000e+00  -9.839423e+31  -1.199577e+31   1.346654e+33   0.000000e+00   0.000000e+00   0.000000e+00   0.000000e+00   0.000000e+00   0.000000e+00   0.000000e+00   0.000000e+00   0.000000e+00   0.000000e+00   0.000000e+00   0.000000e+00   0.000000e+00
            112   5.400000e+07      1.0000000      0.0000000   5.683000e+26   0.000000e+00   5.683000e+26   0.000000e+00   0.000000e+00   0.000000e+00   0.000000e+00   0.000000e+00   0.000000e+00   4.620275e+23   0.000000e+00  -9.246502e+23   0.000000e+00   0.000000e+00   7.479894e+12   7.479894e+12   7.479894e+12  -1.603717e+18   1.315449e+19   0.000000e+00  -9.839423e+31  -1.199565e+31   1.346654e+33   0.000000e+00   0.000000e+00   0.000000e+00   0.000000e+00   0.000000e+00   0.000000e+00   0.000000e+00   0.000000e+00   0.000000e+00   0.000000e+00   0.000000e+00   0.000000e+00   0.000000e+00
            112   5.408640e+07      1.0000000      0.0000000   5.683000e+26   0.000000e+00   5.683000e+26   0.000000e+00   0.000000e+00   0.000000e+00   0.000000e+00   0.000000e+00   0.000000e+00   4.620275e+23   0.000000e+00  -9.246502e+23   0.000000e+00   0.000000e+00   7.479894e+12   7.479894e+12   7.479894e+12  -1.603718e+18   1.315449e+19   0.000000e+00  -9.839416e+31  -1.199562e+31   1.346654e+33   0.000000e+00   0.000000e+00   0.000000e+00   0.000000e+00   0.000000e+00   0.000000e+00   0.000000e+00   0.000000e+00   0.000000e+00   0.000000e+00   0.000000e+00   0.000000e+00   0.000000e+00
            112   5.417280e+07      1.0000000      0.0000000   5.683000e+26   0.000000e+00   5.683000e+26   0.000000e+00   0.000000e+00   0.000000e+00   0.000000e+00   0.000000e+00   0.000000e+00   4.620275e+23   0.000000e+00  -9.246502e+23   0.000000e+00   0.000000e+00   7.479894e+12   7.479894e+12   7.479894e+12  -1.603744e+18   1.315449e+19   0.000000e+00  -9.839421e+31  -1.199577e+31   1.346654e+33   0.000000e+00   0.000000e+00   0.000000e+00   0.000000e+00   0.000000e+00   0.000000e+00   0.000000e+00   0.000000e+00   0.000000e+00   0.000000e+00   0.000000e+00   0.000000e+00   0.000000e+00
            112   5.425920e+07      1.0000000      0.0000000   5.683000e+26   0.000000e+00   5.683000e+26   0.000000e+00   0.000000e+00   0.000000e+00   0.000000e+00   0.000000e+00   0.000000e+00   4.620276e+23   0.000000e+00  -9.246502e+23   0.000000e+00   0.000000e+00   7.479894e+12   7.479894e+12   7.479894e+12  -1.603739e+18   1.315450e+19   0.000000e+00  -9.839423e+31  -1.199578e+31   1.346654e+33   0.000000e+00   0.000000e+00   0.000000e+00   0.000000e+00   0.000000e+00   0.000000e+00   0.000000e+00   0.000000e+00   0.000000e+00   0.000000e+00   0.000000e+00   0.000000e+00   0.000000e+00
            113   5.434560e+07      1.0000000      0.0000000   5.683000e+26   0.000000e+00   5.683000e+26   0.000000e+00   0.000000e+00   0.000000e+00   0.000000e+00   0.000000e+00   0.000000e+00   4.620275e+23   0.000000e+00  -9.246503e+23   0.000000e+00   0.000000e+00   7.479894e+12   7.479894e+12   7.479894e+12  -1.603727e+18   1.315452e+19   0.000000e+00  -9.839440e+31  -1.199572e+31   1.346654e+33   0.000000e+00   0.000000e+00   0.000000e+00   0.000000e+00   0.000000e+00   0.000000e+00   0.000000e+00   0.000000e+00   0.000000e+00   0.000000e+00   0.000000e+00   0.000000e+00   0.000000e+00
            113   5.443200e+07      1.0000000      0.0000000   5.683000e+26   0.000000e+00   5.683000e+26   0.000000e+00   0.000000e+00   0.000000e+00   0.000000e+00   0.000000e+00   0.000000e+00   4.620275e+23   0.000000e+00  -9.246503e+23   0.000000e+00   0.000000e+00   7.479894e+12   7.479894e+12   7.479894e+12  -1.603740e+18   1.315450e+19   0.000000e+00  -9.839432e+31  -1.199580e+31   1.346654e+33   0.000000e+00   0.000000e+00   0.000000e+00   0.000000e+00   0.000000e+00   0.000000e+00   0.000000e+00   0.000000e+00   0.000000e+00   0.000000e+00   0.000000e+00   0.000000e+00   0.000000e+00
            113   5.451840e+07      1.0000000      0.0000000   5.683000e+26   0.000000e+00   5.683000e+26   0.000000e+00   0.000000e+00   0.000000e+00   0.000000e+00   0.000000e+00   0.000000e+00   4.620275e+23   0.000000e+00  -9.246503e+23   0.000000e+00   0.000000e+00   7.479894e+12   7.479894e+12   7.479894e+12  -1.603725e+18   1.315450e+19   0.000000e+00  -9.839428e+31  -1.199568e+31   1.346654e+33   0.000000e+00   0.000000e+00   0.000000e+00   0.000000e+00   0.000000e+00   0.000000e+00   0.000000e+00   0.000000e+00   0.000000e+00   0.000000e+00   0.000000e+00   0.000000e+00   0.000000e+00
            113   5.460480e+07      1.0000000      0.0000000   5.683000e+26   0.000000e+00   5.683000e+26   0.000000e+00   0.000000e+00   0.000000e+00   0.000000e+00   0.000000e+00   0.000000e+00   4.620275e+23   0.000000e+00  -9.246503e+23   0.000000e+00   0.000000e+00   7.479894e+12   7.479894e+12   7.479894e+12  -1.603729e+18   1.315453e+19   0.000000e+00  -9.839440e+31  -1.199572e+31   1.346654e+33   0.000000e+00   0.000000e+00   0.000000e+00   0.000000e+00   0.000000e+00   0.000000e+00   0.000000e+00   0.000000e+00   0.000000e+00   0.000000e+00   0.000000e+00   0.000000e+00   0.000000e+00
            113   5.469120e+07      1.0000000      0.0000000   5.683000e+26   0.000000e+00   5.683000e+26   0.000000e+00   0.000000e+00   0.000000e+00   0.000000e+00   0.000000e+00   0.000000e+00   4.620276e+23   0.000000e+00  -9.246503e+23   0.000000e+00   0.000000e+00   7.479894e+12   7.479894e+12   7.479894e+12  -1.603736e+18   1.315452e+19   0.000000e+00  -9.839440e+31  -1.199575e+31   1.346654e+33   0.000000e+00   0.000000e+00   0.000000e+00   0.000000e+00   0.000000e+00   0.000000e+00   0.000000e+00   0.000000e+00   0.000000e+00   0.000000e+00   0.000000e+00   0.000000e+00   0.000000e+00
            113   5.477760e+07      1.0000000      0.0000000   5.683000e+26   0.000000e+00   5.683000e+26   0.000000e+00   0.000000e+00   0.000000e+00   0.000000e+00   0.000000e+00   0.000000e+00   4.620276e+23   0.000000e+00  -9.246503e+23   0.000000e+00   0.000000e+00   7.479894e+12   7.479894e+12   7.479894e+12  -1.603730e+18   1.315450e+19   0.000000e+00  -9.839432e+31  -1.199574e+31   1.346654e+33   0.000000e+00   0.000000e+00   0.000000e+00   0.000000e+00   0.000000e+00   0.000000e+00   0.000000e+00   0.000000e+00   0.000000e+00   0.000000e+00   0.000000e+00   0.000000e+00   0.000000e+00
            114   5.486400e+07      1.0000000      0.0000000   5.683000e+26   0.000000e+00   5.683000e+26   0.000000e+00   0.000000e+00   0.000000e+00   0.000000e+00   0.000000e+00   0.000000e+00   4.620275e+23   0.000000e+00  -9.246502e+23   0.000000e+00   0.000000e+00   7.479894e+12   7.479894e+12   7.479894e+12  -1.603734e+18   1.315453e+19   0.000000e+00  -9.839452e+31  -1.199580e+31   1.346654e+33   0.000000e+00   0.000000e+00   0.000000e+00   0.000000e+00   0.000000e+00   0.000000e+00   0.000000e+00   0.000000e+00   0.000000e+00   0.000000e+00   0.000000e+00   0.000000e+00   0.000000e+00
            114   5.495040e+07      1.0000000      0.0000000   5.683000e+26   0.000000e+00   5.683000e+26   0.000000e+00   0.000000e+00   0.000000e+00   0.000000e+00   0.000000e+00   0.000000e+00   4.620275e+23   0.000000e+00  -9.246502e+23   0.000000e+00   0.000000e+00   7.479894e+12   7.479894e+12   7.479894e+12  -1.603748e+18   1.315454e+19   0.000000e+00  -9.839457e+31  -1.199586e+31   1.346654e+33   0.000000e+00   0.000000e+00   0.000000e+00   0.000000e+00   0.000000e+00   0.000000e+00   0.000000e+00   0.000000e+00   0.000000e+00   0.000000e+00   0.000000e+00   0.000000e+00   0.000000e+00
            114   5.503680e+07      1.0000000      0.0000000   5.683000e+26   0.000000e+00   5.683000e+26   0.000000e+00   0.000000e+00   0.000000e+00   0.000000e+00   0.000000e+00   0.000000e+00   4.620275e+23   0.000000e+00  -9.246502e+23   0.000000e+00   0.000000e+00   7.479894e+12   7.479894e+12   7.479894e+12  -1.603739e+18   1.315454e+19   0.000000e+00  -9.839456e+31  -1.199585e+31   1.346654e+33   0.000000e+00   0.000000e+00   0.000000e+00   0.000000e+00   0.000000e+00   0.000000e+00   0.000000e+00   0.000000e+00   0.000000e+00   0.000000e+00   0.000000e+00   0.000000e+00   0.000000e+00
            114   5.512320e+07      1.0000000      0.0000000   5.683000e+26   0.000000e+00   5.683000e+26   0.000000e+00   0.000000e+00   0.000000e+00   0.000000e+00   0.000000e+00   0.000000e+00   4.620276e+23   0.000000e+00  -9.246502e+23   0.000000e+00   0.000000e+00   7.479894e+12   7.479894e+12   7.479894e+12  -1.603753e+18   1.315452e+19   0.000000e+00  -9.839444e+31  -1.199592e+31   1.346654e+33   0.000000e+00   0.000000e+00   0.000000e+00   0.000000e+00   0.000000e+00   0.000000e+00   0.000000e+00   0.000000e+00   0.000000e+00   0.000000e+00   0.000000e+00   0.000000e+00   0.000000e+00
            114   5.520960e+07      1.0000000      0.0000000   5.683000e+26   0.000000e+00   5.683000e+26   0.000000e+00   0.000000e+00   0.000000e+00   0.000000e+00   0.000000e+00   0.000000e+00   4.620276e+23   0.000000e+00  -9.246502e+23   0.000000e+00   0.000000e+00   7.479894e+12   7.479894e+12   7.479894e+12  -1.603749e+18   1.315454e+19   0.000000e+00  -9.839454e+31  -1.199586e+31   1.346654e+33   0.000000e+00   0.000000e+00   0.000000e+00   0.000000e+00   0.000000e+00   0.000000e+00   0.000000e+00   0.000000e+00   0.000000e+00   0.000000e+00   0.000000e+00   0.000000e+00   0.000000e+00
            115   5.529600e+07      1.0000000      0.0000000   5.683000e+26   0.000000e+00   5.683000e+26   0.000000e+00   0.000000e+00   0.000000e+00   0.000000e+00   0.000000e+00   0.000000e+00   4.620276e+23   0.000000e+00  -9.246502e+23   0.000000e+00   0.000000e+00   7.479894e+12   7.479894e+12   7.479894e+12  -1.603750e+18   1.315457e+19   0.000000e+00  -9.839477e+31  -1.199588e+31   1.346654e+33   0.000000e+00   0.000000e+00   0.000000e+00   0.000000e+00   0.000000e+00   0.000000e+00   0.000000e+00   0.000000e+00   0.000000e+00   0.000000e+00   0.000000e+00   0.000000e+00   0.000000e+00
            115   5.538240e+07      1.0000000      0.0000000   5.683000e+26   0.000000e+00   5.683000e+26   0.000000e+00   0.000000e+00   0.000000e+00   0.000000e+00   0.000000e+00   0.000000e+00   4.620276e+23   0.000000e+00  -9.246502e+23   0.000000e+00   0.000000e+00   7.479894e+12   7.479894e+12   7.479894e+12  -1.603753e+18   1.315456e+19   0.000000e+00  -9.839469e+31  -1.199584e+31   1.346654e+33   0.000000e+00   0.000000e+00   0.000000e+00   0.000000e+00   0.000000e+00   0.000000e+00   0.000000e+00   0.000000e+00   0.000000e+00   0.000000e+00   0.000000e+00   0.000000e+00   0.000000e+00
            115   5.546880e+07      1.0000000      0.0000000   5.683000e+26   0.000000e+00   5.683000e+26   0.000000e+00   0.000000e+00   0.000000e+00   0.000000e+00   0.000000e+00   0.000000e+00   4.620276e+23   0.000000e+00  -9.246502e+23   0.000000e+00   0.000000e+00   7.479894e+12   7.479894e+12   7.479894e+12  -1.603757e+18   1.315455e+19   0.000000e+00  -9.839471e+31  -1.199588e+31   1.346654e+33   0.000000e+00   0.000000e+00   0.000000e+00   0.000000e+00   0.000000e+00   0.000000e+00   0.000000e+00   0.000000e+00   0.000000e+00   0.000000e+00   0.000000e+00   0.000000e+00   0.000000e+00
            115   5.555520e+07      1.0000000      0.0000000   5.683000e+26   0.000000e+00   5.683000e+26   0.000000e+00   0.000000e+00   0.000000e+00   0.000000e+00   0.000000e+00   0.000000e+00   4.620276e+23   0.000000e+00  -9.246502e+23   0.000000e+00   0.000000e+00   7.479894e+12   7.479894e+12   7.479894e+12  -1.603757e+18   1.315456e+19   0.000000e+00  -9.839468e+31  -1.199587e+31   1.346654e+33   0.000000e+00   0.000000e+00   0.000000e+00   0.000000e+00   0.000000e+00   0.000000e+00   0.000000e+00   0.000000e+00   0.000000e+00   0.000000e+00   0.000000e+00   0.000000e+00   0.000000e+00
            115   5.564160e+07      1.0000000      0.0000000   5.683000e+26   0.000000e+00   5.683000e+26   0.000000e+00   0.000000e+00   0.000000e+00   0.000000e+00   0.000000e+00   0.000000e+00   4.620276e+23   0.000000e+00  -9.246502e+23   0.000000e+00   0.000000e+00   7.479894e+12   7.479894e+12   7.479894e+12  -1.603747e+18   1.315455e+19   0.000000e+00  -9.839469e+31  -1.199584e+31   1.346654e+33   0.000000e+00   0.000000e+00   0.000000e+00   0.000000e+00   0.000000e+00   0.000000e+00   0.000000e+00   0.000000e+00   0.000000e+00   0.000000e+00   0.000000e+00   0.000000e+00   0.000000e+00
            115   5.572800e+07      1.0000000      0.0000000   5.683000e+26   0.000000e+00   5.683000e+26   0.000000e+00   0.000000e+00   0.000000e+00   0.000000e+00   0.000000e+00   0.000000e+00   4.620276e+23   0.000000e+00  -9.246502e+23   0.000000e+00   0.000000e+00   7.479894e+12   7.479894e+12   7.479894e+12  -1.603743e+18   1.315455e+19   0.000000e+00  -9.839466e+31  -1.199586e+31   1.346654e+33   0.000000e+00   0.000000e+00   0.000000e+00   0.000000e+00   0.000000e+00   0.000000e+00   0.000000e+00   0.000000e+00   0.000000e+00   0.000000e+00   0.000000e+00   0.000000e+00   0.000000e+00
            116   5.581440e+07      1.0000000      0.0000000   5.683000e+26   0.000000e+00   5.683000e+26   0.000000e+00   0.000000e+00   0.000000e+00   0.000000e+00   0.000000e+00   0.000000e+00   4.620276e+23   0.000000e+00  -9.246502e+23   0.000000e+00   0.000000e+00   7.479894e+12   7.479894e+12   7.479894e+12  -1.603770e+18   1.315456e+19   0.000000e+00  -9.839469e+31  -1.199598e+31   1.346654e+33   0.000000e+00   0.000000e+00   0.000000e+00   0.000000e+00   0.000000e+00   0.000000e+00   0.000000e+00   0.000000e+00   0.000000e+00   0.000000e+00   0.000000e+00   0.000000e+00   0.000000e+00
            116   5.590080e+07      1.0000000      0.0000000   5.683000e+26   0.000000e+00   5.683000e+26   0.000000e+00   0.000000e+00   0.000000e+00   0.000000e+00   0.000000e+00   0.000000e+00   4.620276e+23   0.000000e+00  -9.246502e+23   0.000000e+00   0.000000e+00   7.479894e+12   7.479894e+12   7.479894e+12  -1.603762e+18   1.315454e+19   0.000000e+00  -9.839464e+31  -1.199595e+31   1.346654e+33   0.000000e+00   0.000000e+00   0.000000e+00   0.000000e+00   0.000000e+00   0.000000e+00   0.000000e+00   0.000000e+00   0.000000e+00   0.000000e+00   0.000000e+00   0.000000e+00   0.000000e+00
            116   5.598720e+07      1.0000000      0.0000000   5.683000e+26   0.000000e+00   5.683000e+26   0.000000e+00   0.000000e+00   0.000000e+00   0.000000e+00   0.000000e+00   0.000000e+00   4.620276e+23   0.000000e+00  -9.246502e+23   0.000000e+00   0.000000e+00   7.479894e+12   7.479894e+12   7.479894e+12  -1.603742e+18   1.315457e+19   0.000000e+00  -9.839475e+31  -1.199585e+31   1.346654e+33   0.000000e+00   0.000000e+00   0.000000e+00   0.000000e+00   0.000000e+00   0.000000e+00   0.000000e+00   0.000000e+00   0.000000e+00   0.000000e+00   0.000000e+00   0.000000e+00   0.000000e+00
            116   5.607360e+07      1.0000000      0.0000000   5.683000e+26   0.000000e+00   5.683000e+26   0.000000e+00   0.000000e+00   0.000000e+00   0.000000e+00   0.000000e+00   0.000000e+00   4.620276e+23   0.000000e+00  -9.246502e+23   0.000000e+00   0.000000e+00   7.479894e+12   7.479894e+12   7.479894e+12  -1.603753e+18   1.315456e+19   0.000000e+00  -9.839469e+31  -1.199588e+31   1.346654e+33   0.000000e+00   0.000000e+00   0.000000e+00   0.000000e+00   0.000000e+00   0.000000e+00   0.000000e+00   0.000000e+00   0.000000e+00   0.000000e+00   0.000000e+00   0.000000e+00   0.000000e+00
            116   5.616000e+07      1.0000000      0.0000000   5.683000e+26   0.000000e+00   5.683000e+26   0.000000e+00   0.000000e+00   0.000000e+00   0.000000e+00   0.000000e+00   0.000000e+00   4.620276e+23   0.000000e+00  -9.246502e+23   0.000000e+00   0.000000e+00   7.479894e+12   7.479894e+12   7.479894e+12  -1.603746e+18   1.315456e+19   0.000000e+00  -9.839475e+31  -1.199583e+31   1.346654e+33   0.000000e+00   0.000000e+00   0.000000e+00   0.000000e+00   0.000000e+00   0.000000e+00   0.000000e+00   0.000000e+00   0.000000e+00   0.000000e+00   0.000000e+00   0.000000e+00   0.000000e+00
            116   5.624640e+07      1.0000000      0.0000000   5.683000e+26   0.000000e+00   5.683000e+26   0.000000e+00   0.000000e+00   0.000000e+00   0.000000e+00   0.000000e+00   0.000000e+00   4.620276e+23   0.000000e+00  -9.246502e+23   0.000000e+00   0.000000e+00   7.479894e+12   7.479894e+12   7.479894e+12  -1.603765e+18   1.315457e+19   0.000000e+00  -9.839482e+31  -1.199592e+31   1.346655e+33   0.000000e+00   0.000000e+00   0.000000e+00   0.000000e+00   0.000000e+00   0.000000e+00   0.000000e+00   0.000000e+00   0.000000e+00   0.000000e+00   0.000000e+00   0.000000e+00   0.000000e+00
            117   5.633280e+07      1.0000000      0.0000000   5.683000e+26   0.000000e+00   5.683000e+26   0.000000e+00   0.000000e+00   0.000000e+00   0.000000e+00   0.000000e+00   0.000000e+00   4.620276e+23   0.000000e+00  -9.246503e+23   0.000000e+00   0.000000e+00   7.479894e+12   7.479894e+12   7.479894e+12  -1.603728e+18   1.315458e+19   0.000000e+00  -9.839483e+31  -1.199572e+31   1.346654e+33   0.000000e+00   0.000000e+00   0.000000e+00   0.000000e+00   0.000000e+00   0.000000e+00   0.000000e+00   0.000000e+00   0.000000e+00   0.000000e+00   0.000000e+00   0.000000e+00   0.000000e+00
            117   5.641920e+07      1.0000000      0.0000000   5.683000e+26   0.000000e+00   5.683000e+26   0.000000e+00   0.000000e+00   0.000000e+00   0.000000e+00   0.000000e+00   0.000000e+00   4.620276e+23   0.000000e+00  -9.246503e+23   0.000000e+00   0.000000e+00   7.479894e+12   7.479894e+12   7.479894e+12  -1.603714e+18   1.315458e+19   0.000000e+00  -9.839484e+31  -1.199565e+31   1.346654e+33   0.000000e+00   0.000000e+00   0.000000e+00   0.000000e+00   0.000000e+00   0.000000e+00   0.000000e+00   0.000000e+00   0.000000e+00   0.000000e+00   0.000000e+00   0.000000e+00   0.000000e+00
            117   5.650560e+07      1.0000000      0.0000000   5.683000e+26   0.000000e+00   5.683000e+26   0.000000e+00   0.000000e+00   0.000000e+00   0.000000e+00   0.000000e+00   0.000000e+00   4.620276e+23   0.000000e+00  -9.246503e+23   0.000000e+00   0.000000e+00   7.479894e+12   7.479894e+12   7.479894e+12  -1.603713e+18   1.315458e+19   0.000000e+00  -9.839485e+31  -1.199569e+31   1.346654e+33   0.000000e+00   0.000000e+00   0.000000e+00   0.000000e+00   0.000000e+00   0.000000e+00   0.000000e+00   0.000000e+00   0.000000e+00   0.000000e+00   0.000000e+00   0.000000e+00   0.000000e+00
            117   5.659200e+07      1.0000000      0.0000000   5.683000e+26   0.000000e+00   5.683000e+26   0.000000e+00   0.000000e+00   0.000000e+00   0.000000e+00   0.000000e+00   0.000000e+00   4.620276e+23   0.000000e+00  -9.246503e+23   0.000000e+00   0.000000e+00   7.479894e+12   7.479894e+12   7.479894e+12  -1.603739e+18   1.315457e+19   0.000000e+00  -9.839483e+31  -1.199580e+31   1.346654e+33   0.000000e+00   0.000000e+00   0.000000e+00   0.000000e+00   0.000000e+00   0.000000e+00   0.000000e+00   0.000000e+00   0.000000e+00   0.000000e+00   0.000000e+00   0.000000e+00   0.000000e+00
            117   5.667840e+07      1.0000000      0.0000000   5.683000e+26   0.000000e+00   5.683000e+26   0.000000e+00   0.000000e+00   0.000000e+00   0.000000e+00   0.000000e+00   0.000000e+00   4.620276e+23   0.000000e+00  -9.246503e+23   0.000000e+00   0.000000e+00   7.479894e+12   7.479894e+12   7.479894e+12  -1.603730e+18   1.315458e+19   0.000000e+00  -9.839490e+31  -1.199571e+31   1.346655e+33   0.000000e+00   0.000000e+00   0.000000e+00   0.000000e+00   0.000000e+00   0.000000e+00   0.000000e+00   0.000000e+00   0.000000e+00   0.000000e+00   0.000000e+00   0.000000e+00   0.000000e+00
            118   5.676480e+07      1.0000000      0.0000000   5.683000e+26   0.000000e+00   5.683000e+26   0.000000e+00   0.000000e+00   0.000000e+00   0.000000e+00   0.000000e+00   0.000000e+00   4.620276e+23   0.000000e+00  -9.246502e+23   0.000000e+00   0.000000e+00   7.479894e+12   7.479894e+12   7.479894e+12  -1.603743e+18   1.315458e+19   0.000000e+00  -9.839490e+31  -1.199579e+31   1.346655e+33   0.000000e+00   0.000000e+00   0.000000e+00   0.000000e+00   0.000000e+00   0.000000e+00   0.000000e+00   0.000000e+00   0.000000e+00   0.000000e+00   0.000000e+00   0.000000e+00   0.000000e+00
            118   5.685120e+07      1.0000000      0.0000000   5.683000e+26   0.000000e+00   5.683000e+26   0.000000e+00   0.000000e+00   0.000000e+00   0.000000e+00   0.000000e+00   0.000000e+00   4.620276e+23   0.000000e+00  -9.246502e+23   0.000000e+00   0.000000e+00   7.479894e+12   7.479894e+12   7.479894e+12  -1.603748e+18   1.315460e+19   0.000000e+00  -9.839497e+31  -1.199574e+31   1.346655e+33   0.000000e+00   0.000000e+00   0.000000e+00   0.000000e+00   0.000000e+00   0.000000e+00   0.000000e+00   0.000000e+00   0.000000e+00   0.000000e+00   0.000000e+00   0.000000e+00   0.000000e+00
            118   5.693760e+07      1.0000000      0.0000000   5.683000e+26   0.000000e+00   5.683000e+26   0.000000e+00   0.000000e+00   0.000000e+00   0.000000e+00   0.000000e+00   0.000000e+00   4.620276e+23   0.000000e+00  -9.246502e+23   0.000000e+00   0.000000e+00   7.479894e+12   7.479894e+12   7.479894e+12  -1.603742e+18   1.315459e+19   0.000000e+00  -9.839486e+31  -1.199575e+31   1.346654e+33   0.000000e+00   0.000000e+00   0.000000e+00   0.000000e+00   0.000000e+00   0.000000e+00   0.000000e+00   0.000000e+00   0.000000e+00   0.000000e+00   0.000000e+00   0.000000e+00   0.000000e+00
            118   5.702400e+07      1.0000000      0.0000000   5.683000e+26   0.000000e+00   5.683000e+26   0.000000e+00   0.000000e+00   0.000000e+00   0.000000e+00   0.000000e+00   0.000000e+00   4.620276e+23   0.000000e+00  -9.246502e+23   0.000000e+00   0.000000e+00   7.479894e+12   7.479894e+12   7.479894e+12  -1.603730e+18   1.315459e+19   0.000000e+00  -9.839492e+31  -1.199578e+31   1.346655e+33   0.000000e+00   0.000000e+00   0.000000e+00   0.000000e+00   0.000000e+00   0.000000e+00   0.000000e+00   0.000000e+00   0.000000e+00   0.000000e+00   0.000000e+00   0.000000e+00   0.000000e+00
            118   5.711040e+07      1.0000000      0.0000000   5.683000e+26   0.000000e+00   5.683000e+26   0.000000e+00   0.000000e+00   0.000000e+00   0.000000e+00   0.000000e+00   0.000000e+00   4.620276e+23   0.000000e+00  -9.246502e+23   0.000000e+00   0.000000e+00   7.479894e+12   7.479894e+12   7.479894e+12  -1.603728e+18   1.315459e+19   0.000000e+00  -9.839489e+31  -1.199578e+31   1.346655e+33   0.000000e+00   0.000000e+00   0.000000e+00   0.000000e+00   0.000000e+00   0.000000e+00   0.000000e+00   0.000000e+00   0.000000e+00   0.000000e+00   0.000000e+00   0.000000e+00   0.000000e+00
            118   5.719680e+07      1.0000000      0.0000000   5.683000e+26   0.000000e+00   5.683000e+26   0.000000e+00   0.000000e+00   0.000000e+00   0.000000e+00   0.000000e+00   0.000000e+00   4.620277e+23   0.000000e+00  -9.246502e+23   0.000000e+00   0.000000e+00   7.479894e+12   7.479894e+12   7.479894e+12  -1.603735e+18   1.315458e+19   0.000000e+00  -9.839487e+31  -1.199577e+31   1.346655e+33   0.000000e+00   0.000000e+00   0.000000e+00   0.000000e+00   0.000000e+00   0.000000e+00   0.000000e+00   0.000000e+00   0.000000e+00   0.000000e+00   0.000000e+00   0.000000e+00   0.000000e+00
            119   5.728320e+07      1.0000000      0.0000000   5.683000e+26   0.000000e+00   5.683000e+26   0.000000e+00   0.000000e+00   0.000000e+00   0.000000e+00   0.000000e+00   0.000000e+00   4.620276e+23   0.000000e+00  -9.246502e+23   0.000000e+00   0.000000e+00   7.479894e+12   7.479894e+12   7.479894e+12  -1.603738e+18   1.315459e+19   0.000000e+00  -9.839490e+31  -1.199576e+31   1.346654e+33   0.000000e+00   0.000000e+00   0.000000e+00   0.000000e+00   0.000000e+00   0.000000e+00   0.000000e+00   0.000000e+00   0.000000e+00   0.000000e+00   0.000000e+00   0.000000e+00   0.000000e+00
            119   5.736960e+07      1.0000000      0.0000000   5.683000e+26   0.000000e+00   5.683000e+26   0.000000e+00   0.000000e+00   0.000000e+00   0.000000e+00   0.000000e+00   0.000000e+00   4.620276e+23   0.000000e+00  -9.246502e+23   0.000000e+00   0.000000e+00   7.479894e+12   7.479894e+12   7.479894e+12  -1.603739e+18   1.315458e+19   0.000000e+00  -9.839489e+31  -1.199578e+31   1.346654e+33   0.000000e+00   0.000000e+00   0.000000e+00   0.000000e+00   0.000000e+00   0.000000e+00   0.000000e+00   0.000000e+00   0.000000e+00   0.000000e+00   0.000000e+00   0.000000e+00   0.000000e+00
            119   5.745600e+07      1.0000000      0.0000000   5.683000e+26   0.000000e+00   5.683000e+26   0.000000e+00   0.000000e+00   0.000000e+00   0.000000e+00   0.000000e+00   0.000000e+00   4.620276e+23   0.000000e+00  -9.246502e+23   0.000000e+00   0.000000e+00   7.479894e+12   7.479894e+12   7.479894e+12  -1.603739e+18   1.315458e+19   0.000000e+00  -9.839489e+31  -1.199580e+31   1.346655e+33   0.000000e+00   0.000000e+00   0.000000e+00   0.000000e+00   0.000000e+00   0.000000e+00   0.000000e+00   0.000000e+00   0.000000e+00   0.000000e+00   0.000000e+00   0.000000e+00   0.000000e+00
            119   5.754240e+07      1.0000000      0.0000000   5.683000e+26   0.000000e+00   5.683000e+26   0.000000e+00   0.000000e+00   0.000000e+00   0.000000e+00   0.000000e+00   0.000000e+00   4.620276e+23   0.000000e+00  -9.246502e+23   0.000000e+00   0.000000e+00   7.479894e+12   7.479894e+12   7.479894e+12  -1.603730e+18   1.315460e+19   0.000000e+00  -9.839493e+31  -1.199580e+31   1.346655e+33   0.000000e+00   0.000000e+00   0.000000e+00   0.000000e+00   0.000000e+00   0.000000e+00   0.000000e+00   0.000000e+00   0.000000e+00   0.000000e+00   0.000000e+00   0.000000e+00   0.000000e+00
            119   5.762880e+07      1.0000000      0.0000000   5.683000e+26   0.000000e+00   5.683000e+26   0.000000e+00   0.000000e+00   0.000000e+00   0.000000e+00   0.000000e+00   0.000000e+00   4.620277e+23   0.000000e+00  -9.246502e+23   0.000000e+00   0.000000e+00   7.479894e+12   7.479894e+12   7.479894e+12  -1.603746e+18   1.315459e+19   0.000000e+00  -9.839498e+31  -1.199581e+31   1.346655e+33   0.000000e+00   0.000000e+00   0.000000e+00   0.000000e+00   0.000000e+00   0.000000e+00   0.000000e+00   0.000000e+00   0.000000e+00   0.000000e+00   0.000000e+00   0.000000e+00   0.000000e+00
            120   5.771520e+07      1.0000000      0.0000000   5.683000e+26   0.000000e+00   5.683000e+26   0.000000e+00   0.000000e+00   0.000000e+00   0.000000e+00   0.000000e+00   0.000000e+00   4.620276e+23   0.000000e+00  -9.246502e+23   0.000000e+00   0.000000e+00   7.479894e+12   7.479894e+12   7.479894e+12  -1.603742e+18   1.315458e+19   0.000000e+00  -9.839490e+31  -1.199580e+31   1.346655e+33   0.000000e+00   0.000000e+00   0.000000e+00   0.000000e+00   0.000000e+00   0.000000e+00   0.000000e+00   0.000000e+00   0.000000e+00   0.000000e+00   0.000000e+00   0.000000e+00   0.000000e+00
            120   5.780160e+07      1.0000000      0.0000000   5.683000e+26   0.000000e+00   5.683000e+26   0.000000e+00   0.000000e+00   0.000000e+00   0.000000e+00   0.000000e+00   0.000000e+00   4.620276e+23   0.000000e+00  -9.246502e+23   0.000000e+00   0.000000e+00   7.479894e+12   7.479894e+12   7.479894e+12  -1.603742e+18   1.315459e+19   0.000000e+00  -9.839488e+31  -1.199582e+31   1.346655e+33   0.000000e+00   0.000000e+00   0.000000e+00   0.000000e+00   0.000000e+00   0.000000e+00   0.000000e+00   0.000000e+00   0.000000e+00   0.000000e+00   0.000000e+00   0.000000e+00   0.000000e+00
            120   5.788800e+07      1.0000000      0.0000000   5.683000e+26   0.000000e+00   5.683000e+26   0.000000e+00   0.000000e+00   0.000000e+00   0.000000e+00   0.000000e+00   0.000000e+00   4.620276e+23   0.000000e+00  -9.246502e+23   0.000000e+00   0.000000e+00   7.479894e+12   7.479894e+12   7.479894e+12  -1.603741e+18   1.315459e+19   0.000000e+00  -9.839492e+31  -1.199575e+31   1.346655e+33   0.000000e+00   0.000000e+00   0.000000e+00   0.000000e+00   0.000000e+00   0.000000e+00   0.000000e+00   0.000000e+00   0.000000e+00   0.000000e+00   0.000000e+00   0.000000e+00   0.000000e+00
            120   5.797440e+07      1.0000000      0.0000000   5.683000e+26   0.000000e+00   5.683000e+26   0.000000e+00   0.000000e+00   0.000000e+00   0.000000e+00   0.000000e+00   0.000000e+00   4.620276e+23   0.000000e+00  -9.246502e+23   0.000000e+00   0.000000e+00   7.479894e+12   7.479894e+12   7.479894e+12  -1.603731e+18   1.315459e+19   0.000000e+00  -9.839496e+31  -1.199572e+31   1.346655e+33   0.000000e+00   0.000000e+00   0.000000e+00   0.000000e+00   0.000000e+00   0.000000e+00   0.000000e+00   0.000000e+00   0.000000e+00   0.000000e+00   0.000000e+00   0.000000e+00   0.000000e+00
            120   5.806080e+07      1.0000000      0.0000000   5.683000e+26   0.000000e+00   5.683000e+26   0.000000e+00   0.000000e+00   0.000000e+00   0.000000e+00   0.000000e+00   0.000000e+00   4.620276e+23   0.000000e+00  -9.246502e+23   0.000000e+00   0.000000e+00   7.479894e+12   7.479894e+12   7.479894e+12  -1.603734e+18   1.315458e+19   0.000000e+00  -9.839493e+31  -1.199573e+31   1.346655e+33   0.000000e+00   0.000000e+00   0.000000e+00   0.000000e+00   0.000000e+00   0.000000e+00   0.000000e+00   0.000000e+00   0.000000e+00   0.000000e+00   0.000000e+00   0.000000e+00   0.000000e+00
            120   5.814720e+07      1.0000000      0.0000000   5.683000e+26   0.000000e+00   5.683000e+26   0.000000e+00   0.000000e+00   0.000000e+00   0.000000e+00   0.000000e+00   0.000000e+00   4.620277e+23   0.000000e+00  -9.246502e+23   0.000000e+00   0.000000e+00   7.479894e+12   7.479894e+12   7.479894e+12  -1.603734e+18   1.315458e+19   0.000000e+00  -9.839486e+31  -1.199579e+31   1.346655e+33   0.000000e+00   0.000000e+00   0.000000e+00   0.000000e+00   0.000000e+00   0.000000e+00   0.000000e+00   0.000000e+00   0.000000e+00   0.000000e+00   0.000000e+00   0.000000e+00   0.000000e+00
            121   5.823360e+07      1.0000000      0.0000000   5.683000e+26   0.000000e+00   5.683000e+26   0.000000e+00   0.000000e+00   0.000000e+00   0.000000e+00   0.000000e+00   0.000000e+00   4.620276e+23   0.000000e+00  -9.246502e+23   0.000000e+00   0.000000e+00   7.479894e+12   7.479894e+12   7.479894e+12  -1.603699e+18   1.315458e+19   0.000000e+00  -9.839489e+31  -1.199552e+31   1.346654e+33   0.000000e+00   0.000000e+00   0.000000e+00   0.000000e+00   0.000000e+00   0.000000e+00   0.000000e+00   0.000000e+00   0.000000e+00   0.000000e+00   0.000000e+00   0.000000e+00   0.000000e+00
            121   5.832000e+07      1.0000000      0.0000000   5.683000e+26   0.000000e+00   5.683000e+26   0.000000e+00   0.000000e+00   0.000000e+00   0.000000e+00   0.000000e+00   0.000000e+00   4.620276e+23   0.000000e+00  -9.246502e+23   0.000000e+00   0.000000e+00   7.479894e+12   7.479894e+12   7.479894e+12  -1.603716e+18   1.315457e+19   0.000000e+00  -9.839482e+31  -1.199561e+31   1.346654e+33   0.000000e+00   0.000000e+00   0.000000e+00   0.000000e+00   0.000000e+00   0.000000e+00   0.000000e+00   0.000000e+00   0.000000e+00   0.000000e+00   0.000000e+00   0.000000e+00   0.000000e+00
            121   5.840640e+07      1.0000000      0.0000000   5.683000e+26   0.000000e+00   5.683000e+26   0.000000e+00   0.000000e+00   0.000000e+00   0.000000e+00   0.000000e+00   0.000000e+00   4.620276e+23   0.000000e+00  -9.246502e+23   0.000000e+00   0.000000e+00   7.479894e+12   7.479894e+12   7.479894e+12  -1.603701e+18   1.315458e+19   0.000000e+00  -9.839483e+31  -1.199555e+31   1.346654e+33   0.000000e+00   0.000000e+00   0.000000e+00   0.000000e+00   0.000000e+00   0.000000e+00   0.000000e+00   0.000000e+00   0.000000e+00   0.000000e+00   0.000000e+00   0.000000e+00   0.000000e+00
            121   5.849280e+07      1.0000000      0.0000000   5.683000e+26   0.000000e+00   5.683000e+26   0.000000e+00   0.000000e+00   0.000000e+00   0.000000e+00   0.000000e+00   0.000000e+00   4.620277e+23   0.000000e+00  -9.246502e+23   0.000000e+00   0.000000e+00   7.479894e+12   7.479894e+12   7.479894e+12  -1.603701e+18   1.315457e+19   0.000000e+00  -9.839478e+31  -1.199548e+31   1.346654e+33   0.000000e+00   0.000000e+00   0.000000e+00   0.000000e+00   0.000000e+00   0.000000e+00   0.000000e+00   0.000000e+00   0.000000e+00   0.000000e+00   0.000000e+00   0.000000e+00   0.000000e+00
            121   5.857920e+07      1.0000000      0.0000000   5.683000e+26   0.000000e+00   5.683000e+26   0.000000e+00   0.000000e+00   0.000000e+00   0.000000e+00   0.000000e+00   0.000000e+00   4.620277e+23   0.000000e+00  -9.246502e+23   0.000000e+00   0.000000e+00   7.479894e+12   7.479894e+12   7.479894e+12  -1.603693e+18   1.315458e+19   0.000000e+00  -9.839482e+31  -1.199548e+31   1.346654e+33   0.000000e+00   0.000000e+00   0.000000e+00   0.000000e+00   0.000000e+00   0.000000e+00   0.000000e+00   0.000000e+00   0.000000e+00   0.000000e+00   0.000000e+00   0.000000e+00   0.000000e+00
            122   5.866560e+07      1.0000000      0.0000000   5.683000e+26   0.000000e+00   5.683000e+26   0.000000e+00   0.000000e+00   0.000000e+00   0.000000e+00   0.000000e+00   0.000000e+00   4.620276e+23   0.000000e+00  -9.246503e+23   0.000000e+00   0.000000e+00   7.479894e+12   7.479894e+12   7.479894e+12  -1.603717e+18   1.315458e+19   0.000000e+00  -9.839484e+31  -1.199560e+31   1.346654e+33   0.000000e+00   0.000000e+00   0.000000e+00   0.000000e+00   0.000000e+00   0.000000e+00   0.000000e+00   0.000000e+00   0.000000e+00   0.000000e+00   0.000000e+00   0.000000e+00   0.000000e+00
            122   5.875200e+07      1.0000000      0.0000000   5.683000e+26   0.000000e+00   5.683000e+26   0.000000e+00   0.000000e+00   0.000000e+00   0.000000e+00   0.000000e+00   0.000000e+00   4.620276e+23   0.000000e+00  -9.246503e+23   0.000000e+00   0.000000e+00   7.479894e+12   7.479894e+12   7.479894e+12  -1.603706e+18   1.315458e+19   0.000000e+00  -9.839487e+31  -1.199557e+31   1.346654e+33   0.000000e+00   0.000000e+00   0.000000e+00   0.000000e+00   0.000000e+00   0.000000e+00   0.000000e+00   0.000000e+00   0.000000e+00   0.000000e+00   0.000000e+00   0.000000e+00   0.000000e+00
            122   5.883840e+07      1.0000000      0.0000000   5.683000e+26   0.000000e+00   5.683000e+26   0.000000e+00   0.000000e+00   0.000000e+00   0.000000e+00   0.000000e+00   0.000000e+00   4.620277e+23   0.000000e+00  -9.246503e+23   0.000000e+00   0.000000e+00   7.479894e+12   7.479894e+12   7.479894e+12  -1.603726e+18   1.315457e+19   0.000000e+00  -9.839481e+31  -1.199565e+31   1.346654e+33   0.000000e+00   0.000000e+00   0.000000e+00   0.000000e+00   0.000000e+00   0.000000e+00   0.000000e+00   0.000000e+00   0.000000e+00   0.000000e+00   0.000000e+00   0.000000e+00   0.000000e+00
            122   5.892480e+07      1.0000000      0.0000000   5.683000e+26   0.000000e+00   5.683000e+26   0.000000e+00   0.000000e+00   0.000000e+00   0.000000e+00   0.000000e+00   0.000000e+00   4.620277e+23   0.000000e+00  -9.246503e+23   0.000000e+00   0.000000e+00   7.479894e+12   7.479894e+12   7.479894e+12  -1.603710e+18   1.315455e+19   0.000000e+00  -9.839471e+31  -1.199560e+31   1.346654e+33   0.000000e+00   0.000000e+00   0.000000e+00   0.000000e+00   0.000000e+00   0.000000e+00   0.000000e+00   0.000000e+00   0.000000e+00   0.000000e+00   0.000000e+00   0.000000e+00   0.000000e+00
            122   5.901120e+07      1.0000000      0.0000000   5.683000e+26   0.000000e+00   5.683000e+26   0.000000e+00   0.000000e+00   0.000000e+00   0.000000e+00   0.000000e+00   0.000000e+00   4.620277e+23   0.000000e+00  -9.246503e+23   0.000000e+00   0.000000e+00   7.479894e+12   7.479894e+12   7.479894e+12  -1.603724e+18   1.315457e+19   0.000000e+00  -9.839481e+31  -1.199564e+31   1.346654e+33   0.000000e+00   0.000000e+00   0.000000e+00   0.000000e+00   0.000000e+00   0.000000e+00   0.000000e+00   0.000000e+00   0.000000e+00   0.000000e+00   0.000000e+00   0.000000e+00   0.000000e+00
            122   5.909760e+07      1.0000000      0.0000000   5.683000e+26   0.000000e+00   5.683000e+26   0.000000e+00   0.000000e+00   0.000000e+00   0.000000e+00   0.000000e+00   0.000000e+00   4.620277e+23   0.000000e+00  -9.246503e+23   0.000000e+00   0.000000e+00   7.479894e+12   7.479894e+12   7.479894e+12  -1.603712e+18   1.315458e+19   0.000000e+00  -9.839484e+31  -1.199557e+31   1.346654e+33   0.000000e+00   0.000000e+00   0.000000e+00   0.000000e+00   0.000000e+00   0.000000e+00   0.000000e+00   0.000000e+00   0.000000e+00   0.000000e+00   0.000000e+00   0.000000e+00   0.000000e+00
            123   5.918400e+07      1.0000000      0.0000000   5.683000e+26   0.000000e+00   5.683000e+26   0.000000e+00   0.000000e+00   0.000000e+00   0.000000e+00   0.000000e+00   0.000000e+00   4.620277e+23   0.000000e+00  -9.246503e+23   0.000000e+00   0.000000e+00   7.479894e+12   7.479894e+12   7.479894e+12  -1.603737e+18   1.315456e+19   0.000000e+00  -9.839470e+31  -1.199578e+31   1.346654e+33   0.000000e+00   0.000000e+00   0.000000e+00   0.000000e+00   0.000000e+00   0.000000e+00   0.000000e+00   0.000000e+00   0.000000e+00   0.000000e+00   0.000000e+00   0.000000e+00   0.000000e+00
            123   5.927040e+07      1.0000000      0.0000000   5.683000e+26   0.000000e+00   5.683000e+26   0.000000e+00   0.000000e+00   0.000000e+00   0.000000e+00   0.000000e+00   0.000000e+00   4.620277e+23   0.000000e+00  -9.246503e+23   0.000000e+00   0.000000e+00   7.479894e+12   7.479894e+12   7.479894e+12  -1.603723e+18   1.315454e+19   0.000000e+00  -9.839463e+31  -1.199570e+31   1.346654e+33   0.000000e+00   0.000000e+00   0.000000e+00   0.000000e+00   0.000000e+00   0.000000e+00   0.000000e+00   0.000000e+00   0.000000e+00   0.000000e+00   0.000000e+00   0.000000e+00   0.000000e+00
            123   5.935680e+07      1.0000000      0.0000000   5.683000e+26   0.000000e+00   5.683000e+26   0.000000e+00   0.000000e+00   0.000000e+00   0.000000e+00   0.000000e+00   0.000000e+00   4.620277e+23   0.000000e+00  -9.246503e+23   0.000000e+00   0.000000e+00   7.479894e+12   7.479894e+12   7.479894e+12  -1.603729e+18   1.315456e+19   0.000000e+00  -9.839468e+31  -1.199576e+31   1.346654e+33   0.000000e+00   0.000000e+00   0.000000e+00   0.000000e+00   0.000000e+00   0.000000e+00   0.000000e+00   0.000000e+00   0.000000e+00   0.000000e+00   0.000000e+00   0.000000e+00   0.000000e+00
            123   5.944320e+07      1.0000000      0.0000000   5.683000e+26   0.000000e+00   5.683000e+26   0.000000e+00   0.000000e+00   0.000000e+00   0.000000e+00   0.000000e+00   0.000000e+00   4.620277e+23   0.000000e+00  -9.246503e+23   0.000000e+00   0.000000e+00   7.479894e+12   7.479894e+12   7.479894e+12  -1.603717e+18   1.315455e+19   0.000000e+00  -9.839464e+31  -1.199566e+31   1.346654e+33   0.000000e+00   0.000000e+00   0.000000e+00   0.000000e+00   0.000000e+00   0.000000e+00   0.000000e+00   0.000000e+00   0.000000e+00   0.000000e+00   0.000000e+00   0.000000e+00   0.000000e+00
            123   5.952960e+07      1.0000000      0.0000000   5.683000e+26   0.000000e+00   5.683000e+26   0.000000e+00   0.000000e+00   0.000000e+00   0.000000e+00   0.000000e+00   0.000000e+00   4.620277e+23   0.000000e+00  -9.246503e+23   0.000000e+00   0.000000e+00   7.479894e+12   7.479894e+12   7.479894e+12  -1.603737e+18   1.315456e+19   0.000000e+00  -9.839467e+31  -1.199579e+31   1.346654e+33   0.000000e+00   0.000000e+00   0.000000e+00   0.000000e+00   0.000000e+00   0.000000e+00   0.000000e+00   0.000000e+00   0.000000e+00   0.000000e+00   0.000000e+00   0.000000e+00   0.000000e+00
            124   5.961600e+07      1.0000000      0.0000000   5.683000e+26   0.000000e+00   5.683000e+26   0.000000e+00   0.000000e+00   0.000000e+00   0.000000e+00   0.000000e+00   0.000000e+00   4.620277e+23   0.000000e+00  -9.246503e+23   0.000000e+00   0.000000e+00   7.479894e+12   7.479894e+12   7.479894e+12  -1.603736e+18   1.315456e+19   0.000000e+00  -9.839464e+31  -1.199580e+31   1.346654e+33   0.000000e+00   0.000000e+00   0.000000e+00   0.000000e+00   0.000000e+00   0.000000e+00   0.000000e+00   0.000000e+00   0.000000e+00   0.000000e+00   0.000000e+00   0.000000e+00   0.000000e+00
            124   5.970240e+07      1.0000000      0.0000000   5.683000e+26   0.000000e+00   5.683000e+26   0.000000e+00   0.000000e+00   0.000000e+00   0.000000e+00   0.000000e+00   0.000000e+00   4.620277e+23   0.000000e+00  -9.246503e+23   0.000000e+00   0.000000e+00   7.479894e+12   7.479894e+12   7.479894e+12  -1.603738e+18   1.315455e+19   0.000000e+00  -9.839466e+31  -1.199571e+31   1.346654e+33   0.000000e+00   0.000000e+00   0.000000e+00   0.000000e+00   0.000000e+00   0.000000e+00   0.000000e+00   0.000000e+00   0.000000e+00   0.000000e+00   0.000000e+00   0.000000e+00   0.000000e+00
            124   5.978880e+07      1.0000000      0.0000000   5.683000e+26   0.000000e+00   5.683000e+26   0.000000e+00   0.000000e+00   0.000000e+00   0.000000e+00   0.000000e+00   0.000000e+00   4.620277e+23   0.000000e+00  -9.246503e+23   0.000000e+00   0.000000e+00   7.479894e+12   7.479894e+12   7.479894e+12  -1.603752e+18   1.315456e+19   0.000000e+00  -9.839472e+31  -1.199584e+31   1.346654e+33   0.000000e+00   0.000000e+00   0.000000e+00   0.000000e+00   0.000000e+00   0.000000e+00   0.000000e+00   0.000000e+00   0.000000e+00   0.000000e+00   0.000000e+00   0.000000e+00   0.000000e+00
            124   5.987520e+07      1.0000000      0.0000000   5.683000e+26   0.000000e+00   5.683000e+26   0.000000e+00   0.000000e+00   0.000000e+00   0.000000e+00   0.000000e+00   0.000000e+00   4.620277e+23   0.000000e+00  -9.246503e+23   0.000000e+00   0.000000e+00   7.479894e+12   7.479894e+12   7.479894e+12  -1.603730e+18   1.315454e+19   0.000000e+00  -9.839459e+31  -1.199572e+31   1.346654e+33   0.000000e+00   0.000000e+00   0.000000e+00   0.000000e+00   0.000000e+00   0.000000e+00   0.000000e+00   0.000000e+00   0.000000e+00   0.000000e+00   0.000000e+00   0.000000e+00   0.000000e+00
            124   5.996160e+07      1.0000000      0.0000000   5.683000e+26   0.000000e+00   5.683000e+26   0.000000e+00   0.000000e+00   0.000000e+00   0.000000e+00   0.000000e+00   0.000000e+00   4.620277e+23   0.000000e+00  -9.246503e+23   0.000000e+00   0.000000e+00   7.479894e+12   7.479894e+12   7.479894e+12  -1.603746e+18   1.315456e+19   0.000000e+00  -9.839471e+31  -1.199583e+31   1.346654e+33   0.000000e+00   0.000000e+00   0.000000e+00   0.000000e+00   0.000000e+00   0.000000e+00   0.000000e+00   0.000000e+00   0.000000e+00   0.000000e+00   0.000000e+00   0.000000e+00   0.000000e+00
            124   6.004800e+07      1.0000000      0.0000000   5.683000e+26   0.000000e+00   5.683000e+26   0.000000e+00   0.000000e+00   0.000000e+00   0.000000e+00   0.000000e+00   0.000000e+00   4.620277e+23   0.000000e+00  -9.246503e+23   0.000000e+00   0.000000e+00   7.479894e+12   7.479894e+12   7.479894e+12  -1.603732e+18   1.315455e+19   0.000000e+00  -9.839462e+31  -1.199573e+31   1.346654e+33   0.000000e+00   0.000000e+00   0.000000e+00   0.000000e+00   0.000000e+00   0.000000e+00   0.000000e+00   0.000000e+00   0.000000e+00   0.000000e+00   0.000000e+00   0.000000e+00   0.000000e+00
            125   6.013440e+07      1.0000000      0.0000000   5.683000e+26   0.000000e+00   5.683000e+26   0.000000e+00   0.000000e+00   0.000000e+00   0.000000e+00   0.000000e+00   0.000000e+00   4.620277e+23   0.000000e+00  -9.246503e+23   0.000000e+00   0.000000e+00   7.479894e+12   7.479894e+12   7.479894e+12  -1.603715e+18   1.315456e+19   0.000000e+00  -9.839464e+31  -1.199561e+31   1.346654e+33   0.000000e+00   0.000000e+00   0.000000e+00   0.000000e+00   0.000000e+00   0.000000e+00   0.000000e+00   0.000000e+00   0.000000e+00   0.000000e+00   0.000000e+00   0.000000e+00   0.000000e+00
            125   6.022080e+07      1.0000000      0.0000000   5.683000e+26   0.000000e+00   5.683000e+26   0.000000e+00   0.000000e+00   0.000000e+00   0.000000e+00   0.000000e+00   0.000000e+00   4.620277e+23   0.000000e+00  -9.246503e+23   0.000000e+00   0.000000e+00   7.479894e+12   7.479894e+12   7.479894e+12  -1.603705e+18   1.315456e+19   0.000000e+00  -9.839471e+31  -1.199551e+31   1.346654e+33   0.000000e+00   0.000000e+00   0.000000e+00   0.000000e+00   0.000000e+00   0.000000e+00   0.000000e+00   0.000000e+00   0.000000e+00   0.000000e+00   0.000000e+00   0.000000e+00   0.000000e+00
            125   6.030720e+07      1.0000000      0.0000000   5.683000e+26   0.000000e+00   5.683000e+26   0.000000e+00   0.000000e+00   0.000000e+00   0.000000e+00   0.000000e+00   0.000000e+00   4.620277e+23   0.000000e+00  -9.246503e+23   0.000000e+00   0.000000e+00   7.479894e+12   7.479894e+12   7.479894e+12  -1.603704e+18   1.315456e+19   0.000000e+00  -9.839466e+31  -1.199557e+31   1.346654e+33   0.000000e+00   0.000000e+00   0.000000e+00   0.000000e+00   0.000000e+00   0.000000e+00   0.000000e+00   0.000000e+00   0.000000e+00   0.000000e+00   0.000000e+00   0.000000e+00   0.000000e+00
            125   6.039360e+07      1.0000000      0.0000000   5.683000e+26   0.000000e+00   5.683000e+26   0.000000e+00   0.000000e+00   0.000000e+00   0.000000e+00   0.000000e+00   0.000000e+00   4.620277e+23   0.000000e+00  -9.246503e+23   0.000000e+00   0.000000e+00   7.479894e+12   7.479894e+12   7.479894e+12  -1.603717e+18   1.315455e+19   0.000000e+00  -9.839459e+31  -1.199563e+31   1.346654e+33   0.000000e+00   0.000000e+00   0.000000e+00   0.000000e+00   0.000000e+00   0.000000e+00   0.000000e+00   0.000000e+00   0.000000e+00   0.000000e+00   0.000000e+00   0.000000e+00   0.000000e+00
            125   6.048000e+07      1.0000000      0.0000000   5.683000e+26   0.000000e+00   5.683000e+26   0.000000e+00   0.000000e+00   0.000000e+00   0.000000e+00   0.000000e+00   0.000000e+00   4.620277e+23   0.000000e+00  -9.246503e+23   0.000000e+00   0.000000e+00   7.479894e+12   7.479894e+12   7.479894e+12  -1.603715e+18   1.315454e+19   0.000000e+00  -9.839461e+31  -1.199561e+31   1.346654e+33   0.000000e+00   0.000000e+00   0.000000e+00   0.000000e+00   0.000000e+00   0.000000e+00   0.000000e+00   0.000000e+00   0.000000e+00   0.000000e+00   0.000000e+00   0.000000e+00   0.000000e+00
            125   6.056640e+07      1.0000000      0.0000000   5.683000e+26   0.000000e+00   5.683000e+26   0.000000e+00   0.000000e+00   0.000000e+00   0.000000e+00   0.000000e+00   0.000000e+00   4.620278e+23   0.000000e+00  -9.246503e+23   0.000000e+00   0.000000e+00   7.479894e+12   7.479894e+12   7.479894e+12  -1.603712e+18   1.315456e+19   0.000000e+00  -9.839463e+31  -1.199562e+31   1.346654e+33   0.000000e+00   0.000000e+00   0.000000e+00   0.000000e+00   0.000000e+00   0.000000e+00   0.000000e+00   0.000000e+00   0.000000e+00   0.000000e+00   0.000000e+00   0.000000e+00   0.000000e+00
            126   6.065280e+07      1.0000000      0.0000000   5.683000e+26   0.000000e+00   5.683000e+26   0.000000e+00   0.000000e+00   0.000000e+00   0.000000e+00   0.000000e+00   0.000000e+00   4.620277e+23   0.000000e+00  -9.246503e+23   0.000000e+00   0.000000e+00   7.479894e+12   7.479894e+12   7.479894e+12  -1.603688e+18   1.315457e+19   0.000000e+00  -9.839472e+31  -1.199549e+31   1.346654e+33   0.000000e+00   0.000000e+00   0.000000e+00   0.000000e+00   0.000000e+00   0.000000e+00   0.000000e+00   0.000000e+00   0.000000e+00   0.000000e+00   0.000000e+00   0.000000e+00   0.000000e+00
            126   6.073920e+07      1.0000000      0.0000000   5.683000e+26   0.000000e+00   5.683000e+26   0.000000e+00   0.000000e+00   0.000000e+00   0.000000e+00   0.000000e+00   0.000000e+00   4.620277e+23   0.000000e+00  -9.246503e+23   0.000000e+00   0.000000e+00   7.479894e+12   7.479894e+12   7.479894e+12  -1.603706e+18   1.315456e+19   0.000000e+00  -9.839466e+31  -1.199547e+31   1.346654e+33   0.000000e+00   0.000000e+00   0.000000e+00   0.000000e+00   0.000000e+00   0.000000e+00   0.000000e+00   0.000000e+00   0.000000e+00   0.000000e+00   0.000000e+00   0.000000e+00   0.000000e+00
            126   6.082560e+07      1.0000000      0.0000000   5.683000e+26   0.000000e+00   5.683000e+26   0.000000e+00   0.000000e+00   0.000000e+00   0.000000e+00   0.000000e+00   0.000000e+00   4.620277e+23   0.000000e+00  -9.246503e+23   0.000000e+00   0.000000e+00   7.479894e+12   7.479894e+12   7.479894e+12  -1.603703e+18   1.315456e+19   0.000000e+00  -9.839474e+31  -1.199550e+31   1.346654e+33   0.000000e+00   0.000000e+00   0.000000e+00   0.000000e+00   0.000000e+00   0.000000e+00   0.000000e+00   0.000000e+00   0.000000e+00   0.000000e+00   0.000000e+00   0.000000e+00   0.000000e+00
            126   6.091200e+07      1.0000000      0.0000000   5.683000e+26   0.000000e+00   5.683000e+26   0.000000e+00   0.000000e+00   0.000000e+00   0.000000e+00   0.000000e+00   0.000000e+00   4.620277e+23   0.000000e+00  -9.246503e+23   0.000000e+00   0.000000e+00   7.479894e+12   7.479894e+12   7.479894e+12  -1.603684e+18   1.315457e+19   0.000000e+00  -9.839478e+31  -1.199542e+31   1.346654e+33   0.000000e+00   0.000000e+00   0.000000e+00   0.000000e+00   0.000000e+00   0.000000e+00   0.000000e+00   0.000000e+00   0.000000e+00   0.000000e+00   0.000000e+00   0.000000e+00   0.000000e+00
            126   6.099840e+07      1.0000000      0.0000000   5.683000e+26   0.000000e+00   5.683000e+26   0.000000e+00   0.000000e+00   0.000000e+00   0.000000e+00   0.000000e+00   0.000000e+00   4.620278e+23   0.000000e+00  -9.246503e+23   0.000000e+00   0.000000e+00   7.479894e+12   7.479894e+12   7.479894e+12  -1.603698e+18   1.315457e+19   0.000000e+00  -9.839474e+31  -1.199550e+31   1.346654e+33   0.000000e+00   0.000000e+00   0.000000e+00   0.000000e+00   0.000000e+00   0.000000e+00   0.000000e+00   0.000000e+00   0.000000e+00   0.000000e+00   0.000000e+00   0.000000e+00   0.000000e+00
            127   6.108480e+07      1.0000000      0.0000000   5.683000e+26   0.000000e+00   5.683000e+26   0.000000e+00   0.000000e+00   0.000000e+00   0.000000e+00   0.000000e+00   0.000000e+00   4.620277e+23   0.000000e+00  -9.246503e+23   0.000000e+00   0.000000e+00   7.479894e+12   7.479894e+12   7.479894e+12  -1.603702e+18   1.315456e+19   0.000000e+00  -9.839466e+31  -1.199555e+31   1.346654e+33   0.000000e+00   0.000000e+00   0.000000e+00   0.000000e+00   0.000000e+00   0.000000e+00   0.000000e+00   0.000000e+00   0.000000e+00   0.000000e+00   0.000000e+00   0.000000e+00   0.000000e+00
            127   6.117120e+07      1.0000000      0.0000000   5.683000e+26   0.000000e+00   5.683000e+26   0.000000e+00   0.000000e+00   0.000000e+00   0.000000e+00   0.000000e+00   0.000000e+00   4.620277e+23   0.000000e+00  -9.246503e+23   0.000000e+00   0.000000e+00   7.479894e+12   7.479894e+12   7.479894e+12  -1.603703e+18   1.315455e+19   0.000000e+00  -9.839466e+31  -1.199554e+31   1.346654e+33   0.000000e+00   0.000000e+00   0.000000e+00   0.000000e+00   0.000000e+00   0.000000e+00   0.000000e+00   0.000000e+00   0.000000e+00   0.000000e+00   0.000000e+00   0.000000e+00   0.000000e+00
            127   6.125760e+07      1.0000000      0.0000000   5.683000e+26   0.000000e+00   5.683000e+26   0.000000e+00   0.000000e+00   0.000000e+00   0.000000e+00   0.000000e+00   0.000000e+00   4.620277e+23   0.000000e+00  -9.246503e+23   0.000000e+00   0.000000e+00   7.479894e+12   7.479894e+12   7.479894e+12  -1.603702e+18   1.315456e+19   0.000000e+00  -9.839470e+31  -1.199552e+31   1.346654e+33   0.000000e+00   0.000000e+00   0.000000e+00   0.000000e+00   0.000000e+00   0.000000e+00   0.000000e+00   0.000000e+00   0.000000e+00   0.000000e+00   0.000000e+00   0.000000e+00   0.000000e+00
            127   6.134400e+07      1.0000000      0.0000000   5.683000e+26   0.000000e+00   5.683000e+26   0.000000e+00   0.000000e+00   0.000000e+00   0.000000e+00   0.000000e+00   0.000000e+00   4.620277e+23   0.000000e+00  -9.246503e+23   0.000000e+00   0.000000e+00   7.479894e+12   7.479894e+12   7.479894e+12  -1.603695e+18   1.315455e+19   0.000000e+00  -9.839470e+31  -1.199553e+31   1.346654e+33   0.000000e+00   0.000000e+00   0.000000e+00   0.000000e+00   0.000000e+00   0.000000e+00   0.000000e+00   0.000000e+00   0.000000e+00   0.000000e+00   0.000000e+00   0.000000e+00   0.000000e+00
            127   6.143040e+07      1.0000000      0.0000000   5.683000e+26   0.000000e+00   5.683000e+26   0.000000e+00   0.000000e+00   0.000000e+00   0.000000e+00   0.000000e+00   0.000000e+00   4.620277e+23   0.000000e+00  -9.246503e+23   0.000000e+00   0.000000e+00   7.479894e+12   7.479894e+12   7.479894e+12  -1.603709e+18   1.315455e+19   0.000000e+00  -9.839464e+31  -1.199553e+31   1.346654e+33   0.000000e+00   0.000000e+00   0.000000e+00   0.000000e+00   0.000000e+00   0.000000e+00   0.000000e+00   0.000000e+00   0.000000e+00   0.000000e+00   0.000000e+00   0.000000e+00   0.000000e+00
            127   6.151680e+07      1.0000000      0.0000000   5.683000e+26   0.000000e+00   5.683000e+26   0.000000e+00   0.000000e+00   0.000000e+00   0.000000e+00   0.000000e+00   0.000000e+00   4.620278e+23   0.000000e+00  -9.246503e+23   0.000000e+00   0.000000e+00   7.479894e+12   7.479894e+12   7.479894e+12  -1.603719e+18   1.315455e+19   0.000000e+00  -9.839471e+31  -1.199561e+31   1.346654e+33   0.000000e+00   0.000000e+00   0.000000e+00   0.000000e+00   0.000000e+00   0.000000e+00   0.000000e+00   0.000000e+00   0.000000e+00   0.000000e+00   0.000000e+00   0.000000e+00   0.000000e+00
            129   6.153600e+07      1.0000000      0.0000000   5.683000e+26   0.000000e+00   5.683000e+26   0.000000e+00   0.000000e+00   0.000000e+00   0.000000e+00   0.000000e+00   0.000000e+00   4.620278e+23   0.000000e+00  -9.246503e+23   0.000000e+00   0.000000e+00   7.479894e+12   7.479894e+12   7.479894e+12  -1.603684e+18   1.315458e+19   0.000000e+00  -9.839483e+31  -1.199538e+31   1.346654e+33   0.000000e+00   0.000000e+00   0.000000e+00   0.000000e+00   0.000000e+00   0.000000e+00   0.000000e+00   0.000000e+00   0.000000e+00   0.000000e+00   0.000000e+00   0.000000e+00   0.000000e+00
